pl.planmieszkania.android,3.6.1,4,1
com.triologic.jewelflowpro.hunnar,2022.3.0,4,1
com.miame.salonmakeover,1.0,4,1
com.syqel.hz_player,1.0.4,4,1
com.regzi.radiodomapp,1.46,4,1
com.choiceofgames.sorceryisforsaps,1.1.4,4,1
com.trainerize.aklifestyleandfitness,7.62.0,4,1
com.sffire.mobilebanking,4005.5.1,4,1
com.jackjohn.filmdirector,1.0.0,4,1
com.elephantgames.cristmasstories7,1.0.11,4,1
com.advasoft.touchretouch,5.0,4,1
com.veridiandynamics.autoInventoryPro,1.5.3,4,1
com.msubaih.miyuxingzhe,1,4,1
ch.banana.banana8,10.0.8,4,1
com.studibucks.pastpapers.past_paper_app_official,1.0.0,4,1
com.drinksmeter.alcohol,3.1.9,4,1
com.sawgrow.hr,1.8.2,4,1
com.funcamerastudio.videomaker,5.6.3,4,1
com.yamsol.corporate.internal,1.1,4,1
video.josephz.com,10.7,4,0
com.trainerize.mickyparkerfitness,7.33.0,4,1
com.leoapps.cameraremoteround,1.7.11,4,1
com.thirdflix.practically,3.0.2,4,1
com.risesoftware.sixthstreet,23.01.200,4,1
com.abb.welcome,3.9.16,4,1
com.mediacube.mc_pay,1.6.7,4,1
com.wireless1apps.ecohealthproiv,1.0,4,1
com.alwaysmouse,2.61,4,1
com.videodownloader.unlimitedproxy,1.1.4,4,1
com.bhappdevelopment.ryanjohnstona,Ryan Johnston PT 13.1.0,4,0
com.candelalabs.devbytes,1.7.3,4,1
com.tourstoriesapp.dpp,2.6.0+001,4,1
com.yinzcam.ahl.monsters,1.0.6,4,1
dev.jm.sktunnelvip,4.0.,4,1
com.playshoo.texaspoker.romania,12.0.101,4,1
org.openbeautyfacts.scanner,3.6.6,4,1
com.ma.ld.dict.electrical,1.3.6,4,1
com.lionscribe.hebdate,Varies with device,4,1
com.mfeg.pureenergygo,2.0.6,4,1
com.trainerize.armoredheat,7.62.0,4,1
com.grmobi.topvip,4.9.2,4,0
com.juniorise.spooky,1.4.0,4,1
videoplayer.musicplayer.mediaplayer,2.0.4,4,1
org.xiaoji001.app,1.8.3,4,1
studio.genius.reapartment,3.0.20,4,1
com.mfiles.mobile,5.0.1,4,1
topstory.fiction.novel,2.6.5,4,1
best.status.quotes.whatsapp,36.0,4,1
com.hexwar.nuts,1.7,4,1
pk.gov.punjab.consumercourt,1.0.1,4,1
com.mashreq.NeoApp,3.3.57,4,1
com.yesgnome.cricketclash,3.0.2,4,1
com.mfeg.peplay,1.1.1,4,1
com.promperu.brochure,1.0,4,1
com.virtualregatta,5.0.9,4,1
com.nityaswarupwallpaper.musicrapbeatmaker,4.0,4,1
hells.cooking.crazy.chef.burger.kitchen.fever.food,1.290,4,1
com.aschwartz.flatwhite,2.3.0,4,1
com.eduven.cg.newzealand,2.0.7,4,1
com.bewe.app236,1.160.1126,4,1
com.onemoby.predictive,1.0.10,4,1
com.insurer.app.insureinvest,1.8,4,1
com.grabtaxi.driver2,5.263.0,4,1
com.forefo.high_heels_for_women,1.3.2,4,1
com.azercell.ss.app,2.0.11,4,1
com.videomaker.postermaker,60.0,4,1
com.pg.hunters.partners,1.19,4,1
com.cooyostudio.marble.blast.friends,1.3.1,4,1
com.customchurchapps.allpeoplechurchbangalore,2.0,4,1
com.bk.videotogif,0.3.8,4,1
com.Roxley.SantoriniGame,1.121,4,1
com.music.player.mp3player.white,Varies with device,4,1
com.mfcwl.dasweltauto.aapsc,1.5,4,1
co.iron.kxqiu,1.4.64.9,4,1
com.multcloud.mobile,1.0.1,4,1
com.tommo.nggpepj1,Varies with device,4,1
com.saywhat.norbrookUkRoi,1.1,4,1
com.bullition.connect,1.1.3.95,4,1
com.northdevapp.danishzehenwallpaperhd,7.0,4,1
com.anydesk.anydeskandroid,6.6.0,4,1
uk.org.stem4.calmharm,5.1.3,4,1
com.susankya.mounteverest,1.0.3,4,1
com.OwnGames.OwnSuperSquad,2.2.0,4,1
com.glu.ewarriors4,1.3.0,4,1
com.flypeach.flypeach,2.3.1,4,1
com.meandmygolf.meandmygolf,1.2.1,4,1
com.g6e74e1e86b5,1.0.21,4,1
com.goodbarber.dk00,1.0,4,1
com.sunglasses.editingapp,1.1,4,1
xyz.fabent.btsrm,1.2.6,4,1
app.on.radio.bcn,2.0.0,4,1
com.ba.gigHealth,1.4.0,4,1
com.gayoincgames.mariabecerrahoptiles,1.1,4,1
com.quick18.bearcreektx,2.11.0,4,1
putio.client.android,1.5.4.7,4,1
com.softologics.tfmonitor,2.3,4,1
com.app_mindfulness,1.1,4,1
com.testbook.tbapp.digitalmarketingcourse,6.10.8-digitalmarketingcourse,4,1
com.attensi.hjelpehandanologinhjelpehanda,0.97,4,1
com.aktifbank.passo,2.6.7,4,1
com.mentionlytics.app,3.1.2,4,1
com.soundjabber.vomitsounds.vomitringtone,4.0,4,1
com.tangram.fleetbattle,,4,1
com.mflife.mflife,1.0.40,4,1
com.goldenpen.estore,1.2.0,4,1
rs.webdeveloper.epicentarpress,2.1.0,4,1
app.am.golf,7.2.0,4,1
de.nurnbergernachrichten.areader,2.16.0,4,1
com.zonmob.HeroLegend.KingdomDefense.EmpireWarrior,1.4.1,4,1
co.alexis.vlqml,1.4.67.2,4,1
com.subsplash.thechurchapp.s_NNSJ48,6.0.1,4,1
com.daygames.five.seconds,1.3.0,4,1
tc.wedding.at,1.0.0.2,4,1
com.selfie.hdidol.selfiewithongseongwu,1.0.81,4,1
edu.exploratorium.eclipse,1.59.8.23,4,1
co.marshal.encms,1.4.64.9,4,1
com.testbook.tbapp.isroscientistcs,6.13.17-isroscientistcs,4,1
com.uvapps.habitstracker,1.2.2,4,1
com.tech.news.apk,8.2,4,1
de.wernecapitol.android,2.9.17,4,1
com.simplysmart.service.wastemanagement,1.0.2,4,1
com.guidebook.utsadayopenhouse.android,2022.3,4,1
vn.image.blur.background,2.5.2,4,1
com.guilardi.ilovejustinbieber,8.80.2,4,1
com.guanxu.technology.ls_drone,1.0_1,4,1
org.mrognor.pycharm,0.2,4,1
com.kooapps.guesscelebandroid,1.0.6,4,1
com.bczoone_user_app,1.2,4,1
com.toocharmingtobereal.app,1.0.0,4,1
com.whova.event,8.7.9,4,1
net.kloobi.memorih,1.0.3,4,1
com.angrymobgames.muffinknight,2.0.1,4,1
com.conpak.salariestax,2.7.8,4,1
com.poferries.pandotraveller,3.0.1,4,1
com.nitrome.beneaththelighthouse,1.0.12,4,1
com.reveal.refer,1.0.8,4,1
ortm.mali.tv,3.1.0,4,1
com.mexpresstravel.app,1.0,4,1
com.betterappcompany.betterstopsuicide,1.03.0,4,1
app.activitypro.gdcoaching,1.0.0,4,1
com.apptegy.caseywest,3.8.0,4,1
com.pagesuite.droid.weeklystandard,3.0.1,4,1
com.jlstudio.radioemanuelmx,1,4,1
am.cms.leciphors.aspcal,1.2.0,4,1
com.tomtominc.candiesncurses,3.0.2.0,4,1
digifit.android.virtuagym.pro.millenniumsports,10.4.8,4,1
de.jalixdesign.bwaachen,3.2.0,4,1
com.cofox.kahunas.ThePride,1.12.5,4,1
br.com.nossaescolapb.sponte.agenda,1.4.2,4,1
com.cherrylee.tusac_multiplatform,2.0.13,4,1
com.cretorial.app,1.6.0,4,1
com.launchpad.laughscape,2.1.15,4,1
com.edugorilla.banind_po_mocktest,01.01.232,4,1
com.subsplashconsulting.s_VFX42H,6.0.1,4,1
com.merchantportal,2.9.761,4,1
com.flexxpay.android,1.14.7,4,1
com.forexlivesignals.buysellwithrobot,1.1,4,1
com.ifeanyi.grounded,2.16,4,1
com.conzentrate.learningarena.mobile.aalborgforsyning,10.10.0,4,0
it.devit.android,Varies with device,4,1
io.iftech.android.box,1.14.1,4,1
de.haufe_akademie.seminar_app,1.3.1,4,1
co.nick.ugmof,1.4.67.2,4,1
net.ays.PROD456804,1.5,4,0
com.draw.lorealpha,1.0.0,4,1
com.mobile.number.locator.phone.caller.location,4.9.12,4,1
com.interimdirect,1.3.1,4,1
com.playstation5consoleguide.ps5playstation5,1,4,1
com.natsume.hmmd_android,1.0.1,4,1
mdr.commoditiespro,1.15,4,1
com.dominigames.dr8,1.0.6,4,1
com.urbandroid.babysleep,4.6,4,1
com.elmscansoft.elmscanadaptervalidator,1.5,4,1
com.arkvida.ku0001,1.0.3,4,1
com.digitalmesh.dmdesk,1.2,4,1
com.kamal.esportlogomakerII,1.0.5,4,1
com.play.vertex.anti.terrorism.counter.strike.special.forces.shooter,1.6,4,1
com.qamar.editor.html,3.4,4,1
cz.elektrobock.EOBTSGST,1.0,4,1
com.sounds.Guineafowl,1.9,4,1
app.bookfairbuddy,1.0,4,1
jp.co.mitsubishielectric.FRConfiguratorMobile,1.1.0,4,1
me.whitebeard.kholood,5.3,4,1
no.eboks.activities,4.6.0,4,1
de.soltsoft.sportii.lite,Sport-ii Lite,4,1
ai.anime.face.filter,1.12,4,1
com.alextern.shortcuthelper,3.2.4,4,1
com.medpresso.Lonestar.miefluidselect,3.6.9,4,1
chromia.tvremote.LG,2.0,4,1
com.ashleymadison.mobile,4.12.0,4,1
com.gmmodular.iot,1.0.5,4,1
com.NetmedsMarketplace.Netmeds,8.2.50,4,1
com.toplinesa.ggforgaming,1.0.5,4,1
com.hnyakundi51.quantitavetechniquesnotes,3.0,4,1
com.navixy.xgps.tracker,3.14.1,4,1
co.april2019.cld,1.4.67.1,4,1
com.webappclouds.mchair,2.4,4,1
com.adf7ea6e08d3.app,1.0.11,4,1
com.playmous.gemcrafter,1.4.1,4,1
com.shortform.app,6.5.2,4,1
com.terracom.qrpatrolbeta,1.8.0,4,1
com.wAPNEWSTODAY_12551509,1.0,4,0
co.lenord.netqa,1.4.58.4,4,1
com.sway.enchantessence,1.0.0(7),4,1
com.appbodia.myjaenpicturedictionary,3.0,4,1
py.org.fundacionparaguaya.fupapptransacional,1.6.64,4,0
com.swmarkets.nano,2.2.0,4,1
com.horseboxsoftware.SFO,8.0.192,4,1
com.vnspeak.vbrowser,1.3,4,1
com.bdl_prod.bdl,3.10.2,4,1
com.radinc.csharpshell,2.6.32,4,1
com.tribalgroup.mycollege.wam,2022.11,4,1
com.apparpaltd.abhishek.birthdayanniversaryreminder,6.41,4,1
com.lifeok.omsainamonamah,1.6,4,1
com.neevlabs.miccpatient,2.0.4,4,1
com.ulm.iplookup,1.2.4,4,1
com.healeeMd.healeeApp,4.25.0,4,1
com.incrowdsports.football.burnley,2.4.9,4,1
com.bredir.boopsie.stcharles,2022.1.6,4,1
com.fetchadate,2.0.5,4,1
com.edictonary.Management.Dictionary,1.0,4,1
lockscreen.smartscreenlock.qouts.hdwallpapers.lockstatus.fastlockscreen,1.2.5,4,1
com.adsmaker.android,8.0,4,1
cz.appkee.elektrodycz,3.9.0,4,1
com.mypthub.ksfitnesscoaching,4.7.2,4,1
com.leadingcourses.LeadingCourses,4.2.1,4,1
org.iglesianicristo.cfo.csd.incsignlanguageapp,2.9,4,1
com.must.admissions,4.7,4,1
com.uob.mightymy,14.1.3,4,1
nstenterprises.star.trek.multilauncher,16,4,1
ifs.ra,1.171.0,4,1
com.opalastudios.beatlab,1.0.12,4,1
com.sh.shchecklist,1.0,4,1
com.ssojol.driver,1.1.4,4,0
com.advance_he_connect.app,1.0,4,1
com.pflament.WWTrackerT,1,4,1
net.mori.androsamba,7.0.11,4,1
com.soluta.ag,1.0.0,4,1
br.com.medpej.df7001dg,1.0.8,4,1
co.nick.pdrtr,1.4.64.9,4,1
com.app.abfbzlvvjpizeroxdatdkmxonuqhqyjgcnekmylwg,1.0,4,1
com.iptvservice.iptvplayer,,4,1
com.learnvietnamesewithannie.annie,1.0.6,4,1
com.xload.android,2.1.7,4,1
com.appintex.face_hair_changer.facial_makeover,1.3,4,1
bomosi.recipe.salmon,1.0.1,4,1
com.ausweather.android,Varies with device,4,1
com.dino.barca.wallpaper,1.0,4,1
com.staffcommander.staffcommander,2.1.62,4,1
com.foolsdog.robinwood,1.4.4,4,1
com.isoton.lebara,1.0.9,4,1
com.engineerica.conferencetrackerattendees,3.6.4,4,1
com.haier.globalwasher,1.8.4,4,1
com.myconnectzone.pbinkmobilestattoostudio,1.0.2,4,1
com.subsplashconsulting.s_PZSQ63,5.21.3,4,1
com.ruetgmail.pmo.esp,1.0,4,1
cn.hktool.android.action,2.8.21,4,1
com.alljobs.jobssearch,1.4.3,4,0
com.seriousfactory.vtsplayer,6.3.0,4,1
com.partsauthority,1.5,4,1
com.pickwick.musicispod,3.3,4,1
com.budgestudios.googleplay.StrawberryShortcakeIceCreamIsland,2021.2.0,4,1
com.sisystems.Sisystems,2.4,4,1
com.BiGameStudio.Shooter3D,3.8,4,1
com.SmithsonianInstitute.ReachAcrossTheStars,3.0,4,1
com.sorensen.pnc,17.02,4,1
es.aroundpixels.hsk2lite,9.5.0,4,1
jp.co.yamaha.emi.rec_n_share,3.0.1,4,1
com.be.strix_cpp,1.4.2,4,1
com.solum.aimsmanager,1.0.25,4,1
com.bdpowerload.user,9.3.1,4,1
com.drukride.customer,1.7,4,1
com.swiftmarine.navigatormobilewarehouse,,4,1
com.imvu.mobilecordova,8.3.1.80301002,4,1
dev.sanjureddy.srfileexplorer,1.0.0,4,1
com.saintpetersburgtimes.android.prod,3.7.0,4,1
com.frontiir.isp.subscriber,4.2.1,4,1
com.mindbeach.android.worldatlas,3.7.1,4,1
com.appprocessors.qrcodebarcode,1.0,4,1
com.codigames.idle.game.tycoon.life.sims,1.3.7,4,1
com.forqan.tech.iLearnNumbers,Varies with device,4,1
pl.mypanel,1.0,4,1
com.subsplashconsulting.s_HVHXSF,5.20.4,4,1
com.clean.phone.turbo.booster.one.master,6.6,4,1
co.amy.xcqws,1.4.64.9,4,1
vmax.com.kamareddy,3.2,4,1
com.gc.android,11.1.0.3,4,1
com.artifexmundi.eventide3.gp.free,2.2,4,1
appinventor.ai_wedo_fablab.WEDOFABLAB_APP,05.09.20,4,1
com.tokenflexapp,1.6.0,4,1
com.tripsscanner.app,1.0,4,1
io.japp.phototools,1.4.8,4,1
com.palmer.eaz.reseller.pro,Reseller20,4,0
com.btosc.bbdeliverypartner,0.2,4,1
com.cardiweb.csm.spaceexperience,1.5,4,1
net.insearchofthemother.aurohub,8.0,4,1
com.staffbase.vwsk,2023.1.13023814,4,1
com.moov.jets.sharingapp2,3.5.17,4,0
com.kumar.lenovo.worldanimals_information,1.12,4,1
com.KB_Team.story_and_reels_video_download,1.10,4,1
com.ffsvideogames.aab.dc2f2p,1.1.0,4,1
com.zila.im,1.0.4,4,1
br.com.icriando.srreis,1.1,4,0
com.Porter.Supervisor,4.1.73,4,1
co.haward.klwpr,1.4.64.9,4,1
com.rolanddg.connect,2.30.2,4,1
com.inloox.pm,10.0.5,4,1
org.cottonwoodcreekchurch.app,20221102000000.0.1,4,1
co.dilmil.android,8.5.5,4,1
org.gym_app,1.0.25,4,1
upgames.pokerup.android,3.7.8.505,4,1
com.eolasmedical.myretrievalservice,7.3.0,4,1
nl.trinso.resetnational.siocapp.twodotzero,2.0.19-twodotzero,4,1
com.iriysoft.motomaniac,1.2.0,4,1
com.okg.petstories,1.24.0,4,1
com.topgamesinc.hdgz,2.11.3,4,1
pl.onet.mail,1.4.1042,4,1
com.amosstudio.graduation.frames.photoeditor,1.0,4,1
com.app.onecasey,1.0,4,1
com.csmartphone,6.0.0,4,1
com.bestapps.egyptian.tomb,1.0,4,1
com.nilesh9xm2.Bank_PO_SBI_IBPS_SSC_Clerk_GK,2.1,4,0
com.spotterlook.driverstartwi,Varies with device,4,1
com.UCMobile.intl,Varies with device,4,1
com.SIBMobile,8.0.48,4,1
com.cps.folderlock.filelock.filefolderlocker.secretvault.safefolder.photovault.securefolder,1.9,4,1
org.buffer.android.remix,0.1.8,4,1
ma.wafaassurance.wafahealth,2.16.0,4,1
com.tickaroo.enterprise.android7752093899737824318.dunebergersv,4.5.1,4,1
com.choicebroking.investica,8.3.2.4,4,1
nl.asito.curling,1.0,4,1
com.oa.v2.nsn,3.0.5,4,1
com.futureal.eteleplaza,1.5.0,4,1
spinwheel.dd.com,1.1.7,4,1
com.burstoralcare,3.0.5.release-275,4,1
dk.maternity.safedelivery,3.5.3,4,1
com.tekcentric.smarti,0.1,4,1
com.cms4schools.edgar,10.2.2,4,1
com.samsung.configurator,1.52,4,1
uk.co.hungrrr.chinapot,2.8.10,4,1
corner.schoox,9.6.2,4,1
com.foobar.azmediascanner,Varies with device,4,1
com.noxgroup.app.noxocean,0.4.2,4,1
crypto.crab.app.defioverview,1.5.3,4,1
com.braingeargames.blockybotshooter,1.01,4,1
com.infodart.glen,1.0,4,1
com.emoji.android.emojidiy,3.6.5.390,4,1
com.ikeyboard.theme.valentine.firework,1.0,4,1
com.yiannnos.cookery,1.0.4,4,1
com.mxtech.videoplayer.pro,1.51.8,4,1
net.peakgames.lostjewels,2.177,4,1
timewrapscan.timefreeze.wrapslider,1.2,4,1
com.fta.rctitv,2.24.2,4,1
com.swivl.android,Varies with device,4,1
com.wansport.app.tccaltanissetta,4.0,4,1
com.monsetrci,1.3,4,1
co.shield.sihza,1.4.67.2,4,1
com.mylaps.eventapp.brightonmarathonweekend,3.1,4,1
com.moontechno.truthordare,7.5,4,1
com.dalubhasareviewcenter.upcatreviewer,2.0.5,4,1
com.eightfloor.gnomesgardenlostking.freemium.googleplay,1.0,4,1
cyou.joiplay.joiplay,1.01.701,4,1
com.cooliehat.nearbyshare,1.11,4,1
com.staffmatch,3.2,4,1
com.subsplashconsulting.s_MMQ9CM,6.0.1,4,1
net.gracecc.mobile,2022.2.4,4,1
com.solucionesandinas.depositoon_line,2.0.5.4,4,1
com.dominigames.fg5,1.0.7,4,1
com.trainerize.nmtrainingapp,7.62.0,4,1
hr.apps.n105775,5.0.1,4,1
com.craftspygamemods.jvsf,1.0,4,1
com.exolnet.itaccme,1.7.0,4,1
com.insureapps.toddandcue,Varies with device,4,1
smartapps38.okru.video.downloader,9,4,1
uk.co.disciplemedia.pitv,3.68,4,1
com.soundtouch,3.50,4,1
io.cordova.myapp384878,2.1.5,4,1
br.com.timbauba.corsario,1.0.0,4,1
com.pimaterials.app,1.5.0,4,1
com.dominigames.labyrinth4,1.0.26,4,1
com.talking.tree.ebooks,0.0.70,4,1
com.gmail.paymentstherisd2021.researchmethodologyforstudents,1,4,1
com.plb8fiakkmib.pdvl7rmdapp,3.6.14,4,1
com.billy.billylightblue,6.6,4,1
au.com.blburgers,10.6.0,4,1
com.staffbase.vwgs,2023.1.13023830,4,1
com.enzipe.article.rewriter,1.2.1,4,1
com.pak.studies.mcqs,4.1.0,4,1
com.charming.egypt.official,1.1,4,1
com.playmobil.reiterhof,1.1,4,1
com.gamenight.would.you.rather.ah.alt,1.6.3,4,1
com.riseuplabs.onlinenutrition,1.0.12,4,1
com.yiannnos.myspindel,3.11.2,4,1
com.trainerize.wholehealthtransformation,7.62.0,4,1
id.compro.cityparkgardenrt009,1.14.0,4,0
com.bluegnc.AOSBTEAM,1.1.7,4,1
com.sia.elserenolaentradahighschool,10.2.2,4,1
com.so.qldwt,1.0.1,4,1
com.thehot.haloswan,11.8.0,4,1
caceis.olismobile.funds,1.2.89,4,1
org.egret.java.Fish,4.86,4,1
io.gonative.android.rkknl,2.1.0.3,4,1
wonderlove.chooseyourstory.interactive.episodestories,1.94,4,1
com.g5e.hidden.epee.android,1.13.1200,4,1
com.koalitygame.hardwoodrivals,1.5.0,4,1
wx.marriage,1.0,4,1
com.daovanuong_fpt.nokialauncher,3.9,4,1
com.mynewgbmaster.gbwhatlatestversion.gbwhatdownload,1.13,4,1
com.kme.kaltura.kmeapplication,1.6.4,4,1
com.ericsson.android.eda,1.9.3,4,1
com.ball.crush.block.bingo,2.300.4,4,1
co.white.haxzc,1.4.64.9,4,1
com.ims.hungthinh.v3,3,4,1
com.Educational.Spellit,3.1.2,4,1
com.etips.sanfrancisco2,1.0.47,4,1
com.npcreationonlineclasses.main.app,1.0.1,4,1
com.joingo.sugar,3.2.220506,4,1
com.trainerize.noexcusefitnesstrainingapp,7.62.0,4,1
com.eduardocoronado.teextrano,1.2,4,1
air.jp.wowgame.boundballs,v2.0.0,4,1
amitechnologies.products.apps.VybOn,3.7,4,1
org.owline.kasirpintarpro,3.7.0,4,1
com.xingin.xhs,7.65.7,4,1
ph.resilience.medicine_delivery,2.0.1,4,1
com.yi.cszombies,1.0.2,4,1
com.microphone.bbmic.lite,3.3,4,1
com.gpsmycity.android.u371,55,4,1
com.viettel.tv360.tv,2.0.6,4,1
com.modern.guide.GRCllothing.DPS,1.3 (git build),4,1
com.mflix.visionyamina,1.0,4,1
com.mrock887.om887,1.1.7,4,1
com.colure.app.privacygallery,Varies with device,4,1
com.threesixtyed.gradeoneenglish,1.0.1,4,1
com.insightguides.walkingeye,1.2.32,4,1
com.androidapps.unitconverter,2.2.33,4,1
com.daygames.kob2.android,1.4.3,4,1
air.com.sublinet.tastytale,Varies with device,4,1
com.security.pslink,1.0.0,4,1
uk.co.tso.ctt,5.4.3,4,1
com.artifexmundi.grimlegends.gp.full,1.3,4,1
com.anywheretogo.claimdiconsumeroic,1.3.0,4,0
com.mcpe.texture.modes.mcpe,1.0.21,4,1
it.tiriciclo,1.0,4,1
com.whatsapp.status_app_all,3.2,4,1
es.escrol.CES,3.0.1,4,0
com.crablue.herodefensesp,1.0.9,4,1
embroidery.coterie.app,1.1.6,4,1
com.quiz.generalknowledge.currentaffairs,1.0.1,4,1
com.cfmwebsitedesign.app.app56f3778e5c30f,7.0,4,1
co.khal.ajwkt,1.4.64.9,4,1
videoeditor.videomaker.slideshow.fotoplay,5.2.1.1,4,1
com.smartwatch.notifier.sync,18.0,4,1
com.mtcmobile.clarksbakery,2.8.0,4,1
vimotech.bowmaster.stickz,1.1.17,4,1
com.dapis.isiservice.mx,1.22.12.22,4,1
com.ranida.phslam,2.897,4,1
com.subsplash.thechurchapp.compassbible,6.0.1,4,1
medical.tapes,1.2.7,4,1
aratnon.pixel.idle.dungeon.dunidle,7.0.7,4,1
co.april2019.casc,1.4.67.1,4,1
in.adzlab.nusi,3.0,4,1
com.shotonstamp.shotonwatermarkcameraformi,1.2.4,4,1
com.netmarble.pan,1.5.0,4,1
com.beingenious.pandaviewer,2.1.165,4,1
com.wpdl.pencilgirl,2.2.0,4,1
com.WonderEditions.WonderColoring,3.2,4,1
com.europeworkpermit.com,1.0.0,4,1
com.ElefantePink.Solounleon,5,4,1
com.YourCompany.coocie,1.0,4,0
tv.vhx.gonetv,5.301.1,4,1
com.cookware.asianrecipes,56.0.0,4,1
com.boyaa.enginexgxianggangqp.main,3.8.9,4,1
com.game.politicsandwar,8.2.0,4,1
com.mybos.nationalfacilities,1.0.4,4,1
com.ChrHarr.HomRemedAnFiss,1.0,4,1
com.trainerize.jilliansaundersfitness,7.62.0,4,1
com.kb.mob,1.7.101,4,1
com.zerogravity.quick.sum,1.3,4,1
ru.yandex.androidkeyboard,39.2,4,1
com.cloverfi.windowgarden,0.14.5-230109.3,4,1
com.ai.pollpe,2.017,4,1
events.socio.app236,3.0.21,4,1
com.aor.droidedit,1.23.6,4,1
com.ThirdAurora.WineTales,6.3.0,4,1
com.poa.drivepoa,1.1.8,4,1
com.innerkeeper,1.0,4,1
com.leoweekly.louisvilleburgerweek,1.4.5,4,1
ru.advantum.vegamt,1.7.4,4,1
com.notanotherfruit.gradsgate.au,1.0.50,4,1
com.hesonline.ren,2.1.1,4,1
com.wondershare.famisafe.kids,6.1.1.219,4,1
com.Caltex.CaltexWorkshop,2.2.3,4,1
com.ga.under.water.counter.terrorist.attack,1.9,4,1
mediterranean.diet.weightloss,1.0.101,4,1
com.paymaya,2.83.1,4,1
com.ichiran.android,1.8.0,4,1
com.skf.shaftalignment,1.11.0,4,1
com.onlinesanchore.store,1.0.3,4,1
com.bhappdevelopment.johannasmith,Barbell Babes 7.12.0,4,1
com.dentsply.efeventapp,1.0.2,4,1
com.sagecc,1.0,4,1
com.mttnow.android.gbt.prod,5.4.0,4,1
na.are.arenaapp,1.4.4,4,1
com.htsmart.smart,1.0.0,4,1
com.creativeedge.cbdenver,2.1.1.753,4,1
com.golfaink05.wallpaper05.KarolG,1.0,4,1
com.kidly,1.2.3,4,1
com.dasmic.android.vcardeximpro,1.4,4,1
lu.taxx.scan,1.1.4,4,1
com.coffeeincode.postoaki.rede20,3.0.78,4,1
com.echurchapps.newbeginningsc,1.1,4,0
com.andromo.ohyesohnoompantura.ilyasmusik,1.0,4,0
com.tickaroo.enterprise.android7752093899737824318.svblauweissziltendorf,4.5.1,4,1
com.commit365.app,2.3.06,4,1
com.artifexmundi.toymaker.gp.full,1.0,4,1
igost.music.mp3cutter,11.0.2,4,1
com.apptech365.makemebald_prank_photoeditor2022,1.0,4,1
com.hitthebank.game,1.8.6,4,1
com.trainerize.builtbybruce,7.62.0,4,1
com.citizenobserver.portwashpd,1,4,1
com.Guides1000.package2013156112620,2.3.1,4,1
br.com.santacruz.appfarmacias,2.0.16,4,1
com.zipgradellc.android.zipgrade,3.32.532,4,1
com.mobilityware.CrownSolitaire,1.8.1.1955,4,1
com.PiguinSoft.CafeRacer,112.08,4,1
co.jones.cmwjt,1.4.64.9,4,1
com.FRE,1.0,4,1
vstc.BDRD.client,1.2.0,4,1
com.dudyfit.mgteam,5.0.3,4,1
com.sbkonzept.climatecampaigners,1.0.2,4,1
com.chad.wallpaper.pictures.hd,1.3,4,1
com.Vanish.myip.VPN,1.0,4,1
com.stripe.credit.card.payment,7.7.16,4,1
dk.jespermansa.numfeud13,8.1.0,4,1
fr.csdev.spendlly,1.2.9,4,1
fr.trentemillionsdamis.androidapp,Varies with device,4,1
stark.games.magic.seasons2022.farm.build,1.0.34,4,1
com.m360.android.idealstandard,7.38.3,4,1
com.sspc,6.2,4,1
fr.enbourse.mobile,3.0.106,4,1
com.yinzcam.wnba.fever,2.1.0,4,1
com.lcrossil.shellclick,1.0.8,4,1
com.zradioapp.RadioFMODiaRJ,1.09,4,1
com.aitrich.Easyvet,7,4,1
org.lwnm.digitallib,5.1.4,4,1
com.maxlabmobile.emailpopup,3.30,4,1
com.chathub.video.livechat,1.2.6,4,1
com.threye.iaf.aca,1.5.4,4,1
ginlemon.locker.bottombar.free,4.11.22,4,1
com.enqualcomm.kidsys.rsjelly,4.1.6,4,1
com.duolefun.djfgame,1.40.140,4,1
com.subsplashconsulting.s_CH2VQX,6.0.1,4,1
com.voice.gps.navigation.map.location.route,13.2,4,1
jp.co.dalia.EN0000463,2.23.0,4,1
com.heromobile.soh,1.6.5,4,1
com.arcgis.esri.bankgis1,1.6,4,1
com.cidadedigital.santarosa,1.3.0,4,1
com.beautiful.dual.photo.frame,2.1,4,1
com.mightybell.strugglewell2,8.93.3,4,1
com.iz.games.preschool.game.kindergarten.baby.children.kids.learning.educational.learn.toddler.puzzles.stories.coloring,1.2.5,4,1
com.atresmedia.lasexta,1.1.10,4,1
com.arcot.otp1,2.3.12,4,1
com.trainerize.leanbodysolution,7.62.0,4,1
com.asteroide.katieapp,1.0.0,4,0
co.amy.hzptu,1.4.64.9,4,1
com.daleandcecil,1.1,4,1
br.com.yazo.involves,1.2,4,1
com.abi.idlesummoner,1.1.4,4,1
com.magzter.Careers360,8.0.8,4,1
com.hudl.hudroid,Varies with device,4,1
com.titdom.bang.bang,1.8,4,1
com.ykart.tool.qrcodegen,1.3.53,4,1
com.easydiner,6.5.64,4,1
com.openrice.snap,2.1.4,4,1
com.FJAG.Power,3.1,4,1
com.medpresso.Lonestar.willendo,3.6.9,4,1
com.myfood.dev.printticket,2.5.2,4,1
com.ninebot.segway,5.3.8,4,1
com.rcceasti.mbscreenrecorder,1.2,4,1
net.chargehq.app,1.7 b34,4,1
eu.dreamup.ultimatemotorr4free,7.0,4,1
all.language.translate.translator,1.4.9,4,1
com.hub.bunnyub,1.0.1,4,1
com.trainerize.dmfitnessapp,7.62.0,4,1
com.rs.spain_jobs,1.8,4,1
com.bccard.bcsmartapp,6.2.7,4,1
com.app.retail360retailer,1.4,4,1
com.nitrorx.connect,1.0,4,1
com.iw.maya,1.3.2,4,1
com.medplus.mobile.android,5.0.25,4,1
com.pa.passammain,4.2.8,4,1
com.KillmondayGames.LittleMisfortuneDemo,15,4,1
com.customchurchapps.firstyouth,2.0,4,1
de.corussoft.scc,2022.1.0,4,1
com.circlepool,1.3,4,1
com.minigames.sweetcrossing,Varies with device,4,1
com.revolut.revolut,8.89.1,4,1
com.bhappdevelopment.adamwilson,AW FiTNESS COACHING 12.4.0,4,1
com.afturadvance.fastmobileapprove,2.1.5,4,1
com.Privilege.Privilege_App,1.3,4,0
