com.stepbet.app,15.0.0,7,1
com.entex.wellBe,1.0.1,7,0
com.vingle.android,4.6.9,7,1
com.tickaroo.enterprise.android7752093899737824318.fcezidxan,4.5.1,7,1
com.runawayplay.starlight,2.152,7,1
swmr.barbados.pro,1.0,7,1
deepfinity.android,4.3.1,7,1
one.imperial.app,3.0.2,7,1
com.garmin.android.apps.vivokid,6.0.2,7,1
it.twenty.app,1.0.3,7,1
com.amberscript,1.1.2,7,1
com.mela,6.8.7,7,1
io.metavill,3.3.0,7,1
com.LitPublishing.Skilled,0.9,7,1
image.translate.language.transme,2.4.2,7,0
com.unclekeyboards.bulgarian.keyboard,1.2.1,7,0
com.premier.customer,2.0.8,7,1
com.info.traffic,4.3.1,7,1
com.ocbikefest,2.0.3,7,1
in.spmsoft.manqoos.moulid,4.0,7,0
es.radioblanca.kissfm,5.4.1,7,1
com.gogo.businessaviationsip,3.3.4,7,1
com.aktechnologyltd.user,9.3.4,7,0
com.amrjada.Baghdad,1.0.5,7,1
com.gtm.trafficpuzzlepremium,1.5.33,7,1
com.enle.behold,3.0.1,7,1
com.sholikhin.mckelvnho,1.1.4,7,0
com.securityinc.pubgkavpn.app,2.0,7,1
net.arely.usa_radio_connecticut_united_states,6.0.2,7,1
com.mightybell.thisnakedmind,8.93.3,7,1
club.sevgilibul.lgbtqia,1,7,1
com.SnowReport.screens,6.1.3,7,1
com.gramgames.mergemagic,4.8.0,7,0
com.andromo.dev63491.app66824,2.2,7,1
ie.imec.hazmat,2.6.6002,7,1
com.skjdevelopers.rdsharma,1.0.1,7,0
com.sora.metal.squad,2.3.1,7,1
com.redvision.hhh,0.0.1,7,1
com.numberbarn.app,2.0.6,7,0
com.moniearly,2.9.1,7,1
com.jesuis.Adrian.Musicstudio,2.1,7,0
com.leaguedirectory.SCEFL,1.2,7,0
com.tsa.algerie.mobile,1.0.1,7,1
com.screenlock.tool,22.11.262,7,1
com.app.myhanonymous,1.0,7,1
com.dodreams.driveahead,3.19.1,7,1
com.desclick.nsept,1.1,7,1
com.owlr.controller.amcrest,2.8.2.2,7,1
kr.switcher.switcherm,3.26.7,7,1
com.nsmobile.apps.android.gs,3.0.9,7,1
in.co.assureddentalcare.android,0.2.5,7,1
com.nihongo365,1.2.4,7,1
com.kitefaster.whitenoise,1.5.10,7,0
com.yanka.mc,2.43.0,7,1
com.funnyapp_corp.game.solsmodel,1.0.7,7,1
com.hugsnhearts.dancer.love.triangle,1.0,7,0
com.tbegames.and.tap_idle_fantasy_puppet_rpg_clicker,1.01.0,7,1
com.xavor.smartfan,1.0.1,7,1
com.reglobe.cashify,3.4.52,7,1
com.ibodat.zikrahli,1.0,7,0
com.app.p1991IA,1.1.0.0,7,1
com.hk.sharetripapp,5.1.2,7,1
com.researchcircle,1.1.8,7,1
com.practice.ielts.listening.test,2.12,7,0
com.trainerize.rawfitnesselpaso,7.62.1,7,1
ladki.sesexybaatkarnewalaapps,9.16,7,1
com.cherisher.face.beauty.editor,1.4.2,7,0
co.jack.aoaol,1.4.64.9,7,1
com.mohit.ingenium.tca594,1.0.159,7,1
careerchangeover.com.valuesvisualizer,1.2,7,0
com.subsplashconsulting.s_PKVJCW,6.0.1,7,1
com.spot.outlet,1.0.1,7,1
com.powder.sandbox.physics.simulator,1.0.3,7,0
com.marktong.marktong,2.4.7_1,7,1
com.vg.blossomjam,11.600.21,7,1
com.vuzz.snapdish,5.22.0,7,1
com.themobilecompany.Onderweg,5.0.11,7,1
com.churchMutual.app,2.0.8,7,1
com.app.mbradio,4.0.1,7,0
com.brit.swift.minimal,Varies with device,7,1
com.kikuu,29.0.0,7,1
th.co.origin.mobileapp,4.1.0,7,1
com.be.comeApp,3.2.0 (4),7,0
com.singmaan.mirrorworld,3.0,7,0
gov.cbn.plv,1.0.0,7,0
com.itbooh.mi5watchfaces,1.0.13,7,0
com.palmpair.andoidapp,1.3.0,7,1
com.htrapid.driver.application,1.3,7,1
com.luckmon.luckmongames,1.3.3,7,1
com.appreciationmessage559.app,2,7,1
com.phorest.lukereynoldshairdressing,3.4.2,7,1
com.lemix.mc1,2.4.0.1,7,1
com.fortnite.community,Varies with device,7,1
com.nextwave.wcc_lt,5.7.5,7,1
com.rednineteen.android.huntingapp,1.2.7,7,0
com.unicorns.jerry.trafficcam,1.0,7,1
com.xcoder.seeds.minecraftpe,1.0.7,7,0
entretenimiento.cr,6.1,7,0
sv.goteborgsposten.areader,4.19.0,7,1
com.foru.apptech.india,1.1.13,7,1
com.bhappdevelopment.rnabjrgsigurardttir,12.13.0,7,0(Skipped)
com.skycap.RealEstateCake,0.6,7,1
co.oquent.zupr,1.0.1,7,1
nl.nec,1.0.5,7,1
com.ivy.streetracing.hd,6.4.4,7,1
com.mygamehunterapp,1.1.7,7,1
co.hodor.uuzly,1.4.64.9,7,1
app.ezpayyy,1.0,7,1
com.questionpro.communities,3.2,7,1
com.yb76247cdce0.app,6.66.4,7,1
com.subsplashconsulting.s_PHMHNP,6.0.1,7,1
com.myTutorhub.ruoe,1.3.44,7,0
com.empat.wory,3.7.4,7,1
com.travelassociates.mobile.android,1.0.2,7,1
com.abroad,2.3.0,7,1
ir.delta.realestate,1.5.1,7,1
jbc.media.boxlogic,Varies with device,7,1
com.nortek.android,2.1.65,7,0
com.square.groundscentral,1.0,7,1
com.doubletimes.stickman.gangbattle,0.1.4,7,0
com.refuahsolutions.enrol,3.8.1,7,1
com.lumiplan.montagne.SanBernardo,110.0.1447,7,1
com.threefiveeight.adda,9.5.1,7,1
com.subsplashconsulting.s_F7KB54,6.0.1,7,1
vn.rta.rthome,5.44090+sha.8d117dcde,7,1
com.homeland.investors,1.3,7,0
com.lulo.scrabble.classicwords,Varies with device,7,0
com.hustay.swing.p8355d1aeded943e8bfac34206e3030fb,0.4,7,0
com.qxgame.silentcastle,1.4.9,7,0
gr.radio.gradio,7.1.33,7,1
com.binois.jmd,1.0,7,1
free.vpn.proxy.unblock.android.vpninternetmaster,4.3.3,7,1
com.nupuit.hobe,Varies with device,7,0
com.qclegacyathletics.mi,6.2.2,7,1
br.com.waninternet.app,1.0.3,7,1
pt.vsports.client,3.0.12,7,1
co.tapcart.app.id_lc6HzAXzsd,4.0,7,0
com.opera.gx,1.8.7,7,1
com.tiskel.tma.lodzgreencab,7.9,7,1
com.wallpaperjackiechan.kus,1.4,7,0
com.drunkenducks.truthdareadultportuguese,2.0,7,0
com.BeanstalkGames.AncientAlliesTD,1.06,7,1
com.photolocationstamp.gpsmapgeotagongalleryphotos,1.6.2,7,1
com.dominigames.fg1.free2play,1.0.15,7,1
events.socio.app2576,26.2.0,7,1
com.thefaststudio.danielfast,Daniel Fast: 1.08.3,7,1
com.candygrill.oscarslots,1.50.9,7,0
fr.appsolute.lexus,1.2.2,7,1
de.fastic.app,1.122.0,7,1
com.money.smart.easy.instant.fast.cash.loan.coach,1.0,7,1
com.echurchapps.trinitytemplenm,15.14.0,7,1
com.binakapps.apvehicleownerdetails,1.6,7,1
com.dominigames.tm4,1.0.13,7,1
com.appdinx.ijbt4uwklh4,2.12.0,7,1
kr.co.stone_i.www.dagym,2.13.2,7,1
com.magzter.spsnavalforces,7.7.5,7,1
com.xbasetech.cragly,3.4,7,1
com.alumnicircle.app,1.0,7,1
com.rcflavorproba,2.0.3,7,1
com.cardgame.collection.fishdom,2.9.523,7,1
com.farewellmessages.aleideh,3,7,1
com.vspl.docopdpro,2.0.1,7,1
com.lwallpaperseries.divinemercyaudio,2.0.1,7,0
com.kingscrepes.single,1.0.0,7,1
com.trainerize.beboldfitness,7.62.0,7,0
com.opportunitiesinfo.app,1.2,7,1
co.lenord.pvxcx,1.4.64.9,7,1
ie.zappy.fennec.fitnessperfection,8.2.9,7,1
com.lecheese.app,1.34.0,7,0
au.com.kopaas.onawadak,1.10.11,7,1
com.kharland.beautifulgirlsgame,9.4.1z,7,0
com.ikeyboard.theme.pink.weed,1.0,7,1
com.subsplash.thechurchapp.wordfortoday,6.0.1,7,1
pt.whitedeer.store,2.0.10,7,1
com.cookapps.playgrounds.jewelmagic,1.2.0,7,1
com.sqlview.kris.esubmission2,1.1.6,7,1
in.case.law,1.0,7,1
com.wickediptv.wickediptvbox,2.1,7,1
br.com.winker.wl.verde,2.1.23,7,1
co.jones.ifqvy,1.4.64.3,7,1
com.peaccounting.peaccounting,5.8.1,7,1
com.guidebook.apps.stlawu.android,2022.3,7,0
pc.driver.app,1.5.0,7,1
com.sharefaith.sfchurchapp_78b36b1eb16e6c44,2.8.0,7,1
com.resultsdirect.eventsential.branded.aasld,2022.v6.0,7,1
com.dikeykozmetik.vitaminler,1.3.9,7,1
io.yarsa.games.marriage,0.5.3,7,0
com.technomentor.jobsinuk,0.24,7,1
com.coniq.zweibrucken,1.7.27,7,1
org.ipsapps.burkinafaso.box.bible.buamu.audio,1.0,7,1
com.kgradb,7.702.1,7,1
proenza.om.ommeditation,1.0,7,0
com.vipkid.app_teacher,3.39.0,7,1
net.redmention.marketuser,1.3.5,7,0
com.toursphere.woodstock,8.0.35-prod,7,0
com.dreamwellbewell.dreamwell,2.12.0,7,1
com.bookdose.vajirvudh,1.0.4,7,0
co.penny.auybr,1.4.64.9,7,1
com.ifs.businessbanking.fiid3658,1.6.9.0,7,1
com.fakecall.prankcallzbingz.zbingzcalling.chatzbingzcallvideo.lankyboxcallyou.vlada4bumagafakecall,1.1,7,1
com.directed.android.smartstart,Varies with device,7,1
com.apptegy.jeffersonr7,3.0.0,7,1
com.luxapps.web.hosting.services,1.0,7,1
com.theappsstation.androidvsverma,1.0,7,0
com.ausmallfinancebank.amb,21.3.3,7,1
com.super.speed.vpn.master.proxy,1.0.5,7,1
com.bokapp.quizpatente,11.12.85,7,1
com.zkradioapps.canadaradio.CBCRadio1Fredericton,35.01.1,7,1
com.keemoji.acmilankeyboard.keyboard,18.3,7,1
com.ninjakiwi.sas3zombieassault,3.11,7,1
br.com.tapps.mycoffeeshop,1.0.111,7,1
com.hypermarket_android,1.7.0,7,1
com.mahindra.mfundinvestorapp,2.4.4,7,1
co.sansa.dfnzn,1.4.64.9,7,1
com.cohorted.cult,1.0,7,1
com.hollycode.eleven,2.0.6,7,1
com.bwf.mobile.app,1.5.1,7,1
com.sylex.armed,3.1.3,7,1
com.surveyheart,6.71,7,1
com.lcsistemas.lc.conferenciacega,1.0.2,7,1
com.skoolbag.singleapp,7.1.1,7,1
ru.eyelog.simplemath,1.5,7,0
io.repay.cust.beneficialstatebank,3.9.6,7,1
com.twodesperados.violasquest,Varies with device,7,1
ladywizard.vampire,1.4.9,7,0
dk.eg.mobile.crosspad.aspect4,2.2.07,7,0
com.playbest.sgsmjz,0.3.64,7,1
com.dwt.rudi,1.7,7,1
com.whatstool.happymod,1.0.4,7,0
com.pixelforce.themethod,1.2.5,7,1
team.mible.skintory,1.114,7,1
com.edugorilla.dvlaukingdom,01.01.234,7,1
com.shades.shademeter,1.29,7,0
com.nexudusspaces,3.2.10,7,1
com.trainerize.cbcoaching,7.62.0,7,0
in.themomstore,2,7,1
com.tech4app.MergeMinus,1.0.3,7,0
com.trainerize.teamfitanddedicated,7.62.0,7,0
com.tripit,12.2.0,7,1
com.eclipsecctv.eclipsehome,1.0.8,7,1
air.jp.japaneselive.io.chat,1.2.2,7,1
com.iscoolentertainment.wl,2.6.6,7,0
com.codecanyon.emeradio,1.0,7,1
com.superfanu.andersonuniversityandersonuniversitytrojanarmy,8.8.0,7,1
com.ivanivanov.kegelfit,86,7,0
com.hitchtechnologies.hitch,4.6.1,7,1
com.finitetimes.cfu,1.0.2,7,1
sg.mediacorp.android,Varies with device,7,1
com.officernd.workinn,2.15.9,7,0
com.informaticsware.perthnews,1.1,7,1
com.radiofx.radiofx,20.0.3,7,1
com.DCjaytech.DCwallpapers,1.0,7,0
com.furationtechnology.flyer,1.0.31,7,1
fun.podcastworld.bel,1.0.17,7,1
co.robin.cnuws,1.4.64.9,7,1
com.thewoods,13.0,7,1
com.grandcinema.gcapplbn.screens,3.1.1,7,1
com.radiocavern.auradio,1.2,7,1
org.monroeinstitute.expand,1.1.9,7,0
com.wattbike.powerapp,5.3.1,7,1
com.crazylabs.geniustom,1.0.23,7,0
com.karporselen.app,1.0.0,7,0
com.glympse.android.glympse,3.36.7,7,1
com.artifexmundi.eventide.gp.full,1.1,7,0
studio.genius.ninjabishoujyo,2.1.10,7,0
com.upbeatgames.witchpuzzle,2.10.0,7,0
branded.com.thegrovespa,2.71022.0,7,1
net.shapkin.foodquiz,1.10,7,0
br.com.unimedmaceio.AD,3.5,7,0
com.peninsula.concierge,87500,7,1
com.arumcomm.playservicesinfo,2.4.2,7,1
co.amy.hzptu,1.4.64.9,7,1
com.teamoimagenesfrases,5.21,7,1
com.tribalgroup.metengage.wam,2022.11,7,1
com.kauf.zombierun3dcityescape,7,7,0
com.yachts.international,1.1.4,7,1
com.genius.sinners,2.1.8,7,0
dev.lsp.lsp_lab,1.2.0,7,1
com.dave.minecraft,1.0.0,7,0
mg.locations.track5,6.48,7,1
com.thinkmobile.accountmaster,2.13.59,7,1
ie.zappy.fennec.theretreat,8.2.9,7,1
com.inhousemerch.crewefitness,1.0.36,7,1
com.customchurchapps.convergenceapp,2.0,7,1
com.tituslearning.characterleadership,3.9.3,7,1
com.icreo.rougemusic,1.0,7,1
com.letterboxd.letterboxd,2.12.2,7,1
jp.sugarcorp.sugar,3.3.3,7,1
willow.street.yoga,2.0.2,7,1
org.rideart.awaywego,93.1,7,1
com.gamehi.cookiecrush,1.0.2,7,1
com.mariannanaturals.mariannanaturals,3.10.0,7,1
com.whyalwayshorse.thin,1.6.4,7,1
com.app.smsapproval,1.2,7,0
com.freeje.flutter,1.1.85-add-deletion-request,7,1
com.erinstutland.video,Varies with device,7,1
com.alignit.tigerandgoats,1.2.1.1,7,1
it.switaly.videoconference,1.0.4,7,1
com.bigflexcoupons.com,1.7,7,1
com.Gseeds.Pechka,6.8.4,7,1
com.triactivemedia.classicporsche,6.16.1,7,1
com.khalilcyberservices.livecric,1.2,7,1
online.chat.tracker,1.0.10,7,1
com.bibleandjournalapp.fccwilmington,4.0,7,1
com.imult.edu.multiznaika,2.201221,7,1
com.templegatesgames.RollAndroid,1.0.1690,7,1
com.marinamilitare.marinamilitare,3.13.4,7,1
com.kick.cttoolbox,0.6.1,7,1
be.appelsien.pwa,1.11.0,7,1
com.amazingapps.entrepreneurshipmindset,11.0,7,1
kr.co.bookpal.webnovel.bl,6.4.2,7,1
co.thor.oqkuc,1.4.67.2,7,1
com.virtualmd,2.0,7,1
com.mydiabetes,Varies with device,7,1
info.androidz.horoscope,Varies with device,7,1
com.leosites.geografiadecolombia,3.2.0,7,0
com.colorcallscreen.incomingcolorcall,2.0.0.2,7,0
me.ifhashtags.app,5.47,7,1
co.amy.kxrws,1.4.64.9,7,1
branded.md9c4a85fe56b45f7ade36783ec52647b,2.71022.0,7,0
com.tickaroo.enterprise.android7752093899737824318.sverzhausen,4.6.1,7,1
com.blackboard.mosaic.morgan,16.0.1,7,1
com.gobigame.citydefensetdcombat,1.4.4,7,0
com.opalastudios.infinitetiles,3.3.8,7,1
com.thirtythreebits.tattoo,1.4.5,7,1
com.amldevtranslator.persianurdu,3.2.10,7,0
com.non.board.cellconnect.hexa,1.3.4,7,1
com.project.paylitehrms,3.0,7,1
com.graduway.gprepalumni,202100.9.01,7,1
com.matchesfashion.android,2.4.6,7,1
com.syqel.hz_player,1.0.4,7,0
com.greenschoolonline.etchinghill,1.0,7,1
com.dominigames.mt6.free2play,1.0.27,7,1
com.ginnypix.kujicam,2.21.29,7,1
com.eduven.cg.greece,2.1.3,7,1
lt.onea.android.app,3.11.3,7,1
com.globiz.vaccinationapp,2,7,1
li.yapp.appC31F2C71,6.0.3,7,1
com.fsaco.irandargah,2.2.14,7,1
com.blacksleevemedia.cheer3dAndroid,104,7,0
com.zapak.worldcup.t20.cricket,1.8.457,7,1
com.jamcity.blackforest_goo,30.1.0,7,1
com.idleif.abyssriump,1.18.4,7,1
app.motiday.motivation.inspiration.quotes,4.0.4,7,1
com.fi8083.godough,4.59.70,7,1
com.dresser.chat,2.0,7,0
com.np.solution,1.3,7,0
com.mistudio.checkers,1.20,7,0
org.isaz.internationalschoolofarizona,1.0.0,7,1
com.ludo.king,7.7.0.243,7,1
co.alexis.cqttr,1.4.64.9,7,1
com.jamworks.adex,1.0.1,7,1
io.ionic.prog5e860945689d694f6e6cbb76,0.1.5,7,0
com.discoverantigua,2.8.0,7,0
md.egov.mobisign,1.0.237,7,1
cc.blynk.appexport.cureuv,1.0.2,7,0
com.roosterhenchick.sesleri,2.0,7,1
com.blackbell.userapp.blackbell.burlingtonconnect,2.0,7,1
com.wBarrierstocommunication_9671698,1.0.4,7,0
com.shoutcast.stm.kbradiogold,1.0,7,1
com.linli.yinshi,3.3.2,7,1
com.softecks.plastic_technology,3.3,7,0
com.AccessFinancial.Application,6.0,7,1
com.fitnessmobileapps.nwwomensfitnessclub,5.5.0,7,1
com.evoknow.cdjobs,1.0.0,7,1
co.bytemark.nywaterway,2.031,7,1
com.devign.teremoriori,1.0,7,0
sunset.wallpaperhd.backgrounds,15,7,1
com.trainerize.ironandfig,7.62.0,7,0
com.apptegy.raymondne,3.16.0,7,1
com.customchurchapps.cos,6.0.1,7,0
com.subsplash.thechurchapp.btmcallen,6.0.1,7,1
com.bouzina_developer.ppwa,3,7,1
com.imweb.appS202007215391a91b18892_13aa1fa6ca4c7,9.8.4.01,7,0
com.ht400,1.4.6,7,1
com.personalityperfect.app,4.1.0,7,1
com.SoberMind.WastefulPresident,0.0.4,7,0
com.rblis.itsdose,71,7,1
com.app.nutsarabia1,1.0,7,0
com.marsresidential.app,1.0,7,1
in.playsimple.wordle,1.62.0,7,1
com.recntrek,2.20.03,7,1
co.penny.ntiqu,1.4.64.9,7,1
com.smartapp.zwajlebanon,v 1.1.26,7,1
com.slzcast.estrelafmpb,19.9.8,7,1
com.testbook.tbapp.bpscae,6.13.17-bpscae,7,1
dev.fadisarwat.exams.ks.franciscaines,1.0.7,7,0
com.loadsysopenhouse,2.0.5,7,1
com.altaeawun.tab,2.3,7,1
com.loadedteagirl,1.1,7,1
com.myeasydating.tger,1.0.6,7,1
com.mia.homechef,3.0.3,7,0
co.shopney.dabombcomau,1.4,7,1
com.fpmobile,3.3.0,7,1
com.netmarble.war,7.3.0,7,1
com.bponi.site_jpeasysales,p_0.2,7,1
com.gaps.app,1.0.7,7,1
com.generagames.gladiatorheroes,3.4.13,7,1
com.tigo.flower,2.4.8,7,1
com.pressexplantilla.driver,1.0.4,7,0
com.poultrac.hatchery,3.5.0,7,1
com.kiwi.goldrush,2.5.2,7,1
com.apptegy.fairfieldcsd,3.7.0,7,1
ott.unitednetworknews,8.001.1,7,1
io.s2a.safermuhafiz,1.0.21,7,1
com.thunder.rebirthking.idlerpg.endless.fast.incremental.inflation.idle.rpg.google,1.21,7,0
com.fitwhey.app,3.0.5,7,1
com.trainerize.thekbcoach,7.62.0,7,1
biz.tdizz.ogame,0.2.5,7,1
com.engeniuspark.rgmarts,1.4,7,0
com.linecorp.LGFARM,4.0.1,7,0
com.rigbak.adnam2,3.4.0,7,0
com.funrock.mma.manager,1.9.8,7,0
com.elephantgames.grimtalesthegengift,1.0.3,7,1
com.fromwolf.workersapp,1.0,7,1
br.com.docepaixaolingerie.lojavirtual,2.0.0,7,1
com.gamecircus.PrizeClaw,3.45,7,1
masterpeace.masterpeace,2.5.2,7,1
big.win.club.php,1.00,7,1
com.mover.user,5.12.1,7,1
com.anytimepediatric.anytimeclinician,1.27.0,7,1
uk.co.gloversure.livestockcount,1.6.2,7,1
com.beckett.rockandgem,6.14.1,7,1
com.google.android.apps.youtube.music,Varies with device,7,1
com.appsogreat.rubysquare.puzzle.release,v1.3.44,7,1
com.vweeter.lower,1.0.4,7,1
com.ionicframework.giffarineexpert577129,3.2,7,0
com.shwe.narsin,1.1,7,0
co.alicia.evuhw,1.4.64.9,7,1
com.reachmedia.calgary,10.2.2,7,1
com.solitaire.klondike.fish.card.puzzle.ocean,1.0.5,7,0
co.thor.ccpak,1.4.67.1,7,1
com.exposure.azbasketballcoachesassoc,5.8.1,7,1
org.ipsapps.burkinafaso.xrb.bible.karaboro.audio,1.0,7,1
com.digitalinsight.cma.fiid01334,10.0.00.62,7,1
sewinglearn.costurahilos.telascoser,1.0.0,7,1
com.tymtix.sensairy,2.08.06,7,1
pt.wm.multiplayerquiz,1.7.4,7,1
com.discovery.mysticland.education,2.1,7,1
com.bigcodegames.thehunter3dhuntinggame,Varies with device,7,0
com.unimob.castle.defender.heroes,2.0.3,7,0
com.southwesttrains.journeyplanner,4.35.0,7,1
br.com.sistemaprover.reijesusnh,1353,7,1
com.famous.shoes.androidapp,1.0,7,1
com.ensenasoft.fourinarowhdff,1.3.17,7,0
com.superwings.jettrun,3.6.0,7,1
com.bella.talking.game,1.8.1,7,0
com.boingo.boingowifi,7.26.272.0002,7,1
com.randomlogicgames.differences,2.0.27,7,0
de.xikolo.openhpi,3.9.2,7,1
com.tnvapps.fakemessages,6.0.0,7,0
com.regardmag.presspadnews,2.4.6,7,1
com.illumix.fnafar,16.1.0,7,1
com.thapl.p527,2.2.20,7,1
in.chauka.eventapps.milancc,4.0.460,7,0
appkingdomwebappscom116066.wpapp,100.0,7,1
com.sayweee.weee,15.7.1,7,1
com.mobeedom.android.jinaFS,3.5.5ga1358.2108022317,7,0
com.xpayq8.xpay_flutter,1.1.1,7,1
com.gafeapp.gafe,1.6.28,7,1
com.entrust.identityGuard.mobile,22.11.0,7,1
com.football102,3.36.4.1,7,0
hk.gov.emsd.corporateapp,4.0.4,7,1
sg.com.m1.sunshine,27.33.0,7,1
com.princess.home,1.0.4,7,1
com.goblin.sword,4.0.0,7,0
com.swissquote.android,6.30.7,7,1
com.fitnessmobileapps.hifiyoga,5.6.0,7,1
com.montrafic,2.1,7,1
com.tongitspro.play,1.0.14,7,1
org.agroclimate.saspro,1.0.4,7,0
com.mobilenation.hbf,5.16.0.1,7,1
com.emisoras.bolivia.xino,4.0.0,7,1
com.rockyou.swnewworld,2.3.5,7,1
com.trainerize.acerfitness,7.62.0,7,0
omegle.chat.random.video.omega.free.dating,v-1.20,7,1
com.yclients.mobile.s113871,13.134,7,1
com.chilindo,31.74,7,1
com.techandaz.downtown,2.0,7,1
com.sparklingsociety.cityisland2,150.3.0,7,0
fi.riverchurch.riversapp,1.5.5,7,1
com.trainerize.lindacraigpt,7.62.0,7,0
com.fitze,2.18.3,7,1
com.slsdating.sls,1.0.8,7,1
works.temper.temperAndroid,3.21.3,7,1
com.whiz.buckscounty,7.0,7,1
com.tsm.shoresportsnetwork,2.3.16,7,1
com.rodeodigital.sksugartup,4.04.39,7,1
com.qs.flala,4.3.3,7,1
com.goyal.ieempregos,1.1,7,1
com.advmaheshsharma.bareactsindianlawpdf,0.3.0 Butterflies,7,1
me.snorefree,2.1.1,7,1
com.mess.town,1.7.2,7,0
com.healthmarketing.www,1.1.4,7,1
com.altertitan.AlterTitan,,7,0
com.wingfield,1.21.1,7,1
com.degreeola.app,8.0.1,7,1
com.joyride.finoutdoorrecreation,1.2,7,1
co.kevin.brnyv,1.4.64.9,7,1
com.scan.toks.tiks.whatsaps.afor.tools.easy.whatswebclone,2.0,7,1
com.niagara.launcher.wallpapers,1.2,7,1
com.zip.unzip.zipextractor.raropener.zipfile,1.2.1,7,0
net.manoloworks.radio_newfoundland_labrador_canada,6.0.2,7,1
se.barometern.reader,10.0.2,7,1
com.pixelsonfire.circle.armor,1.19,7,0
match.tile.vent.game,2.0.3,7,0
bible.EN.NRSV,2.0.0,7,0
com.subsplashconsulting.s_TWBNKD,6.0.0,7,1
com.simpleje.accounting,1.0.1,7,0
es.sesametime.mobile.v2,1.16.10,7,1
com.mspe.FP.FP,2.22.10,7,1
com.sparklingsocietycity.snowtownicevillageworldwinterage,1.2.1,7,0
com.bitmango.go.jewelmatchking,22.1228.01,7,1
com.fixedmatt.realbt,3.36.4.2,7,1
com.p2pcamera.tmbellgcm,1.0.4,7,1
com.trustedhousesitters.TrustedHousesitters,2.14.4,7,1
com.tamano_del_pene,28.0.0,7,0
com.tippingcanoe.urlaubspiraten,4.5.3,7,1
co.tarly.wktit,1.4.64.9,7,1
com.ptminder.mgfit,6.4.4,7,1
com.omegainc.moscowmetro,1.0.3,7,0
co.april2019.ppa,1.4.67.1,7,1
com.smougg.abchess,2.4.19,7,0
com.bookersnap.reservacionesrp,1.1.2,7,1
com.appone.radio.world.radio.online,1.1.5,7,1
com.mypthub.pbfitnesscoachingonline,4.7.2,7,0
net.sumitk.quotesmeditation,10.22,7,1
co.trebbble.android.wind.q,5.0.19,7,1
com.mytopwebapps.tvlockapp,1.13,7,1
com.midday.epaper,1.18,7,1
com.sap.epm.fpa,1.38.0,7,1
com.curvegraph.loancalculator,1.3,7,0
com.sosscores.livefootball,Varies with device,7,1
com.glenmax.theorytest,8.10.0,7,1
com.tencent.wesing,5.61.7.733,7,1
app.goodtv.tv,6.0.3,7,1
com.zabai.app.harpflms,1.0.0,7,1
com.cutcom.apparmor.bc,1.6,7,1
com.tr.bi.horses,2.0,7,1
com.cabookie.matdriver,1.5.0,7,1
com.mylaps.eventapp.savannahsportscouncil,4.2,7,0
com.msa.moraltransform,1.0.73,7,0
com.wewe.detailjobs,4.3.0,7,1
com.freeappszone.guitarmusic,2.0,7,1
com.app.pomens,2.4.0,7,1
com.akvelon.meowtalk,1.8.0,7,1
com.emart.today,4.7.3,7,1
btc.arduino.developers.argentina.irtest,4.67,7,1
digital.dispatch.mobilebooker.OneMobilePFCloudDemo,3.3.0,7,1
com.longtech.lastwars.southEastAsia.gp,1.0.357,7,1
com.yocesaryoradiosdepuertorico.notiuno630envivo.freeonlineradioam,1.6,7,1
com.locco.bet,1.0.6,7,1
com.englishmerit.quizze,3.0,7,0
com.hans.lotto.uk.nloot,1.1.0,7,1
com.thekatri.NesteApp,1.0.4,7,0
com.tapread.reader,2.6.2.002,7,1
com.htreisen,3.9.5,7,1
com.hizlibilisim.mobilefatura,1.0.11,7,1
com.hltcorp.dat,7.35.6163,7,0
com.instaconnect.android,2.71,7,1
com.MariaClaraJP.guidewallpersguide,1.0.0,7,1
com.joytunes.simplypiano,7.10.1,7,1
com.iledger.book,1.1.28,7,1
com.erc.software.absolutelywallpapers,4.0,7,1
io.github.visnkmr.wirelessexplorer,Varies with device,7,1
com.supermenuapps.hallmarket,1.0.0,7,1
com.cupidmedia.wrapper.colombiancupid,10.10.2,7,1
com.coreapps.android.followme.powersymposium17,10.2.8.0,7,1
com.skclasses.app,1.52,7,0
bm.news,9.8.3,7,1
com.transgender.crossdresser.dating.transpal,1.5.0,7,1
com.ftmo.ct,4.6.54385,7,1
de.hector.clubapp.pnuts,2.24.7,7,1
com.chronogolf.booking.highlandmeadows,7.5.0,7,0
com.keepdeal.coupon.burgerking,1.0,7,1
com.rr.beads_16,1.1,7,1
com.cheesypc.madanop,1.0.5,7,0
air.com.pokellector.mobile,Varies with device,7,0
org.naviki,4.2212,7,1
onlinecar.parts.uk,3.6,7,1
com.hubsoft_client_app.ip,0.6.0,7,1
com.moov.jets.sharingapp2,3.5.17,7,0
co.pipecycle,3.42,7,1
com.forqan.tech.Jobs,1.6.5,7,0
com.oktopost.board,2.4.5,7,1
com.seventythree.work,1.0.839,7,1
com.searchmywebsiteservices.LEARN_C,4.10,7,1
io.re_public.android,0.0.16,7,1
com.heimavista.magicsquare.a5356103706,1.0.1,7,1
com.mousagroup.psvpn,1.0.3,7,1
com.flink.workforce,1.15.0,7,1
com.freegames.policecarcriminalchase,Varies with device,7,0
com.colpit.diamondcoming.isavemoney,7.4.5,7,0
afm.shopper.run,1.4,7,1
com.ogurecapps.box2,10.6.25,7,1
com.happyelements.happyfish,11.4.418,7,1
com.sweetescape.photographer,1.20.2,7,1
com.airupthere.huddle,4.0.28,7,1
gr.invoke.plus4u,01.00.15,7,1
com.madheadgames.nevertales.hearthbridge.cabinet.puzzle.google.android.uni.free,1.0.2,7,0
