com.alnetsystems.cms,5.2.19,5,1
org.bassbooster.djsongmixer.djmixer,1.0,5,1
com.inkgames.prizekingdoms,1.6.4.2798,5,1
com.qnomy.myvisit.app,3.6.0,5,1
dev.tright.gbwallapp,3.1.5,5,1
com.devsmsapps.jetaimesms,1.1,5,1
ng.twink.driver,1.7,5,1
nz.co.solus.Kotui.Kaipara,2022.1.6,5,1
it.chiarafazzinitrainer.chiara,1.1.3,5,0
com.dj.km.djmixerprotwentyandnineteen,3.4,5,1
com.akulaku.merchant,1.1.90,5,1
com.kaipa.thoughtfortheday,4.0,5,1
uz.Otalar.Bolalar,2.0,5,0
aworld.podcast.spain,4.0.0,5,1
com.yarkistudio.beaverAndFriends,1.0.0.0,5,1
com.hm.goe,22.49.2,5,1
com.atlogis.northamerica.free,6.9.0,5,1
br.com.w12.almeidajj,2.0.224,5,1
com.wca5f2cb0ca3.www,1.0.0,5,1
com.haikugamesco.escape13,1.10,5,1
com.photoeditor.beautyplus.camera,Varies with device,5,1
co.marshal.npyuf,1.4.65.12,5,1
com.mcqapps.mcq_grade_11_sri_lanka_tamil.mcq_grade_11_sri_lanka_tamil,1.0.2,5,1
com.mobidroidgamer.mantrarepeater,Varies with device,5,1
com.auroracw.aurorahcm,1.1.34,5,1
com.riatech.salads,Varies with device,5,1
com.avihealthyls,4.4,5,1
hs.gps.v3pro,1.0.9,5,1
rs.webdeveloper.epicentarpress,2.1.0,5,1
com.restylev2,1.0,5,1
xi.shpchemistry.notes,1.1,5,1
air.com.darkdome.haunted.laia,1.0.23,5,1
com.civicplus.nc_harrisburg,13.9.1,5,1
com.lesbonsprofs.lbp,1.1.1,5,1
com.subsplashconsulting.s_PMCDD5,6.0.1,5,1
dear.wms,1.9.285,5,1
com.matchaupair,4.9,5,1
com.subsplashconsulting.s_F57XZZ,5.21.2,5,1
com.appdinx.eeodccehjqf,2.9.4,5,1
com.mysterybuilders.YPAfingerprint,1.5,5,1
com.choiceofgames.parliamentofknives,1.2.7,5,1
com.tap4fun.callofsparta,4.6.6,5,1
com.zeel.consumer,4.1.8,5,1
radio.fm.mytunner.gaana.liveradio.radiostation.pocketfm,1.0.0.67,5,1
smartvq84.tikivideodownloader.tiki.no.watermark,5,5,1
com.app.hhrkhoj,1.0,5,0
com.artienz.social,1.1,5,1
com.maui365.pro,1.7,5,1
com.mobilerocket.educatedrecruitment,2.0.3,5,1
com.artlife.jigsaw.puzzle,2.20.2,5,1
co.thor.ydcye,1.4.64.9,5,1
com.montaponta.idlefactoriesandroid,0.3.15,5,1
eu.bandainamcoent.verylittlenightmares,1.2.2,5,1
com.app.eazyappfortytwo,1.1,5,1
com.segmentationfault.sensemobils.management.cams,1.0,5,1
kemco.rideonjapan.mareniabarpremium,1.1.5g,5,1
com.radioamfmfreeCanadaonlineradio.CJSBFMCJ104SwanRiver1045FMRadioFMOnlineCJSBFMCJ104,1.1,5,1
com.echurchapps.bethelcomm,1.2,5,1
by.drivetime.app,"8.6.1, build 43e3ed7b7",5,1
com.ultim8quiz.HarryPotter,2.0.1,5,1
com.mobidyalaya,0.04,5,1
com.creative.apps.sbcommand,1.02.35,5,1
com.tayasui.sketches,1.3.16,5,1
pk.gov.pitb.fmis,1.0,5,1
com.ikeyboard.theme.couple.kiss.doodle,1.0,5,1
com.latest.agecalculator,1.11,5,1
com.lz.cake.maker.simulator,1.13,5,1
com.sm.viettin,0.1.95,5,1
com.rebatus,2.1,5,1
com.askvideo.xferserum101,7.1,5,1
com.imfive.android,1.4,5,1
com.europosit.polygon2d.coloringpuzzle,4.3,5,1
com.ngelgames.herocantare,1.2.370,5,1
com.ef2go.app,2.19.3,5,1
com.desiderata.ihunt,1.2,5,1
com.wangwango.strategylegion,1.0.5,5,1
net.fashiondollinc.skating_world_competition,1.3,5,1
co.nick.ykczx,1.4.67.2,5,1
com.fox.droid.foxksaz,5.41.0,5,1
com.TupyW.RTXShader,1.0,5,1
com.andromo.dev604137.app599930,2.1,5,1
com.bible.vievi.lazy,1.21,5,1
com.mpex_app,8.6,5,1
com.ingyser.VeriMetal,1.6,5,1
com.tutorgrow.icysnow,2.07,5,1
com.pentawire.emupspxl,1.0.4,5,1
com.mobilegalleries,2.8.0,5,1
co.theguru.iowa,4.97,5,1
jp.co.mitutoyo.UwavepakBleMobile,1.0.3,5,1
com.epfbalancechekingallemployespensioncalculatorallepfservicesindiaepf,2.0,5,1
com.overdrive.mobile.android.mediaconsole,3.9.2,5,1
com.herogame.gplay.punishing.grayraven.tw,1.31.1,5,1
com.wxia.android.weather,5.7.2018,5,1
com.jetpack.android,21.4,5,1
com.artifexmundi.timemysteries1.gp.full,1.4,5,1
ru.andr7e.wifimonitor.pro,1.6.1,5,1
com.g5e.hawaiipg.android,1.27.2700,5,1
com.wombatunity.detranrs,1.0.2,5,1
com.edisongauss.bertotirepressure,1.4.2,5,1
com.nec.android.endd.univerge.st.st500,Varies with device,5,1
com.sparcindia.tms,2.1.4,5,0
com.comlab.dav2you,1.4,5,1
com.moreapp,6.5.9,5,1
enbd.mobilebanking,4.9.3,5,1
com.gii,1.1.2,5,1
com.superbros.adventure.jump.free,3.7.5081,5,1
org.devmiyax.yabasanshioro2,1.9.6,5,1
com.vbulletin.build_7233,2.4.3,5,1
com.Hash.RewardConverter,1.3.4,5,1
com.sunlife.hk.mysunlife,04.01.001,5,1
com.wandrguides.wandrguides,1.0.1,5,1
com.htc.hyundaime,4.0.0,5,1
com.marinabaysands.mobileapp,3.4.2,5,1
com.companionmedical.inpen.ous1,5.6.1.0,5,1
com.ingrails.eden_national_boarding_school,3.8.13,5,1
com.nonlineareducating.R.xferserum201,7.1,5,1
com.esv2go.yourschool,10.2.2,5,1
com.binpar.carlos.fuentes,10.1.3,5,0
com.meet.video.conference,2.7,5,1
com.trainerize.melissajaynecoaching,7.33.0,5,1
com.ralphlauren.rltodaymobile,22.6.0,5,1
com.dantebus.apps.app35500,2.53.600,5,0
ru.foodfox.client,2.87.0,5,1
org.entanglemessenger.entangle,1.0.1,5,1
br.com.tapps.phoenixevolution,1.0.17,5,1
org.prowl.torque,1.12.100,5,1
com.trainerize.liftingwithleslie,7.62.0,5,1
de.hahnemann.synthesis.demo,Varies with device,5,1
air.com.HFG.TheDarkFence,7.4,5,1
com.mictronicx.hss,1.0.6,5,1
com.prinics.printacase,6.9,5,1
com.bccab.sacramento,34.0.14.9065,5,1
com.myappuccino.m5db9625dda27d,3.3.10,5,1
com.dominigames.fe3,1.0.13,5,1
com.eduven.cg.cologne,2.0.4,5,1
com.ketchapp.gunaction,1.0.3,5,1
com.alarmclock.reminder.alarm.clock.simplealarm,1.1.3,5,1
com.apptv.tvftnews,1.0,5,1
com.apptegy.havenks,3.1.0,5,1
fr.motidjob.androidoverview,1.2,5,1
com.uoo.duploworld,2.2.1,5,1
com.yudie.yukanjii,8.5.3z,5,1
com.DEVBNIAICH.High.Protein.Diet,1.5,5,1
com.commotion.kkjm,6.8.5,5,0
com.cooperate.cooperate_seller,1.0.2,5,1
com.appfactory.essence,1.2.1,5,1
com.finalsite.pike,4.16.1,5,1
com.impression.impression_app,1.10.9,5,1
com.magneticonemobile.phone2crm.salesforce,2.3.164,5,1
ru.FoodSoul.NovokuzneckBurgerGrill,7.4.7,5,1
com.mirror.getwestlondon,6.11.2,5,1
br.com.wiki4fit.petersonfit,10.0.2,5,1
com.impresa.opta,2.0.13,5,1
io.everfit.wltfitrainer,3.17.3,5,1
com.FushiginanaFoggStd.fnf.friday.music,1.8,5,1
com.bkdesignsandblanks,1.2,5,0
com.nemoleoliu.OnePointThreeAcres,1.18.11,5,1
com.bee.wallpaper,1.0,5,1
com.virtupaper.android.user.c620,4.14,5,1
com.madheadgames.riteofpassagehisandrunifree,1.0.8,5,1
com.radweb.pi,6.0.15,5,1
com.sap.rex.ui,3.5.23,5,1
uk.co.positiverewards.feelgood,3.5.71,5,1
com.note2.lcars,8.0,5,1
com.bhappdevelopment.pdmanganprivatecoaching,PD Mangan Coaching 13.1.0,5,0
com.iamttnstv.teensnetwork,2.1.6,5,1
com.kewsoft.playdj,1.7,5,1
com.mapplico.triobebe,2.0.0,5,1
com.vc.free.xnxx.hot.video.downloader.videodownloader.xvideos.downloader,1.0.7,5,1
com.devforfun.rusbesounds,1.0.6,5,1
air.knight.joust.idle.tycoon,1.06,5,1
paolo4c.bips.watchfaces,2.4-flash_s_lite,5,1
com.adult.friend.finder.friendswithbenifits.fwbapp,1.0.2,5,1
co.arya.kbsaw,1.4.64.9,5,1
com.tradfrilux.wijsr,1.2.7,5,1
uk.co.tribehive.fli.huddersfield,1582-65-g5f07b656,5,1
com.subsplashconsulting.s_66V8HZ,5.20.4,5,1
np.com.naya.sabdakosh,3.0.1,5,1
com.xapp.htvbr,5.0.1,5,1
com.mobi2fun.lionkingdom,1.1.8,5,1
com.aardman.animationstudio,1.3.6,5,1
com.dwt.ddinvestment,1.7,5,1
com.sp_expert_connect.app,3.0.1,5,1
baby.shower.cards,9.0,5,1
fast_planning.plant_pro.grow,7.0,5,1
logos.quiz.companies.game,34.5,5,1
com.bhima.postermaker,2.3,5,1
com.weld_App,0.1.19,5,1
com.sk.pickuplinesinenglish,1.5,5,1
raylab.vancouvertourguide,2.0.0,5,1
com.jbl.go2.jblgo2.jblgo.jblbluetoothspeaker,3,5,1
com.dewangbhardwaj.siliconvalleyquiz,8.1.2z,5,1
com.kittenplanet.brushmon,3.3.18,5,1
com.conduit.app_0fb5a45005284135833bafae1f584659.app,1.5.19.45,5,0
com.taptaptales.playandlearnwithkitty,12.1,5,1
com.nhmedia.djmusicplayer,1.12,5,1
li.yapp.appFB96D947,10.41.0.0,5,1
uk.ac.rgu.myday,3.1.25,5,1
com.webprancer.google.gdseason,1.0.4,5,1
com.relaxapps.patternspuzzle,0.1.0,5,1
com.drwoli.kisslive,2.9.4,5,1
co.tapcart.app.id_GQEQ9eXxJg,4.0,5,1
co.krishnacreation.krishnacreation,6.3.0,5,1
com.took_app,1.0.15,5,1
net.surgery_games.sports_athletes_er_surgery,1.0,5,1
com.eduven.cg.macedonia,1.0.9,5,1
com.quintessential.abus,1.6.2,5,1
br.com.tapps.matchtheemoji,1.0.18,5,1
store.athli.train.own,8.4,5,1
com.risesoftware.greene95,23.01.200,5,1
com.batoki.kids.toddlers.hair.salon.world,1.0.11,5,1
com.automate.automateapp,3.7.0,5,1
com.bhappdevelopment.lukebeasley,Relentless Training Corps 13.1.0,5,1
co.tapcart.app.id_MDDTU4zYfL,1,5,1
com.perfectgym.perfectgymgo2.harder,1.19.6.002,5,1
com.pamsys.lexisaudioeditor,Varies with device,5,1
com.tapenjoy.minigame.aovstps,1.58.2126,5,1
com.os.colorball.push,1.0.9,5,1
com.carizos.dxdinosword,1.0.0.0,5,0
com.kalipsogames.psychopathhunt,2.0,5,1
in.mpgov.res,2.2,5,0
com.creaturefeatures.videoapp,1.0.1,5,0
com.ebfourapp.android609acf94a425f,3.1,5,0
com.mventus.ncell.activity,5.0.1.3,5,1
mipueblocr.mipueblo,1.22,5,1
com.tenues_idees_2021.diysmart_ideas.Outfits_Ideas_teens,4.0,5,1
com.taronga.wildwitness,1.6,5,1
com.applock.ultra.privacy.locker.security.applockultra,1.2.1,5,1
com.guestexpressapp.compasscove,1.5,5,1
com.onestoreapp.android.kachaes,4.0.1,5,1
io.waz.lulla,2.2.0,5,1
com.crispapp.hiddenpictures.waxmuseum,1.0.046,5,1
com.ratana.sunsurveyor,2.5,5,1
bingo.egogames,2.1.0,5,1
com.hlb.pocketconnect,1.2.1,5,1
ae.gov.mrhe,5.8.4,5,1
com.goval,1.2,5,1
com.pxai.klarity,0.0.6,5,1
com.famehouse.brantleygilbert,1.60.4,5,1
de.materna.bbk.mobile.app,3.4.2,5,1
com.genpack.duplicatephotofinder,2.8,5,1
com.apptegy.highland,3.18.0,5,1
im.twogo.godroid,v4.8.28,5,1
com.wallskinfav.frlagendskinwalls,1.0,5,1
com.ahg.qrmobiledata,9.8,5,1
com.abstractmedia.abaco,2.0.2,5,1
com.delightcrm,1.22,5,1
filemanager.clean.boost,1.3.7,5,1
com.nham24.nham24,6.3.6,5,1
muscleandboneanatomy.viewer,1.2.2,5,1
com.mobiess.portable.ui.droid.nhs,5.6.8245.0,5,1
com.readinsite.moonlightbasin,1.0.6,5,1
com.bemmco.indeemo,0.3.87,5,1
com.brother.diagnosis.gt,1.5.0,5,1
mobile.app7CZfb3Xc8x.tdjconf,2.5,5,1
com.fivebn.ll3.f2p,2.1.1.995.181,5,1
com.executive.eye,1.1,5,1
air.com.hfg.door.room.escape.adventure.mystery.level.lock.key.hidden,4.2,5,1
com.multiply_divide.na_studio,2.3.0,5,1
com.bhappdevelopment.taylorpaterson,ALT FIT 10.0.0,5,1
com.acremote.airapps,1.1.0,5,1
com.walnut.studentapp,2.2.1,5,1
com.novalsys.campusgroupsapp.ross,2.4,5,1
com.astrovision.freekundali.bengali,3.0.0.3-Ben,5,1
com.bpjstku,4.4.8,5,1
com.female.audionaat,1.24,5,1
appinventor.ai_pasquale_cardillo.dove,2.08,5,1
com.SneakersWallpaper.hypebeastshoes,1.0.0,5,1
com.YorshGames.FitItToTheHole,1,5,1
com.coexapp.chat,1.0.15,5,1
com.juliandtan.sundaepicnic,1.3.2,5,1
com.andromo.dev736739.app826813,2.0,5,1
com.techidea.khansirncertbooks,2.5.7,5,1
com.myfreevinapp.lexus,6.6.6,5,1
com.ls.reliance,1.0.14,5,0
com.salvus.sprint,2.0.62,5,1
xyz.penpencil.krantikarienglishapp,12.0.5,5,1
com.kuaiyin.tick,1.8.2,5,1
org.workit.ca,4.1.6.1,5,1
com.ketchapp.thefloorislava,1.5.15,5,1
com.mastermcpetools.dragonballzmod,2.0.1,5,1
com.itmedicus.dimsnepal,2.1.1,5,1
com.google.android.marvin.talkback,Varies with device,5,1
com.apptegy.andrew,3.0.0,5,1
co.shopney.app2beansapupcoffeeco,1.0,5,1
com.igg.android.deckheroesfr,13.3.2,5,1
com.hustay.swing.d0919e1c6702e4e24ad0b558e7ce8e516,0.2,5,1
com.geckolyst.futuregroup,2.2.0,5,1
cn.com.marcia.mymedpass,2.3,5,1
co.rendin,1.0.165,5,1
com.fane.videodownloader,28.0,5,1
com.kinderpass.app,2022.10.29,5,1
com.efolix.mc.admin,2.41.7,5,1
pixelflow.adaptiveiconpack,1.7.6,5,1
com.ca.benben,2.0.7,5,0
com.mtnsar3,2.0.0,5,1
com.viva.openloansglobal,1.107,5,1
com.arctictern.app,0.0.10,5,1
com.yorkmarkets.app,1.0.4,5,1
com.Gseeds.Pechka,6.8.4,5,1
com.pepstudy.pepplus,1.1.53,5,1
com.ziau.seamonstercity,12.71,5,1
com.Meromsoft.SchoolGirlsSimulator,1.0,5,1
com.stephitnesscoach.app,4.2,5,1
com.glowingapps.jabwopatharmoumhua.naziakanwalnazi,1.26,5,1
de.oe_quadrat.azubiapp.zdo,1.0.2,5,1
com.siddharthaschool,2.13,5,1
com.karolghyra.apps,1.0.1,5,1
com.inductivebiblestudyapp,2.5.16,5,1
com.toyotavn.android,1.19,5,1
com.mega.dozer.biglucky.winner.androidapp,,5,1
com.headupgames.bridgeconstructorplaygroundfree,5.0,5,1
com.interticket.interticket,1.33,5,1
health.bowhead.com.bowheadhealth,4.5.72,5,1
be.sncbnmbs.b2cmobapp,3.5.5,5,1
claw.machine.gacha.games,1.1.1.0,5,1
com.advantageapps.advframework.biomin.mycofix,2.0,5,1
com.irononetech.ots,3.0.9,5,1
com.edugorilla.uppsc_ae_civil_mock_test,01.01.234,5,1
com.bandito.firepass,1.0.64,5,1
com.tetegames.phenorun,1,5,1
com.pedby.retreat,1.0,5,1
com.urja360.elogistix,3.5,5,1
com.mycompanyfiles.hhconseils.android,4.2.6,5,1
com.umee.tv,21.03-release-build2021111514,5,1
com.loadcomplete.sheepindream,1.05,5,1
com.sc.mobilebanking.lk,2.6.16,5,1
com.hot_vpn.securevpn,3.7.7,5,1
com.hanzo.skins.club,7.5,5,1
com.mario_diaz.servicereports,1.0.8,5,1
com.uts_reseller_app,2.14,5,1
ee.err.uudised,1.0.20,5,1
cn.qz.monster.doll,1.0.8,5,1
interfaceisp.ispcube.com,20.5.3,5,1
com.tennisaustralia.tacoachpremium,1.4,5,1
mm.com.wavemoney.wavepay,1.4.2.1,5,1
com.raceatyourpace,1.7.197,5,1
io.taply.worldwide4youu,1.0.0.3,5,1
com.cashpayment.hiels,1.1,5,1
dastan.prince.rssaudinet,1.8,5,1
com.video.anivideo,1.9,5,1
com.seeclickfix.fostercityaccess.app,6.0.1.4634,5,1
com.northwesttimeline,1.0,5,1
com.simplemobiletools.musicplayer,5.16.3,5,1
com.innisfree.global.memberapp,2.5.2,5,1
in.jmfs.compass,1.0.0,5,1
com.trainerize.boldstrength,7.62.0,5,1
com.bigappsstore.namesesaneapnabhavishya,1.0.6,5,1
com.oracle.ofsc,22.11.2.1,5,1
com.ftft.FataFat,1.0.11,5,1
com.trainerize.rangers,7.62.0,5,1
com.peterxavier.automovetosdcard,1.0,5,1
com.dstvpn.unaccess,1.3,5,1
com.xs2theworld.cxmobile,11.2.0,5,1
com.carnivalcinemas.live,1.036,5,1
com.medline.discovery,Varies with device,5,0
br.com.claudiobasckeira.batata,1.3.10,5,1
io.pushpay.cornerstonechurchillinois,15.3.8,5,1
lu.sdc.mediahuis.app,1.0.1,5,1
com.turborocketgames.catsim,205,5,1
com.fitofitness.buttocks_workout_04,1.0.4,5,1
com.filepursuit.filepursuit,2.0.39,5,1
tomografia.computarizada,5.6,5,1
com.codesksolutions.shechocolate,1.0.1,5,1
com.greenmouseapp.AnuelABass,5.1,5,1
org.liskovsoft.androidtv.rukeyboard,6.1.19,5,1
com.motu.ldt3.twft,Varies with device,5,1
co.sheldon.qjrdh,1.4.64.9,5,1
org.nativescript.openlegendcharacterbuilder,1.7.0,5,1
com.bencallis.dealpadAdFree,1.7.2,5,1
com.commonground.hellocg.android,5.5,5,1
com.tech.thepigfarm,1.0.0,5,1
br.com.inovamedx.posop,1.4.8,5,1
com.radarbeep,3.0.0,5,1
com.square_enix.android_googleplay.FFBEWW,7.9.0,5,1
com.hqagentprosaas.wmt.android,1.5,5,1
com.imttech.remsep,5.0.13,5,0
com.runesoft.cultures,1.0,5,1
com.su.kesintileri,3.9.3.11,5,1
io.pointview.instabreak,2.4.1,5,1
com.trainerize.drandreatrainingapp,7.62.0,5,1
com.aerobola.iconpack.bangladesh,1.0.1,5,1
com.thunderboar.nutshellwhatsapp,1.0.0.0.7,5,1
com.cutestudio.videodownloaderforfb,1.2.0,5,1
co.tapcart.app.id_R7ZRCCNiEj,4.0,5,0
com.juno.intranet,1.6.9,5,1
com.magzter.retreatmagazine,8.0.5,5,1
ro.telekom.myaccount,22.1.0,5,1
com.punedev.jpgtopng,1.2,5,1
com.cyg.novafly.gp,9.5.0,5,1
com.estado.de.israel,120,5,1
su.sovietgames.everlasting_summer,1.6,5,1
com.trainerize.burnitbuildit,7.62.0,5,1
it.yellowchip.h_farm,4.3.2,5,1
com.iroid.NewMexicoCamping,1.0,5,1
tk.drlue.icalimportexport.premium,3.2v263,5,1
com.bookbeat.android,9.9.2,5,1
com.sjyy.hair,2.0.1,5,1
ge.universal.remote,2,5,1
com.tivola.wildlife.free,3.04,5,1
com.magazinecloner.hotenglish,6.12.5,5,1
com.yearlater.inboxmessenger,3.12,5,1
com.atoz.healthslate.patientapp.stabilityhealth,1.3,5,1
com.lifeear.mainapp,3.3.1,5,1
com.marmalade.jigsaw,1.2.0,5,1
com.isprint.mobile.android.cds.thirdcodepoc,2.08.00,5,1
nl.ontwerpwerk.kor,1.0.17,5,1
com.vilvabusiness.ammisamayal,2.2.4,5,1
com.unlimitedradios.toyotaradio,1,5,1
com.rr.music,1.4,5,1
com.heartland.smarthome,22.4.1,5,1
app.goodcrypto,1.8.7,5,1
ru.mw,4.40.2,5,1
com.genius.diggingotome,3.0.22,5,1
com.dm.fft,3.0.9,5,1
com.frenzoo.dress.up.match3.puzzle.game,1.5.0,5,1
app.malawi.music.com,1.0,5,1
com.azacodes.dubaivpn,11.99.205,5,1
com.nokia.wifi,3.220424.00,5,1
com.vspl.pf,1.1.5,5,1
com.k11.membership,10.9.0,5,1
com.boom.loadMamaT1,1.1.54,5,1
com.videodownloader.downloaderhdvideos,2.3,5,1
com.abcya.android.games,2.13.1,5,1
com.kumkwat.amazingbernard,2.0,5,1
centrica.ev.technician.app,1.1.14,5,0
com.brabea786.ahsan_ul_hidaya_16,1,5,0
com.s10launcher.galaxy.launcher,4.6,5,1
com.app.new.bgeraser,1.1.1,5,1
demonic.possession,2.9,5,1
com.android_coding.meanmedianmodecalculator,10.0,5,1
com.callingme.chat,1.0.6130,5,1
com.soundbooster.volumebooster.equalizer.extravolume.sound.volume.music,2.0,5,1
com.funqueue.android.mobilelegends,1.2.4,5,1
com.otoreport.bm,3.0,5,1
com.westlakesoftware.rep4,4.0.245,5,0
com.CarecoTV.OutdoorActionTV,Varies with device,5,1
sg.hidoc.visit,4.12.28,5,1
com.purebinary.elc,1.9.6.0 release,5,1
de.bitdroid.cult,0.1.7,5,1
com.mobillium.airalo,1.22.5,5,1
practicalcentre.ixnotes.biology,1.0,5,1
com.hundred_doors_game.escapefromwork,1.1.8,5,1
com.tedrasoft.plumber,1.18.7,5,1
com.delightcabslimited2.kenyanairobi,34.0.14.9233,5,1
com.chenvy.stick,1.1,5,1
com.lifelabs,1.0.0,5,1
com.ozzari.TubeRanks,1.0.15,5,1
com.playflock.indicatfb.indianacat.blast.puzzles.garden.home.matchington.adventures.merge.saga,2.8,5,1
com.app.testseries.pikeclasses,01.01.142,5,1
com.pcs.studiocitytat,1.7,5,1
finish.drawing.relax,1.11.4,5,1
com.Gallery_Shree,1.0.33,5,1
co.arya.bmspg,1.4.64.9,5,1
com.appswiz.dmfashion,1.1.0,5,1
it.papayaweb.masupermercati,1.2.2,5,1
com.allmylinks,2.5,5,1
com.wAVPlayer_15492333,1.0,5,1
com.octro.callbreak,1.26,5,1
uni.UNI17D90C3,1.2.3,5,1
com.usefultools.policesirenandsound,Varies with device,5,1
com.bookingfax.hpasstours,1.1,5,1
stretching.fitness.app,17.0,5,1
com.nextinnos.gshop,1.5.2,5,1
com.edugorilla.lmrcamjece,01.01.234,5,1
com.galliumgames.deadmansrestfinal,1.0.0,5,1
br.gov.sp.fazenda.nfp.app,2.2.8,5,1
com.codebaysolutions.lodgify,1.1.1,5,1
com.wewanttoknow.DragonBoxPlusPro,1.3.83,5,0
com.highsecure.lockscreenpasscode,2.0.4,5,1
com.runa23.sampling,1.0.30,5,1
com.tickaroo.enterprise.android7752093899737824318.x1fchersbruck,4.7.1,5,1
com.auctionmobility.auctions.twentyfirstcenturyantiques,null-twentyfirstcenturyantiques,5,1
com.vgm.mylibrary,2.1.3.2,5,1
uk.co.eatyourpeas.tannerwhitehouse,1.9.1,5,1
com.otsicgiyim.mobil,1.3,5,1
com.xijigame.iamwarrior,1.1.9,5,1
com.oazis.crazymillion,1.5.0,5,1
com.automotive.husni,1.0.1,5,1
com.derunverpacktladen.app,1.0,5,1
com.smartmediajo.hr,1.0.0,5,0
com.tg.usatruckdriver18wheeler,1.7,5,1
com.detect.vsbkzapp,2.3.1,5,1
com.cloudradius.dvpl,0.0.2,5,1
jp.co.trygroup.tryit.student,3.5.3,5,1
vh.one,3.21.10,5,1
com.fleetcomplete.resourcetracker.v1,1.16.233,5,1
hatten.app.defectmanagement,1.0.0,5,1
com.slimcricket.petitesorciere,4.0.1,5,1
com.motorider.offroadspeed,3.3,5,1
com.itherapyllc.songsintro,1.1,5,1
com.gashacoloringpook.gashaglbok,,5,1
de.appdinx.caj9nr3f49y,2.9.0,5,1
com.fenls.englisharticlesexercises,3.0,5,1
co.varys.essul,1.4.64.9,5,1
com.wJCDrones_14347487,1.0,5,0
com.cllocateclient.android,3.3.8,5,1
co.shield.nfydc,1.4.67.2,5,1
it.mondadori.chi,21.0.11,5,1
com.adams_wallpaper.wednesday,1.3,5,1
com.measuresquare.m2droid,1.18.31,5,1
com.mahatech.labourpay,1.0.0,5,1
air.com.qublix.mahjong,Varies with device,5,1
com.tobiapps.android_100fl,4.2.1.0,5,1
com.Vision.Interactive.Sounds.Ringtones.Pee.Prank.Ringtones,1.0.0,5,1
co.stan.epesp,1.4.64.9,5,1
production.ayeauto.customer,4.7.4,5,1
com.smeheadquarters.com,1.1,5,1
com.sega.kidcham,4.1.2,5,1
com.wemabank.alat.prod,4.2.3,5,1
com.elpais.newsstand,1.3,5,1
net.gastfreund.HotelAltVent,6.13,5,1
in.tss.pinas,1.0.9,5,1
digifit.android.virtuagym.pro.anniekayfitness,10.4.8,5,1
com.bebopbee.redlion,0.8.84,5,1
in.ewne.mobile,1.51,5,1
com.apstem.veganizeit,4.3.2,5,1
br.com.linkedrh.joinrh,22.11.03,5,1
com.mehmetkirazli.kazanamaziveoructakip,4.93,5,1
com.iprope.whale,1.0.6,5,1
com.TravelManitoba.MasterAnglerManitoba,3.0.1,5,1
com.arham.app.penglish8,1,5,1
de.thousandeyes.behnke,2.70,5,1
co.alicia.djedb,1.4.64.9,5,1
com.donkeycat.checkers,410.0.0,5,1
com.futurdigital.ap7740,1.0.0,5,1
com.ikeyboard.theme.neon.green.weed,1.0,5,1
com.minecraftpe.minicraft.mastercraft.atharcraft,1.0.2,5,1
com.hockey.su.ghiaccio.notizie,1.3,5,1
com.gmktv.gmktv,1.15.0,5,0
com.Virdys.KleinAR,1.0,5,1
com.softash.banglatune,8.2,5,1
com.popseven.scratchtutorials,1.2,5,1
com.media4care.familienportal,1.3.12,5,1
gyromagnetic.compass,1.35,5,1
borderLight.LEDColor.live.Wallpaper.freeborderlight.edgescreen.edgelighting.wallpaper,1.4.3,5,1
com.faadooengineers.free_graphtheory,6.0,5,1
tz.tigo.mfsapp,4.7.23,5,1
com.damonplay.damonps2.free,5.0,5,1
com.masjidnoor.app,1.0,5,0
com.technogym.mywellness.inspiredfitnesstracker,6.1.1,5,1
com.dalcomsoft.ssom,3.7.23,5,1
com.fiziico.r2,1.0.b-678-221014101604,5,1
com.vg.jellyjamsplash,7.220.4,5,1
slots.vegas.casino.slot.machine,3.6,5,1
systems.altura.aclient.dirnea,1.10.2,5,1
us.dl.anime.avatarmaker,1.0.7,5,1
com.toptennistracker,2.1,5,1
com.edugorilla.maharashtra_board_class_iv_mocktest,01.01.235,5,1
com.terrorist.shooter.lu,1.3,5,1
orlando.online.app,1.0.59,5,1
com.applidium.vianavigo,8.2-2859.0,5,1
com.asin.app,1.3.0,5,1
com.guidebook.apps.CalPolyNow.android,2022.3,5,1
sault.ste.marie,4.6.6,5,1
com.Cm.LinksPro,1.0.0,5,1
com.sumasoft.service,2.4.1,5,1
com.mksys.ufoburger,1.5,5,1
com.coolkit.ewelinkcamera,1.3.8,5,1
com.benderdating.app,1.2.4,5,1
com.simyasolutions.ling.no,5.0.5,5,1
com.musescore.playerlite,2.12.36,5,1
com.citizenobserver.laconiapd,2.0,5,1
com.predestination.smmate,3.1.1,5,1
com.trainerize.aklifestyleandfitness,7.62.0,5,1
com.funeasylearn.english.american,7.0.9,5,1
com.meraki.trustedaccess,2.0,5,1
com.olelocm.app,16.0.0,5,1
com.hightech.babycare.tracker,1.4,5,1
com.threefiveeight.adda.embassy,9.4.1-embassy,5,1
com.azw.doodle.art.wallpapers,5.1,5,1
com.swapcard.apps.android.semi,4.17.0-1,5,1
com.vinalex.vrgb.jack,4.8 JE,5,1
com.qianyan2.frhelper,8.2.7,5,1
europe.truck.simulator2,0.42,5,1
com.elearning.android.amantilakorganisation,3.5,5,1
com.exatools.sensors,1.6.03,5,1
com.jingxun.smarthome.lje,1.6.247,5,1
com.chitose.NA2200654,3.41.1,5,1
com.fqd.reduce.videosize,1.0.0,5,1
com.apptegy.paxton,3.7.0,5,1
com.ifs.banking.fiid5026,6.4.1.0,5,1
com.logistics.rider.talabat,v4.2301.2-rollback,5,1
com.solutions.AAAMetricS,2022.05.07,5,1
com.madyapradeshlandrecordsroronline,4.0,5,1
com.oohar.app.pmtraining,1.0.1,5,1
com.subsplash.thechurchapp.s_P6J95N,6.0.1,5,1
com.learnanimalsounds,11,5,1
com.recursoscstore.seriesbiblicas,1.0.1,5,0
com.treshna.memberportal.bohemiatan,6.7.10,5,0
air.com.tinychat.mobile,6.2.17,5,1
com.practicelaurenyoganet,7.702.1,5,1
com.pushpress.northwestiowafitness,2.46.0,5,1
com.companyname.LetThemCome,1.0.51,5,1
com.infoniti.group.snjhaapp,5.0.0,5,1
com.inkitt.android.hermione,2.15.2,5,1
com.iansart.blessingsquotes,1.0.0.1,5,1
com.coderunner,1.0,5,1
com.holoash.voicechat.staging,1.0.0,5,1
org.renpy.flavor_savior,1.22,5,1
