nh.smart.banking,2.7.7,9,1
org.suposhit.gp,1.2.1,9,0
com.jiabaida.little_elephant,3.2.014,9,1
com.gamehh.dajin,1.50.118,9,1
com.zopsmart.rrmandi,5.2.9,9,1
extremethemers.samsung.galaxy.s21.s21fe.s31.samsungs21fewalls.launcher.theme,1.0,9,1
com.dashride.clients.svtaxicabs,2.21.3,9,1
com.trakntell.tnt3,4.2.336,9,1
com.akenterprises.ecommercestore,1.0.3,9,1
com.pgx7e9oq80jl.pu5jtysvsapp,3.6.5,9,0
com.puzzle.threetilesmatch.gp,0.0.5,9,1
com.funeasylearn.languages,3.3.6,9,1
com.perfectportal.pp6e0c518a857442db,6.0.2,9,1
net.ploosh.farm.paid,1.8.87,9,1
com.bhadartech.bacteria,1.2,9,1
com.bpjstku,4.4.8,9,1
com.shopify.logomaker.hatchful,2.3.0,9,1
com.cyberlink.powerdirector.DRA140225_01,11.2.0,9,1
com.leolegaltechapps.fxvideoeditor,8.8,9,1
com.creativemobile.beholderfree,2.6.253,9,1
so.teta.app,0.6.3,9,1
org.vlada.droidtesla,6.22,9,1
com.chivalry.triplewin.slots,1.48,9,1
algar.telecom.meusservicos,4.6.1,9,1
com.sm.user,1.0,9,1
com.glitchvideoeffects.glitchvideomaker,1.8,9,1
at.navil.been_there,2.3.5,9,1
com.biglifegroup.streetnews,1.1.1,9,1
com.ohmgames.chambouletout,2.20,9,1
net.nitkori.lokeyboard,1.8.1,9,1
com.epiximus.bricklab,1.4.2,9,1
com.komorebi.diary,1.4.4,9,1
com.digibites.accubattery,2.0.7,9,1
net.betasy.client,3.6.9,9,1
com.cloudspringtech.kortext,2.4.202,9,1
com.watchfacestudio.pww44_lad,Varies with device,9,1
com.guidebook.android,7.21.6,9,1
air.com.fernus.vectorvideo.goyayinlari,1.1.00,9,1
net.gamon.bdTW,6.1.4,9,1
com.fitnessmobileapps.pivotbykristinarmstrong,5.5.0,9,1
com.custom.goescape,1.41,9,1
com.kadrifarruku.yugiohguesstheactor,8.12.3z,9,1
com.gs.deer.hunter3d,1.7,9,1
com.icestorm.miningGunz,3.0069,9,1
com.bestplaceapps.tileyard,0.3.11,9,1
com.hprt.familyprint.intl,1.14.3-intl,9,1
com.rhselect.rhselect,4.0.0,9,1
io.fitbase.pilatesstudiobykaty,2000.16.33,9,1
com.worldradioapp.fm.radio.denmark,1.24,9,1
com.wafagames.sog,1.0.0.1060_build_80,9,0
com.gameanimation.thoms,4.0,9,1
com.unlicreation.basiceconomicbookoffline,Basic-economics-books-offline01,9,1
com.customchurchapps.bethanybaptist,2.0,9,1
com.mariBerkembang.unsmp,1.0,9,1
com.fireshooters.dog.breed,4.0,9,1
com.kifah.tahfiz,2,9,1
jaikalki.biomagzine.com.k11tsgrewal2019,2.0,9,1
com.ehawaii.sex_offender_search,2.0.2,9,1
com.forcepower.rpgl_2022,2.07,9,1
com.ipmagix.campusplatform.ajmaan,38.0-ajmaan,9,1
com.dominigames.mt10,1.0.16,9,1
com.gigrev.melissab,1.17.0,9,1
br.com.ideia2001.CatalogoGranero,0.0.5,9,0
in.learnyst.civilianz,19.10.32941,9,1
com.divundo.deltagare.suconference,1.0.0,9,1
sk.pixwell.therun,5.0.6,9,1
com.sap.mobileservices.client,6.3.3,9,1
br.com.tapps.epicpartyclicker,2.14.48,9,1
ie.flipdish.fd17761,1.7.2,9,1
com.paphus.julieassistant,8.6.0,9,1
com.trainerize.williamwyliepersonaltrainer,7.62.0,9,1
nl.meetmijntijd.yorkshireseries,7.0,9,1
com.orrie.squabbit,3.4.3,9,1
co.tapcart.app.id_msSom6B6aM,4.0,9,1
com.OppositeWords.Abhishek,0.13,9,1
sjmis.health.savethechildren.bangladesh,2.11.02,9,0
com.app.essexcountycommissionersnjj,1.0,9,0
net.tonysoft.inst_enter,1.0.24,9,1
family.balanced.android,1.2,9,1
com.jop.frozenjellygp,1.0.6,9,1
com.communi.gospelimwerdenberg,1.13.0,9,1
com.sqyx.azqq,1.2.23,9,1
com.taskbox.app,1.4,9,1
pl.gniezno.bs.bsgnieznomobilenet,1.3.23,9,1
com.csogames.client.android.app.durak.passing,1.9.39.585,9,1
robotzombie.zombierobot.robot,142.0.20191227,9,1
app.mgmynul.com.nubd24,1.0.11,9,1
com.tocaan.fixpro,5.1.5,9,1
com.w3saver.typography,2.6.6,9,1
com.ketchapp.rider,1.6.6.2,9,1
com.arutala.matta.matta,2.4.6,9,1
com.aaa.portal.aaa_app,1.0.1,9,1
ee.GluePaL.MugenShooting,1.00,9,1
org.fruct.yar.bloodpressurediary,3.2.3,9,1
pifox.app.imagecoloreditor,2.1.3,9,1
com.DevExtras.VoiceTools,1.02.100,9,1
com.iz.my.tizi.town.doll.games.pretend.play.home.family.life.wonder.world,1.6,9,1
co.haward.yjjri,1.4.64.9,9,1
com.visiblebody.physiologyandpathology,1.1.06,9,1
ps.jawwal.enjoy,2.0,9,1
com.outistech.countryquiz,1.0.3,9,1
com.ptwired.testapp,1.0testapp,9,1
net.senyonet.pelicanhill,11.0.4,9,1
com.tangram3D.SummerGamesLite,4.6,9,1
it.enjoyenergy.app,5.2214.1,9,1
binarymango.michaelkorsqlauncher,1.0.2,9,1
com.dictionary.microbiology.science.bacteria.pathogens,3.7.3,9,1
com.seallive.liveapp,1.4.9,9,1
co.bran.vvtfo,1.4.64.9,9,1
co.nick.movic,1.4.67.2,9,1
com.mochibits.google.leftvsright,4.3.1,9,1
com.kabam.kocmobile,21.7.2,9,1
com.application.wynns,1.2.31,9,1
com.daovanuong_fpt.nokialauncher,3.9,9,1
com.mapway.chicagometro,3.1.0,9,1
com.maxmpz.audioplayer,build-945-bundle-play,9,1
com.anymacar.jaguarsvr,1.0,9,1
com.sapphiretechnologies.sapphirenotes,1.0,9,1
com.geeelle.jsy2,06.07.02,9,1
com.mbdholdings.compositioncollection,3.0,9,1
com.playstrom.cubescontrol,1.1.6,9,1
ro.stbsa,2.3.0-stbsa,9,1
app.motiday.motivation.inspiration.quotes,4.0.4,9,1
com.radio.SR1Musiktester,1.0.0,9,1
b_wind.tools.bank.pfbalancecheck.epfbalancecheck,1.0.3,9,1
com.eweapons.gunsweaponsimulator,1.8.5,9,1
com.nursing.midquiz,1.0.20,9,1
com.CyberModeSoftware.ElectricWorldDrivingSIM,4.1,9,1
com.sustained.sustainedchoice,2022.4.29,9,1
bd.com.rrad.service.surecare,1.2.14,9,1
com.radiolight.venezuela,1.12.1,9,1
co.jorah.lvbcd,1.4.65.12,9,1
org.smartregister.chw,1.0.1,9,1
com.itsolutions.mexicanenglishtranslator,3.0,9,1
com.benzveen.utility.pdftool,4.0.2,9,1
eu.dominicweb.africankeyboard,0.50,9,1
livewallpaper.free.xian26,2.0,9,1
com.kokicilik.lisablackpinkwallpaperhd,1.6,9,1
com.referralmatellc.mate,1.0.9,9,1
com.fa.corrigirtelafantasma,38.0,9,1
de.exultation.satellietfinder,5.01,9,1
de.feiertage.kalender,1.102,9,1
com.dhruvinit.wbstatusdownloader,2.7,9,1
com.ccrn.player,9.18,9,1
mycompany.christianmeditation,4.1.7,9,1
alldictdict.alldict.fres,2.6.3,9,1
com.suiarts.DenturesAndDemons,1.1.12,9,1
co.bran.qntps,1.4.64.9,9,1
com.BecomeDev.IntraFoundation,2.5,9,1
com.Skylab.Nemapp,5.7.3,9,1
com.watch.richface.digital,Varies with device,9,1
ch.beekeeper.partnersgroup,8.14.0b236,9,1
com.androbaby.learningcolorsforkids,1.7,9,1
com.suchbyte.macrodeck,2.4.1-beta,9,1
cmb.pb,10.3.5,9,1
com.vg.us.army.truck.driver.games,1.0,9,1
br.net.pstelecom,2.0,9,1
com.schooleverywhere.innovation,1.0.10,9,1
com.hexoline.oxygendark,7.8,9,1
com.bigfaction.mcpipwala,3.1.1,9,1
echarge.main,5.8.7,9,1
com.youstiti.valdisere,4.07,9,1
com.discobowl,3.5.13,9,1
com.falcon.p.gplay.street.fight.punching.monster,1.0.22,9,1
com.greenchef.GreenChef,1.106.0,9,1
branded.com.wrapiq,2.71022.0,9,1
com.myfxbook.forex,1.525,9,1
com.millionairemind.advancedleadership,11.0,9,1
air.com.wizits.buddies,Varies with device,9,1
com.kiwigames.loser.simulator,2.3.3,9,1
comdeveloper_one_pager.wix.httpnachumt.calc_point,1.3,9,1
com.onefitstop.thehundred,5.0,9,1
com.rajput.aviraj.gyaana,2.0,9,1
com.ideafun.paint.book,7.6.13,9,1
me.jajae.dft,1.2,9,1
com.hkjc.member,1.4.201,9,1
com.arsutech.sevenmin,4.3.6,9,1
com.cutewallpapers.aestheticwallpaper.foodimages.unicornswallpaper.yellow.pink.offlinewallpaper,2.0.1,9,1
com.gamelikeapps.fapi.wcqf,3.3.0,9,1
th.co.kernel.dev.dbconnex,2.0,9,1
com.rebelvox.voxer,4.0.0.22378,9,1
games.fatlion.motorcycle.games.racing.motor.minecraft.mcpe.crafting.and.building.gta.grand.theft.auto.exploration.lite.free,1.15,9,1
com.customchurchapps.newlifecypresstx,2.0,9,1
com.JESoftware.ZombieDefence,6.1,9,1
com.gamehouse.pl2,1.0.9,9,1
com.gamedigits.AuctionQuest,3.4,9,1
com.blackboard.android.central.njcu,2022.12.1200 (build 10906),9,1
tv.livewx.livechasing,3.1,9,1
net.pryvate,13.3.28,9,1
com.romantica.ritmo,4.1.3,9,1
com.cmd.android,2.0.0,9,1
com.Becoming.app,1.0.0,9,1
dev.vasc.vshop,2.6.0,9,1
com.rackshop.ovaticsolution,1.1,9,1
com.bca.halobca.android,1.1.10,9,1
com.besttutors.dict_armavi,1.0.2,9,1
com.BertyGames.zombies.io,1.1.1,9,1
com.arcade.idle.reporter.life,0.0.1,9,1
com.morosedays.funmods.ffplay,9.1.9.0.1,9,1
starbarbershop.mobi.barberly,12.0.5,9,1
com.mihoyo.desktopportal,2.2.1.33,9,1
com.facefun.app,1.2.1,9,1
com.funtomass.bestlauncher,2.0.1,9,1
ru.underair.getaccess,1.1.52,9,1
fm.lucid.android,3.3.0,9,1
com.sherlock.beatit,2.0,9,1
net.guesstheword.guessthewordassociation,1.5,9,1
au.gov.nsw.onegov.fuelcheckapp,1.2.48,9,1
com.quotesmessages.philosophyquotesdailystoic,1.0.8,9,1
com.wyspianStudios.rpgModuleFull,2.1.5,9,1
com.gamehouse.barbarous,1.2,9,1
com.vikatanapp,5.5.7.5,9,1
mobilesam.boom_what_you_say,1.0,9,1
com.imult.leotig,1.3,9,1
com.faithnetwork.impactchurch,1.3,9,1
com.amouzigh.um6p,9.5.6,9,1
com.radios.de.guatemala.jair,3.1.1,9,1
com.company.benss,1.0.0,9,1
com.interracialsinges.mobi18,3.24.1.1,9,1
com.spoonity.rakitchen,2.7.1211,9,1
rk.onlineexam,1.2.3,9,1
com.kryptongames.findthedifference150levels,1.0.6,9,1
com.mewewatihindiapp.abubakarkajiwan,4.2,9,0
br.com.gangentregas.taxi.taximachine,15.1.1,9,1
com.word.puzzle.game.connect,2.7.6,9,1
com.edugorilla.tn_trb_computer_instructor_mocktest,01.01.234,9,1
com.inape.savethemasters,1.1.2,9,1
com.fancyu.videochat.love.pro,2.27.2,9,1
com.wonderapps.speedometergps,1.8.12,9,1
com.cmoney.productionline.allanchips,1.9.9.1,9,1
com.OfunGames.HornyGoosePro,1.0,9,1
com.macpowerdev.mcsudoku,1.14,9,1
com.maramsin.mcalendar,1.95,9,1
com.es.motorcyclegame.bikegame.xtremebike.racing.strike.racingsimulator.motobike.racinggames,1.5,9,1
com.easytech.wc3,1.6.4,9,1
com.gangster.theft.vegas.auto.vi.games,1.0.3,9,1
com.wejoy.weshot,2.5.0,9,1
com.armworkout.armworkoutformen.armexercises,1.2,9,1
jp.co.heibonsha.app.koyomi,2.0.4,9,1
com.meat,1.3,9,1
com.superbox.aos.jewelblast,1.6.3,9,1
com.oohlala.seattlecentralc,2022.12.1200 (build 10906),9,1
com.sfeir.lvmh.microapps,Varies with device,9,1
in.integrated.itrade,1.0.9.8,9,1
bpm.saintpierre,1.0,9,1
avas.ride.taxi.maldives.passenger,0.41.05-CROWNFLASH,9,1
com.dip.baitoru,9.6.0,9,1
com.trackpod.routemanager,1.1.1,9,1
com.redmatrix.hell.cell.wrestling.revolution.tag.team,1.3,9,1
mobile.appR95n3VLsfz,5.78.2,9,1
com.greatefin.infinite.loopchain.puzzlegame,1.1,9,1
com.medpresso.Lonestar.willseye,3.6.17.1,9,1
br.com.txclassa.taxi.drivermachine,14.11.3,9,1
com.artifexmundi.eventide.gp.free,1.2,9,1
com.heimavista.magicsquare.ieappd006,1.1.8,9,1
com.coldapp.at50rooms1,62,9,1
com.mobiapplic.apps.android.canlarsu,1.1,9,1
com.itanand.wswordsearch,1.1,9,1
co.nick.xwugx,1.4.67.1,9,1
com.ehwplus,1.7.6,9,1
com.nautilusinsgroup.emuwc2020,1.0.0,9,1
com.leetags,4.2.4,9,1
com.coverflip62c6a5f259f12,1.0,9,0
ru.livemaster,2.38.1,9,1
bitsmusic.photovideomaker.videostatusmaker.particlemusicmaster,1.0.10,9,1
com.goostudio.gamesforboys,1.1.6,9,1
it.rcs.fcinter1908,Varies with device,9,1
com.airserbia.mobileapp,2.2.6,9,1
com.twoheadedshark.tco,2.1703,9,1
com.wrig.truehb_alpha,1.5,9,1
com.YovoGames.nail2,1.1.0,9,1
vgicprod.com.republicapp,1.5.0,9,1
com.piupiuapps.princessdressingup,1.1.4,9,1
com.fivebn.daf1.full,2.0.1.975.105,9,1
x.kelynle.studio.verbal_advantage_level_1,1.8,9,1
bubbles.offline,6.17,9,1
recursos.paracristianos,2.1,9,1
com.kwjengineering.sparrow,2.0.0,9,1
com.thewalks,4.1.0,9,1
com.kfirapps.testi,1.5.5,9,1
com.andromo.dev622020.app1019699,4.5,9,1
com.manapotionstudios.happyroomlog,5,9,0
pl.gda.pg.mkioski,1.1.6,9,1
io.kodular.alexkehrmann87.EasyTableNotes,1.9.3,9,1
com.MakananRumah.HomeFood,1.0.15,9,1
org.mountsinai.octaid,5.2.1,9,1
com.eg.antarctica88,1.5.4,9,1
com.subsplash.thechurchapp.s_78WZBD,6.0.1,9,0
co.getfulfilled.ridejkt,2.0.9,9,1
com.meetmaps.inclusion18,1.3,9,1
com.keiser.mseries.app,Varies with device,9,1
com.oepns.oep_ns,2.0,9,1
com.wildlife.camel,1.1.2,9,1
com.bhappdevelopment.jimmymartin,JM Coaching 12.13.0,9,1
com.videodownloaderapp.shareanyvideo.screenmirroring.saveittogallery,1.3.1,9,1
com.mountainside.peakbagger,Varies with device,9,1
com.trustvpn.fhm,1.0,9,1
com.fruitshake.fairyrpg,2.29,9,1
com.BabloonStudios.CrosswordFarm,1.1.1_79,9,1
justsw.tonypeng.bpmf_practice_123,1.19,9,1
com.goaly,4.0.9,9,1
com.eastsong.europe,3.5.1,9,1
com.g247.spiral.ramp.car.racing.stunt.game,2.0.23,9,1
com.redoq.kuick.ccapp,9.0.11,9,0
com.cyberdome.bsafe,1.5.2,9,1
com.kpop.bts,1.1,9,1
com.AsciiGamesCompany.RiftTale,1.28,9,1
com.rbs.mobile.android.rbs,Varies with device,9,1
com.nupuit.nala,Varies with device,9,1
com.sotdashboard,5.4,9,1
com.rn_ai_story,1.0.6,9,1
com.stillnewagain.yelifba,1.8,9,1
com.baitboat.bleapp.baitboat,1.51.0,9,1
com.accointing,4.1.2,9,1
com.CrookedHandsGames.UnblockCubeEscapeBlock,1,9,1
com.asw.moneyback,3.9.3,9,1
com.onemdev.flutter_ui_challenges,2.0.1,9,1
com.driveless,1.0.12,9,1
br.com.rgnet.app,1.0.2,9,1
com.rolexbooth.user,2.1.0,9,1
com.buriedscience.app35975,1.0.0,9,1
cz.rucenaprsa.android,1.2.8.27,9,1
au.org.vision,2.1.5,9,1
com.hyperbeard.klep2cats,1.24.6,9,1
gr.radio.gradio,7.1.33,9,1
com.beardedhen.sussedoutmaps.bath.paid,2.2,9,1
com.ouazgames.SpiderMaster,100,9,1
com.marcodematteis.runintervall,3.1,9,1
com.hoytinteractivemedia.wordsearchworldtraveler.android,1.18.3,9,1
com.quarzo.paintmandalas,2.1.0,9,1
kpd.lawusanyall,0.36,9,1
com.first_love,1.10,9,1
com.blackcircleapps.halloweenbingo,11.3.0,9,1
com.ingrails.pritima_english_sec_school,3.8.3,9,1
com.microjoy.number.crush.match.numberzilla.ten.saga.puzzle,1.5.0,9,1
com.skymoons.kittenmatch,1.7.0,9,1
com.calcsheetpad.spendlite,Varies with device,9,1
com.NaokiMurakami76.HanabiHockey,1.0,9,1
com.goplus.lite.vpn,1.0.0,9,0
com.sidearmsports.fanapp.up,2.0.2,9,1
com.neowiz.game.koh.global,3.05.001,9,1
com.favero.fa15,1.20,9,1
com.bikinaplikasi.rmkebunku,67.0,9,1
com.moz.politics,1.0.14,9,1
net.daum.android.mail,3.8.4,9,1
com.uride.pax,5.0.1,9,1
com.icmantra.app,1.52,9,1
com.decathlon.app,6.16.0,9,1
com.mag.sscchslpaper,1.0,9,1
com.octabeans.osversioninfoforandroid,2.7,9,1
com.inwebo.near.prod,6.20.1,9,1
com.cookingteamrestaurant,9.2.0,9,1
com.mobiappstudio.dinnerrecipescookbook,1.0.3,9,1
com.ffs.demon.warrior.premium,6.2,9,1
com.ahbyte.SensorsToolBox,1.3,9,1
com.boostme,32,9,1
com.customchurchapps.appr2lbagju,1.0,9,1
com.eorder.bmr4,8.7,9,1
it.verificaassicurazione_pro,Varies with device,9,1
com.alphadeal.coupon.harborfreight,1.0,9,1
com.lemongame.klondike.solitaire,4.24.0.20221011,9,1
tv.uscreen.eastoaksstudio,2.8.0,9,1
com.plsoft.imbroker,1.0.38,9,1
br.com.remessaonline,4.2.8,9,1
com.potatojam.onet.master.connect.match.pairs,1.09.03,9,1
com.mantis.gosuperbus,21.03.00,9,1
com.congressparty.photoframes,Taniz v3,9,1
com.ukshopping.sonu,2.8,9,1
com.urbanoutfitters.android,2.55,9,1
com.blackcircleapps.cowboybingo,10.21.600,9,1
com.anygames.assettoforza,1.1,9,1
ladywizard.death,1.4.5,9,1
com.ketchapp.getinshape,1.8.3,9,1
com.ESFileExplorer.ES.File.Explorer,1.2,9,1
com.wHairChallenge2_14471641,1.0,9,1
dominik.familien_suche,1.9.4,9,1
com.sbtt.courses,3.7.2,9,1
com.optimumglobal.webtrader,1.10.50,9,1
siegma.pc.fibler,1.4.2,9,1
com.revision.monsterbattle,0.7-gp,9,1
com.madovergames.BuffaloSlots,1.5.0,9,1
com.deadsimpleapps.doge,2022.4.29,9,1
com.MenuDino.SrDivino_DogandBurger,3.0.0.0,9,1
com.av.ol.cds,1.0.7,9,1
com.farmtribe.ft3_ru,1.8.3,9,1
com.panotogomo.bdorange,5.1,9,1
com.bettingtips.gotips,5.130,9,1
br.com.centermidia.renacer,2.0.0,9,1
com.calculator.gross_profit_margin,1.3,9,1
com.intsig.camscanner,6.33.1.2301120000,9,1
axis_android.axis_android.SilverSpringCountryClub2016,22.42,9,1
com.lotusflare.datasensor,3.0.4,9,1
com.appswiz.teamyambitionytrainingdidgef,2.0.0,9,1
com.shinart.clawmon,0.4.2,9,1
com.inweapp.live,5.3.7,9,1
com.kribibapps.cardibwallpaper,2.2,9,1
com.customchurchapps.walkingbyfaith,5.21.3,9,1
com.nhnent.SK10360,15.6.3.03,9,1
appmesdocsci.wpapp,10.0,9,1
br.com.mv.pimobile,2.17.4,9,1
fr.ceaslvernon.appce,2.426,9,1
com.nupuit.navfc,1.2,9,1
com.dttrainingapp,23.0,9,1
org.qooapps.heartratewatchface,1.0.6,9,1
com.bi.arupiah,1.0.23,9,1
com.poqstudio.app.platform.pinkboutique,1.0.9029,9,1
mobi.easyorderapp.ksfastfood,6.3.0,9,1
vpn.express.vpnextra,1.00,9,1
com.ubtedu.ukit,v2.4.0.8,9,1
vehicleverification.com.vehicleverificationpakistan.carverification,2.1,9,1
com.mzapps.app.cotoflix,2.0,9,1
com.gamesture.team.guild.raids.pvp.multiplayer,1.16.3,9,1
com.levelex.gastroex,1.2.1,9,1
com.bluecorner.totalgym,4.3.8,9,1
com.classyebooks.FranklinsWayToWealth,6.0,9,1
cbs.livestreaming,9.8,9,1
com.gamefeast.battleground.prisoner.survival.shooting.games,2.9,9,1
com.wl.jobsite,211.0.0,9,1
com.boulla.compareprices,1.0.22,9,1
com.qilobit.domidriver,1.1.1,9,1
br.com.petlove.petlove,6.45.0,9,1
com.apptegy.wallace,3.0.0,9,1
com.slotslimited.goldencasino,1.0.609,9,1
com.ufo.learnchinese,2.7,9,1
com.js_app,1.2,9,1
com.momenzo.momenzo,2.5.5,9,1
com.yoyofun.dentist.surgery.doctor.games.hospital.dental.care,,9,1
com.loyaltyplant.partner.groove,112.08.81,9,1
com.uefa.uefatv,1.7.0.171,9,1
com.shovon.jobneo,5.0,9,1
com.resellerclub,3.4.2,9,1
com.simplerotamaker,4.0,9,1
com.citizenobserver.horizoncitypd,2,9,1
com.app.thespecialdoctors,1.6,9,1
com.spaceman.verticonspro,2.3.8,9,1
com.secondhiday.rezerowallpapers,1.0,9,1
com.ezjoynetwork.gardenmaniastory,4.3.7,9,1
com.shelfwatch,4.5.5,9,1
com.pmparabicexamsimulator.eps,1.4.1,9,1
com.solinvictus1313.landballs,0.15.1,9,1
com.mobile_wallpapers_collection.Oneplus_Nord_ce_Wallpapers,1.1,9,1
live.swoopy.claw,3.4.6,9,1
de.rnd.op,2.2.13,9,1
com.ps.android.imagecompessior,1.0,9,1
com.yorudev.sexyanime,2.7.2,9,1
com.appbites.tshirtphotoframes,1.0.3,9,1
com.minigamers.diyrainbowcakemaker,1.0.8,9,1
uk.co.firstnews.app,6.6,9,1
com.zatg.scarychild.horrorgame,3.0,9,1
com.generalmobile.app.musicplayergo,1.0.11,9,1
com.minube.guides.puertomadryn,6.9.17,9,1
com.jinglebelljam.game,2,9,1
com.imleagues.android.oklahoma,2.2.1,9,1
com.emittercritter.awesometanks,1.357,9,1
com.jellyfishconnect.foodserviceandhospitality,6.12.5,9,1
com.sunstar.modern.auto.car.theft3d,3.7.0,9,1
com.staralliance.navigator,2.9.1,9,1
co.tapcart.app.id_BftnHXsDpJ,4.0,9,1
com.br.wild.rooster.run,2.11.10,9,1
com.simbafood.kikuubo,2.3,9,1
com.app.p4874EF,1.19.0.0,9,1
com.soundsquadteam.sillysounds,1.0.15,9,1
com.yiannnos.kodinext,1.3.2,9,1
com.gb.city.driving.car.parking.games,1.0,9,1
co.sheldon.hmuey,1.4.64.9,9,1
com.nysoravet.app,1.0.7,9,1
com.google.android.apps.cloudconsole,1.11.prod.494676444,9,1
com.jasminemobileapps.ladiesshirtsfashionnewphotosuit,1.1,9,1
com.vts.wikiofthrones,1.0.12,9,1
gorapp.subaruimpreza.wallpaper,2.0.0,9,1
com.dewmobile.zapyago,2.6.3,9,1
com.offlinedictionary.law,13.0,9,1
com.dn.games.gangstaz,0.6.72,9,1
com.smartlogics.nsaqua,1.5,9,1
co.nick.zutql,1.4.67.1,9,1
com.nexamuse.earringdesigns,8.0,9,1
pier.story.cruise,1.0.5,9,1
com.tranquilidade,2.1.0,9,1
com.Zradioapps.RadioSwiss.RougeLatinoRadio,36.01.1,9,1
fr.airweb.psg,10.2.7,9,1
com.wDeafDating_9339387,1.0,9,1
com.ta.offline.strike.force,3.9.22,9,1
com.doodle.master.draw.glow.art,2.2.2,9,1
kr.bitbyte.playkeyboard,1.27.00,9,1
com.gzjimiao.mergesaga,1.0.0.22052015-release,9,1
net.yeastudio.colorfil,1.0.91,9,1
com.chatosolutions.numericalmethodstools,1.2-free,9,1
fxrstudios.homelesslife,2.2.6,9,1
com.Cradgames.Zero,1.10,9,1
rc.nocrop.sketch.photoeditor,1.2,9,1
com.preply,5.5.0,9,1
com.inspireui.listapp.mylisting,1.8,9,1
com.codcy.analizmakinesi,2.4.7,9,1
sk.alteris.app.kalendarcz,5.0.4,9,1
us.yourcamp.app,2.13.0,9,1
com.BestCarWallpapers.Audiwallpaper.images.photo.lockscreen,1.0.0,9,1
com.oksikapt.com,1.1,9,1
beehomie.something.app,2..0.0,9,1
com.cilabs.flisbon,22.2.7,9,1
com.radio.m14ae2b4b9,1.0,9,1
com.roularta.lexpress,12.3.5,9,1
com.freequranenglish.tafheem_full.audio,1.2,9,1
mdtoolkit.ctviewer,2,9,1
hrci.exam,3.1.1,9,1
com.l475927b8b35.app,1.0.13,9,1
com.cta.scottsmarket,11.7.1,9,1
com.monaco.moncabuslanding,Varies with device,9,1
co.familyplay.monstergrade4free,3.30,9,1
cc.conferences.epa2022,2.1,9,1
com.naveentp.ka.dte,2.3.0,9,1
com.toptrendinggames.drugdealer,1.0.1,9,1
com.devgame.blue.tractor.games.children.learning,1.4.1,9,1
com.angularcam.scientificgpscamera,1.0.7,9,1
com.Cine1.UV2018,0.8,9,1
com.tplusinteractive.checkpointsg,3.3.3,9,1
br.com.wbcompanies.patrimonio,1.0.0,9,0
com.app_pikerestaurant.layout,1.0.9,9,1
com.denmaswawi.emote_freefire,1.0,9,1
com.keystone.mobile,1.2.4,9,1
bookofjokes.app,9.4,9,1
co.bran.nefzg,1.4.64.9,9,1
com.sewookori.fake_artist,1.9.5,9,1
com.zins.client,2.0.9,9,1
com.varsitytutors.learningtools.sat,1.8.5,9,1
app.activitypro.hampton,1.0.7,9,1
com.mobilityware.SpiderGo,1.5.3.816,9,1
com.hyundai_electric.android.cbfaultreader,2.0.1,9,1
com.finlitetech.livekeeping,5.9.5,9,1
com.quickmobile.konferenz16,2.4,9,1
com.skisosoft.pps,1.3,9,1
com.digieggs.deathstar.logg,2.3.4,9,1
tr.com.ayserenginyatcilik.amatordenizcininelininaltinda,1.02,9,1
com.caredfor.parc,9.1.2.1668701592,9,1
com.tachanfil.periodicosdominicanos,6.0.4,9,1
com.zodiactouch,5.4.3,9,1
com.fivebn.tl3.full,2.1.1.1005.63,9,1
com.fgs.high.school.teacher,1.0.8,9,1
com.vezel.android.defendercuard,2.0.6,9,1
blast.boom,7.5.30,9,1
com.dineinclub.admin,0.0.275,9,1
com.inwave.kingparty,0.0.29,9,1
co.marshal.mvaox,1.4.64.9,9,1
com.airealmobile.centralminnesotachristianschool_33507,45.7.0,9,0
com.app_lcso.layout,1.0.1,9,1
com.mightybell.thepatiochic,8.93.3,9,1
another.music.player,2.0.17,9,1
com.mobile.bizo.reversesound,1.0.7,9,1
co.tapcart.app.id_g9Y3kOMYfp,4.0,9,1
ng.sterling.sterlingswitch,1.8.2,9,1
Com.sktelecom.minit,6.0.2,9,1
manastone.game.wcc.Google,2.09.02,9,1
com.dmidias.radioclubefm,5.1.0.,9,1
com.cactusstudios.dianapetdash,1.5.0,9,1
com.innovativeinformatics.assess,1.3.164,9,0
com.skisosoft.coach,1.3.0,9,1
com.thenotesgiver.ba_notes,2.3,9,0
com.mobilestudios.mobilebooster,2.9.7,9,1
com.ilotustek.appsistersday543568,1,9,1
com.Becoming.book,1.0,9,0
com.suup.games.ghosthunters,1.0.3,9,1
com.lamoda.lite,4.23.0,9,1
com.makane.decotoolsjo,2.2.0,9,0
com.tlcm.flashlight,Varies with device,9,1
de.appack.project.svberlin,1.0,9,1
com.apptastic.stockholmcommute,2.8.5,9,1
com.jmnetogamedev.chibihero,1.0.0.0,9,1
jp.co.nnr.busnavi,1.27.0.1,9,1
com.latersoft.cyberwar,1.0.5,9,1
com.upscale.beaver,1.1,9,0
it.dv.pocket.stamps,6.5,9,1
com.lightcast.android.incmedia,2.6.002,9,1
com.tubers.hiddencamera.finder,1.1,9,1
com.paulinathurm.houseofpeace,2.5.1,9,1
com.ms.office365admin,4.8.1.0,9,1
com.watchfacestudio.nxv84,Varies with device,9,1
com.lawyers.connect,1.0,9,1
com.ajstudionz.school,3.10.0,9,1
com.monbuilding.app.howard_by_chateauform,3.2.3,9,1
com.rachittechnology.lawapp,4.700,9,1
air.com.bartbonte.yellow,2.9,9,1
com.sophiakingdom.skscannerpdf,1.1,9,1
com.fromyouflowers,1.2.3,9,1
com.jpostlite.jpostlite,1.2,9,1
com.approids.hindidp,1.6,9,1
com.codeeax.cg_land_record,1.0.0,9,1
com.sapphiremeet.sapphiremeet,2.0.3,9,1
app.christianmeet.dating,2.1.0,9,1
com.mobile.bizo.tattoo.two,3.1.32,9,1
dunkirk.rider,4.6.5,9,0
com.miniclip.agar.io,2.23.1,9,1
zenithbank.com.zenithbankmobileappghana,16.4.0,9,1
com.protech.dollarlb,1.2.8.2,9,1
ma.yous.wc,9,9,1
bbr.com.sensuallingerie,1.0.0,9,0
com.jobupdates.recruitment.naukari.governmentjobs,1.6,9,1
com.newreading.goodfm,Varies with device,9,1
com.vgf.animalcell,0.34,9,1
com.grofsoft.tripview,4.0.2,9,1
com.spynet.camon,3.1.2,9,1
uk.co.focusmm.DTSComboLGV,1.2.4,9,1
