com.enviaclientapp,3.3.3,27,1
com.herocraft.game.zombiederby,2.0.0,27,1
com.gmail.apnastudio9999.astralprojection,1,27,1
com.ffsvideogames.aab.dc2f2p,1.1.0,27,1
com.unbound.android.cqhm,2.8.06,27,1
com.gameinsight.tropicsmerge,,27,1
cx.makaveli.flashoncall,3.0,27,1
io.pushpay.stanthonylakecatholicchurch,15.1.0,27,1
com.sam.glaze.sandy,2.0,27,1
com.dominigames.hn3.free2play,1.0.29,27,1
com.v2r.jewelvampire,1.20.1,27,1
com.avokiddo.games.thinkrolls_space,1.1,27,1
com.medex.yodawy,2.19.0,27,1
com.trucksmarter.app,65.0,27,1
com.wondershare.mobiletrans,3.6.5.434,27,1
io.pushpay.surreyhillsbaptistchurch,15.4.9,27,1
sk.bonbon.kosiceregion,2.8.4,27,1
sk.inlogic.rouletteprovip.android,1.0.34,27,1
com.trainerize.gijosh,7.62.0,27,1
com.trainerize.bodiedbyianj,7.62.0,27,1
innmov.babymanager,354,27,1
com.healthline.ra,8.6.4,27,1
com.inkspiredwriter,2.6.1,27,1
test.auxilio.judicial,11.0.0,27,1
com.lightinchaos.poppace,1.0.49,27,1
com.desiderata.ihunt,1.2,27,1
air.net.roseverte.htfalk.en,1.1.7,27,1
com.riversidepressenterprise.android.prod,4.0.0,27,1
io.pushpay.redemptionchurchgilbert,15.45.50,27,1
pl.idreams.Dino,2.12,27,1
com.stormbay.zerobidfinderfree,3.9,27,1
com.tenbirds.animus,1.2.2,27,1
com.artifexmundi.mightymachines,"0.4,1",27,1
com.arcstar.overrapid,1593v34MK34,27,1
com.mobilepeople.yale.yalehome,3.0.1.16,27,1
project.vivid.ui.plugin.darpoint,3.0,27,1
kemco.execreate.dungeoncardrogue,1.2.2g,27,1
com.sm_parent,2.0.6,27,1
com.cutcom.apparmor.thurston,1.9,27,1
com.pixelfun.online,0.9.8,27,1
games.cheekymonkey.glorygloves,0.1,27,1
com.potatoplay.swordhunter,1.3.4,27,1
com.thelearningapps.vegetableactivity,2.0,27,1
com.netmarble.mkglobal,2.2.0.18,27,1
com.diskforensics.recoverbin,2.0.54.gp,27,1
com.Ipswichymca.parent,4.0.9,27,1
com.axsy.app.cgc,5.9.8-3764+20221004,27,1
ca.motusbank.mapp,4.2211.1.2,27,1
com.braveorange.muscleking,1.3.1,27,1
com.trainerize.sarahhudson,7.62.0,27,1
ru.subprogram.guitarsongs.vint,7.4.82 vint,27,1
com.Makhmutov.Timeflow,11.2.3,27,1
com.pianote2,2.1,27,1
com.iz.princess.games.kids.doll.house.my.town.pretend.play.home,2.7,27,1
com.eigthsecurities.tradeflix,4.6.5,27,1
com.JuliaFisher.BrainyKid45,1.1.1059,27,1
com.muralfestival,1.0.31,27,1
com.twohouses.app,4.1.7,27,1
com.elephantgames.strangeinvestbecoming,1.2.6,27,1
com.winnersclub.empire88slots,2.98.0,27,1
com.trainerize.keithridleyfitness,7.62.0,27,1
supreme.icon.pack.ddt,14.0.0,27,1
lrstudios.games.ego,6.08,27,1
com.instatech.eddiemunsonwallpaper_eddimunsonbackground_eddimunsonimage,2.0,27,1
com.unbound.android.sogh,2.8.12,27,1
com.marklauren,11243,27,1
com.trainerize.jeannemariefitness,7.62.0,27,1
jp.co.capcom.kenji1en,1.00.01,27,1
com.pazugames.donutmaker,1.7,27,1
alien.shooter.metal.war,1.0,27,1
id.FuturisticArchitecture.LightPinkWallpaper,1.0.7,27,1
com.bbc.heyduggeecolouring,1.8,27,1
com.pikethirteen.client.medxpf,4.7.3,27,1
com.trainerize.theworthykingsapp,7.62.0,27,1
cs14.pixelperfect.iconpack.heradark,6.4.9,27,1
com.mydogzorro.linelight,1.4.9,27,1
com.habby.archero,4.8.3,27,1
com.szn.gat.yslzm.gp,1.2.569,27,1
axis_android.axis_android.LafayetteClub2016,11.7,27,1
com.mirfatif.permissionmanagerx,v1.12-ps,27,1
com.peopleitrust.pitapp,4.4.1,27,1
com.afra.nervoussystem,1.3,27,1
com.hamptonproducts.array2,1.1.2,27,1
com.naturalmotion.csrclassics,3.1.0,27,1
com.dncc.boski,6.5.4,27,1
com.trainerize.wellbysarah,7.62.0,27,1
com.denver.smartliving,1.0.8,27,1
com.unbound.android.uban,2.8.04,27,1
com.pichincha.bpbilletera,1.26.2,27,1
com.app.cricketapp,Varies with device,27,1
com.barnstormgames.mensaiqcheck,1.1.0,27,1
com.taskade.mobile,4.0.3,27,1
com.vg.mechlegionageofrobots,2.71,27,1
jp.co.a_tm.android.plus_milky_rose,2.0.0,27,1
com.motioncam.pro,1.2.9-pro,27,1
com.ccswe.SmokingLogPlus,6.0.5,27,1
com.oxiwyle.modernage2,1.0.37,27,1
com.dominigames.mt14.free2play,1.0.55,27,1
com.mondayoff.chip,1.0.72,27,1
com.kayac.balloon_crusher,1.1.9,27,1
com.esportshooting.fps.thekillbox.se,1.0.4,27,1
com.artifexmundi.themythseekers.gp.free,2.2,27,1
com.bymichael.vegan,0.0.22,27,1
com.InlogicSports.FootballKicks,2.1.4,27,1
com.nuskin.shoppingcart,2.1.5,27,1
com.fairappsstore.idcardswallet,4.5,27,1
apptech.arc.pro,48.7,27,1
com.EyeMG_3D,2.0,27,1
se.illusionlabs.skate2,1.6.1,27,1
com.playmini.miniworld,1.1.45,27,1
com.elephantgames.hhtheevilinside,1.0.2,27,1
one4studio.iconpack.aresblack,1.1.3,27,1
com.elephantgames.chimheavsec,1.0.8,27,1
com.reliancegames.ss2,2.2.158,27,1
com.ffsvideogames.btaw7aab,1.0.0,27,1
com.hg.cloudsandsheep2ff,1.4.3,27,1
com.hoksieducation.staffapp,1.8,27,0
com.codekonditor.xl.space,1.3,27,1
com.zuuks.bus.simulator.ultimate,2.0.7,27,1
io.pushpay.winnerschapelarlington,15.1.0,27,1
com.tops.learnvern,1.76,27,1
com.dudyfit.fitnessrayramis,5.0.3,27,1
com.globalgovernanceapp,1.0.2,27,1
com.dominigames.fg1,1.0.16,27,1
com.reesesbookclub.rbcclientreact,1.8.6,27,1
air.com.alikestudio.bringyouhome,Varies with device,27,1
com.ea.gp.novanfs20,1.5.0,27,1
com.trainerize.activelychicfitness,7.62.0,27,1
com.playsportgames.mmm3,1.2.0,27,1
com.teamlava.jewel56,1.3.0.7s56g,27,1
com.pixelperfectdude.htdrive,3.1.141,27,1
application.app.development.appdevelopment.learnapp.learn.androidapp.makeapps.programming,4.1.58,27,1
com.bug.equip,,27,1
net.peakgames.lostbubble,2.114,27,1
com.trainerize.urbanathletics,7.62.0,27,1
com.ironhidegames.android.kingdomrush4,1.14.3,27,1
dk.krogholmit.sewingpatterns.full,1.4.19,27,1
com.choiceofgames.versus2,1.0.7,27,1
com.absolutist.timegap,Varies with device,27,1
com.diginn.diginn.android.app,134,27,1
com.driverapplication,3.5.2,27,1
com.facturacion,1.1,27,1
us.mathlab.android.frac.edu,2022.50,27,1
com.trainerize.coachjc,7.62.0,27,1
com.Fivestones.Alter,1.01.9,27,1
com.YourCompany.Jardinage,1.0,27,1
kaptioned.app,7.6,27,1
axis_android.axis_android.StLucieTrailGolfClub,22.42,27,1
com.funzilla.imposter.attack,1.1.3,27,1
com.nolesh.android.livewallpapers.blackhole,2.1,27,1
bnpparibas.noscomptesentreamis,2.2,27,1
com.gmail.toms.kevin.ktfsm,5.0.1,27,1
pl.pitbot.pitbot,1.3.3,27,1
com.telbyte.lite.pdf,6.3,27,1
com.adbztw.swerx.dweea,,27,1
com.trainerize.swingstronggolfperformance,7.49.0,27,1
com.playdigious.dungeonoftheendless,1.3.10,27,1
com.caglobal.iot,1.0.5,27,1
com.kartatech.karta.gps,2.39.04,27,1
com.artifexmundi.pathofsin1.gp.free,2.2,27,1
com.zymobile.decor.blast.gp,2.0.8,27,1
com.trainerize.cindyrobertsfitness,7.62.0,27,1
com.icecoldapps.screenshoteasy,Varies with device,27,1
com.mictronicx.hss,1.0.6,27,1
com.mse.Kairos,2.0.10,27,1
project.vivid.ui.plugin.parrasit,1,27,1
com.filmic.firstlight,1.3.7,27,1
com.mytoursapp.android.app3705,7.3.41-prod,27,1
com.chillingo.robberybobfree.android.row,1.21.5,27,1
digitalafrica.vignettes,2.2,27,1
io.pushpay.pleasantgreenumc,15.1.5,27,1
com.alphaquest.medievallife,3.1.1,27,1
com.eastsidegames.lowerdecks,1.8.2.18680,27,1
com.chillingo.catapultkingfree.android.row,1.6.3.4,27,1
com.trainerize.lifetime,7.45.0,27,1
com.h5g.high5casino,5.2.0,27,1
com.prekano.tonakaiwwatch_gp,1.0.0,27,1
com.careinnovations.growlink,1.5.2,27,1
com.alawar.straysouls,1.4,27,1
com.pashapuma.pixminimal.iconpack,8.2.stableBuild,27,1
com.herrprofessor.app,1.0.0,27,1
com.tbegames.and.speed_boat_racing,1.00,27,1
com.playtika.wsop.gp,10.0.0,27,1
com.imayi.dinodeformer,1.0.6,27,1
com.informed_app,4.6.14,27,0
com.trainerize.lillianjunewellness,7.62.0,27,1
com.cafe_perks,2.4,27,1
com.betternakedclub,4.2.2,27,1
com.honeydew.stealermagic,1.0.73,27,1
it.ilgiornale.android,8.0.310,27,1
com.protostar.sling,4.2.5,27,1
com.sp_expert_connect.app,3.0.1,27,1
com.bloomnu.slay,2.0.2,27,1
com.superclash.herogame,1.1.0,27,1
com.mypthub.theocwellness,1.11.11,27,1
uk.co.aifactory.fial,1.59,27,1
com.argonremote.launchonboot,2.3,27,1
com.vp_digital.chat,1.00.018,27,1
com.MASTGames.StarChindy01,2.4.4,27,1
com.xpous.myapps,8.1.9,27,1
com.languagedrops.drops.learn.learning.speak.language.italian.words,36.53,27,1
com.gau.go.launcherex.theme.mayan,1.06,27,1
com.htg.traumapedia,1.0.11656,27,1
kr.co.sonnori.whiteday.g,21.1.100,27,1
com.hhcontrol.smart,1.0.0,27,1
com.blingblinggames.antcolony,1.3.1,27,1
com.intellijoy.abc.trains,1.10.4,27,1
com.fivebn.clovertale,1.4.10,27,1
com.nekki.shadowfightarena,1.6.4,27,1
com.artifexmundi.noirchronicles.gp.free,2.1,27,1
com.infinitygames.poweron,1.6.5,27,1
com.electrowolff.factory,1.2.3,27,1
com.kiwamedia.android.qbook.slamnine,1,27,1
com.partipost,4.8.0,27,1
com.sidelesscubestudios.lazysweettycoon,1.5.2,27,1
com.atari.mobile.rctempire,3.28.4,27,1
com.monapplivtc.cm6196b7,1.815,27,1
okinawa.harapeco.catRestaurant,1.4.3,27,1
com.atistudios.mondly.bg,8.7.8,27,1
com.hexoline.yellowyou,7.8,27,1
com.a985sw.unknownhero,3.0.298,27,1
jp.co.capcom.sf4ce,1.03.03,27,1
com.tvn.labs.txpenal,1.7,27,1
com.unbound.android.ubpci,2.7.80,27,1
com.netmarble.btsw,1.10.2,27,1
com.artifexmundi.ghostfiles.gp.full,1.0,27,1
kemco.hitpoint.legerrior,1.1.3g,27,1
com.kurechii.tinyguardians,1.1.13,27,1
co.acetone.acadly,2.7.4,27,1
com.blackcatsystems.selcall,1.5,27,1
com.tinybuildgames.helloneighbor,1.0,27,1
com.trainerize.egfitnessapp,7.62.0,27,1
com.mytoursapp.museumvictoria.walks,Varies with device,27,1
com.madheadgames.riteofpassagehisandrunifree,1.0.8,27,1
com.trainerize.sculpturetrainingstudio,7.41.0,27,1
com.kingsofgames.chessuniverse,1.16.3,27,1
fr.cearep.appce,2.426,27,1
com.budgestudios.HelloKittyNailSalon,2022.3.0,27,1
com.trainerize.pfhealthandfitness,7.62.0,27,1
org.olympic.app.pinquest,16,27,1
com.justaguyproduction.ohnoohyeah,1.13,27,1
com.zoomtook.quickgstcalculator.pro,1.0.5,27,1
com.ea.game.pvz2_row,10.2.2,27,1
com.ffsvideogames.btaw5,1.1.5,27,1
nl.valkexclusief,5.2.8,27,1
com.nextgenreality.gunclub3,1.5.9.6,27,1
com.echurchapps.northwestchurch,15.12.13,27,1
com.cookapps.sr,7.1.0,27,1
com.unicc.certificateofentitlement,3.1.2,27,1
io.geoworkforce,1.80.0,27,1
com.dominigames.ch1.free2play,1.0.23,27,1
com.direwolfdigital.root,1.29.7,27,1
com.gamehouse.fab5,1.24,27,1
de.msh.android.nw,5.0.0.56,27,1
com.global.ztmslgtw,7.0.93,27,1
com.kobobooks.android,Varies with device,27,1
com.lego.duplo.train,1.8.17,27,1
com.buffstudio.argo.choice.visual.novel.adventure.story.games,1.0.5,27,1
com.lightinchaos.poppace,1.0.49,27,1
com.givestarapp,2.1.0,27,1
com.bluebraingames.thehouseofdavinci2.demo,1.0.0,27,1
com.madovergames.BubbleShooterClassic,6.1,27,1
com.smamolot.mp4fix,2.4.2,27,1
com.musicnchilli.gav2,1.0.0,27,1
com.toppluva.grandmountain,1.215,27,1
com.svgroup.oucalendar,1.0.4,27,1
com.yorfstudio.zookemon,2.0.6,27,1
com.natewren.pastyiconsfree,3.4.6,27,1
com.epiccardgame.epicapp,5.20211004.1,27,1
com.elephantgames.pfpoashiddenobjects.googpremium,1.0.5,27,1
org.nanobit.mystory,6.12,27,1
io.pushpay.centergilbert,15.1.2,27,1
io.pushpay.riverridgechurch,140.11.16,27,1
com.generali.mobile.iclick,0.0.92,27,1
com.bowengames.farmingusa2,1.79,27,1
com.kimchristin.intentions,1.0.1,27,1
com.wbk.wbk,2.3.1,27,1
com.theappcompany.rationaltraining,3.6,27,1
com.dominigames.mt8.free2play,1.0.13,27,1
com.schindler.store.aheadactionboard,1.8.0,27,1
com.freespoke,1.11.1,27,1
app.chiku,10.5.7,27,1
com.kaliki.twibbon17agustus.harikemerdekaan.dirgahayuke77,1.1,27,1
com.satisfy,1.9.5,27,1
com.hamdalahdev.carlosriverawallpaperhd,3.0,27,1
com.caia.master,2.3.1,27,1
com.asiaville.ayevee,5.6,27,1
com.trainerize.changeiscomingbysheyla,7.62.0,27,1
com.IGDTeam.latihansoalUSBNuntukSMP,8.1,27,1
com.js.guide.nyc,4.1.1,27,1
com.choiceofgames.rebels,1.0.20,27,1
com.rovio.dream,1.49.0,27,1
com.healthline.dep,8.8.5,27,1
beehomie.something.app,2..0.0,27,1
com.dsxy.vigo,1.5.1,27,1
com.artifexmundi.queensquest.gp.full,1.1,27,1
com.ist.logomaker,0.10401.4,27,1
com.gmail.ahaanaakshaychadha.dayreflectorapp,3,27,1
com.fumbgames.idleblacksmith,0.13,27,1
com.moaness.InfiniteDose.free,2.91,27,1
com.pivotgames.fruitsducks.gp,131,27,1
com.ea.games.simsfreeplay_row,5.73.1,27,1
com.minogames.dogs.android,1.40.03,27,1
com.kwai.m2u.gp,3.4.0.30422,27,1
com.playflock.indicatfb.indianacat.blast.puzzles.garden.home.matchington.adventures.merge.saga,2.8,27,1
com.terribletoybox.thimbleweedparkandroid,1.0.7,27,1
com.fiveonline.sonsofkorah,1.02.07,27,1
com.trainerize.mwfitnessapp,7.49.0,27,1
multipleaccounts.parallelspace.cloneapp.appclonerstudio,1.0.24,27,1
com.au.assist,4.2.1,27,1
com.waterm3lon.garnachowpp,1.0,27,1
com.tutotoons.app.jungleanimalhairsalon2.free,8.0.20074,27,1
com.trainerize.joshuabowersfitness,7.62.0,27,1
com.urban.app.resident.hk1,1.1.1,27,1
com.chopperkhan.stickmantuber,1.1,27,1
com.trainerize.mainefitness1,7.49.0,27,1
com.redbull.bike2,5.4.0,27,1
com.allstarunion.myths,1.16.1,27,1
com.fibrum.ghostsvr,1.1,27,1
com.sadpuppy.lemmings,6.73,27,1
com.trainerize.cstathletic,7.62.0,27,1
com.fluentforever.fluentapp,1.0.71,27,1
com.kakaogames.twodin,1.12.3,27,1
com.bites.learning,10.1.1,27,1
com.detentiongames.hiddenobjectswashingtondc,1.4,27,1
com.oceanhouse_media.bookbutterbattle_app,2.45,27,1
com.khangames.genesis.sandbox.adventure.royal.quest,1.0.1,27,1
com.unlicreation.humanresourcemanagementbook,Human-resource-management-book01,27,1
com.landmarkgroup.homecentrestores,7.55,27,1
studio14.application.caelus,4.5.5,27,1
com.trainerize.fitnessjonestraining,7.62.0,27,1
com.LearnyLand.MayTheForces,1.3,27,1
com.waltermaps.waltermapsfree,1.3.7,27,1
com.asif.plugin.sendexpect,2.2.5,27,1
com.playstack.toomanycooks,0.8.6,27,1
com.wizardgames.bg3dGO,1.4.0,27,1
com.kickresume,1.6.1,27,1
aris.hacker.launcher.blue,6.6.2,27,1
com.trainerize.curiousfitness,7.62.0,27,1
net.lrstudios.android.chess_problems,4.18,27,1
com.sngames.GOH.aos,1.6.1,27,1
com.trainerize.constantlyfit,7.62.0,27,1
com.privage.yourtrustedcare,2.7.0,27,0
com.trainerize.pmftraining,7.62.0,27,1
com.imayi.dinofiretruckfree,1.1.9,27,1
com.madheadgames.wanderlust.shadow.of.monolith.puzzle.google.android.uni.free,1.0.3,27,1
com.tbegames.and.top_speed_drag_racing2,1.05.0,27,1
com.pixelbite.sg,1.3.2,27,1
com.ndolphinconnect.uglyhood,1.14.10,27,1
com.begin,3.1.3,27,1
com.choiceofgames.parliamentofknives,1.2.7,27,1
com.avokiddo.games.thinkrolls_kings_and_queens,1.3.7,27,1
com.square_enix.android_googleplay.SaGaSCARLETGRACEw,1.0.1,27,1
com.elephantgames.roydetthelastcharm,1.0.8,27,1
io.pushpay.FRANKLINTEXASINFORMATIONCENTER,15.2.0,27,1
jp.co.hitachi_maxell_PJ.PJQuickConnection,2.4.0,27,1
com.everestminds.checkme_patient,6.6.0,27,1
com.hexoline.orangeyou,7.8,27,1
games.flick.solitaire,1.05.55,27,1
com.trainerize.regainfitness,7.62.0,27,1
com.playstudios.myvegas,3.34.0,27,1
com.simi.floatingbuttonpaid,6.0,27,1
com.httpdose.dvs,1.2,27,1
com.museumsensevisitorapp.fbq,1.0.15,27,1
com.unbound.android.ubnc2l,2.8.15,27,1
com.voyapic.app,1.5.9,27,1
com.orbital.donttouchit,1.0.17,27,1
fr.cepoleemmah.appce,2.426,27,1
com.ffsvideogames.dc4aab,1.0.25,27,1
com.mobigrow.hollywoodescape,1.2,27,1
com.wuerth.token,1.1.0,27,1
mylittleprincess.castle.free,7.00.10,27,1
fr.horizon.adm,5.3 (2709.0),27,1
com.rawfury.woam,1.0.0,27,1
com.tutotoons.app.candylockshairsalon.free,1.2.87,27,1
com.ashvinstech.oneui,1.1.1,27,1
com.tutotoons.app.powergirlsfantasticheroes,1.5.24,27,1
com.axelvincent.transcriber,1.0.80,27,1
com.frontierehr.mehr,2.5.0,27,1
com.zombodroid.MemeGeneratorFullGplay,4.6333,27,1
com.yingwen.photographertools,10.4.10,27,1
com.telltalegames.walkingdead200,1.35,27,1
com.gameresort.ninjawesome,1.1.3,27,1
com.viennadev.nancymomolandwallpaper,1.0,27,1
com.pegasus.workforce,2.2.0,27,1
com.mehdirabiee.xtremedrift2,2.2,27,1
com.thedebugarena.bookstore,1.0.1,27,1
com.soundtouch,3.50,27,1
com.trendmicro.tmas,1.5,27,1
com.hii.world,1.5,27,1
me.highlevel.myapp,1.0.2,27,1
com.talentbook,1.3.0,27,1
com.mngo.knights,3.4.11,27,1
com.anti.theft.alarm.alarm.app.for.dont.touch.mobile,1.3.0,27,1
com.GameDuo.MadArcher,6.05.00,27,1
com.unlicreation.electroniccircuitsbooks,Electronic-circuits-books01,27,1
com.glu.samuzombie,3.4.0,27,1
com.budgestudios.googleplay.hellokittyfashionstar,2021.1.0,27,1
split30days.splitworkouts.dailysplits,3.0.0,27,1
project.bluetoothterminalpro,1.9,27,1
com.gplans,3.2.14,27,1
se.illusionlabs.bmx,1.37,27,1
cz.jhg.slovnikcizichslov,3.1,27,1
com.lineinspector.app,2.2.4,27,1
com.jndapp.iconpack.minimalist,5.4,27,1
com.suiarts.DenturesAndDemons,1.1.12,27,1
com.wizardgames.bg3dGO,1.4.0,27,1
com.georgie.SoundWire,Varies with device,27,1
com.amcham.ll7,2.7,27,1
com.IvanPanasenko.ResourceWar,1.4.5,27,1
com.mm.insects.identification,3.1.0,27,1
com.gamevil.cartoonwars3.android.google.global.normal,2.0.9,27,1
com.vndc,3.5.0,27,1
com.mytoursapp.android.app2353,7.3.91-prod,27,1
com.HugTheChilli.Loop,2.2.3,27,1
com.cutcom.apparmor.bramptontransit,2.4,27,1
com.digi.portal.mobdev.android,13.8.0,27,1
com.tvn.labs.kslaws,1.16,27,1
com.SweppGames.GroupMaker,1.027.25,27,1
com.noodlecake.perfectgrind,1.1.4,27,1
com.linekong.idlecointycoon,1.21.3,27,1
com.HolydayStudios.Firestone,1.83,27,1
com.dttrainingapp,23.0,27,1
com.gamaotanker.aesthetic_skin_minecraft,aesthetic skin for minecraft v.14,27,1
com.DemetrisZ.SailSim,3.23,27,1
com.EG.LACrimeStories2,1.04,27,1
com.gamehouse.animalcare,1.6,27,1
com.trainerize.epnewark,7.62.0,27,1
com.itnewsug.videodownloader,9.5.2,27,1
com.trainerize.steveharrisoncoaching,7.62.0,27,1
com.simulationcurriculum.skysafari5,6.8.6.15,27,1
com.osmanelbeyi.parking_cardriver4,2.2,27,1
com.trainerize.metricfitness,7.33.0,27,1
com.topgamesinc.cw,2.3.52,27,1
com.dominigames.cc7,1.0.10,27,1
com.rise.automatic.autoclicker.clicker,1.16.11,27,1
com.trainerize.lindsaysianfitness,7.62.0,27,1
hk.com.szn.lz,1.0.99,27,1
com.MadaniApps.MechanicalEngineeringBooks,MadaniDev 26.9.22 - Mechanical Engineering,27,1
com.sftlos.android,,27,1
com.disprz.asyad,1.11.1,27,1
com.mondayoff.brush,1.0.9,27,1
com.trackerandroid.trackerandroid,3.1.4,27,1
com.infinity.railways,2.4.4,27,1
ca.craver.americanpizza,4.006.1003,27,1
com.square_enix.chaosrings3gp,1.1.2,27,1
com.twostepsbeyond.statelines,2022.9,27,1
com.trainerize.nwfitnessprojectapp,7.62.0,27,1
com.mattel163.phase10,1.6.4801,27,1
com.ilcrotonese.android.prod,3.7.14,27,1
com.wave.keyboard.theme.hellfireanimatedkeyboard,5.5.2,27,1
com.imayi.dinofarmfree,1.1.9,27,1
com.dialogpractice.german,8.0,27,1
com.folkeferie,2.12.1,27,1
com.samruston.hurry,28.0.0,27,1
perfume.wallpaper.latipbisa,6.5,27,1
com.crest.smart,1.0.8,27,1
com.wizardgames.dinosbattleroyale,1.10,27,1
com.nutiliti.nutiliti,1.32,27,1
com.johnnie.cliente,2.0,27,1
com.mcGrawHill.harrisons21,1.0,27,1
com.FDGEntertainment.Oceanhorn.gp,1.1.8,27,1
axis_android.axis_android.AlpineHillsSwimmingandTennisClub,22.42,27,1
com.appigatorps.onespotfilespro,,27,1
com.bible.verses.daily.kjvbible.online.bible,1.0.1,27,1
com.forwardsounds.softpads,1.0.6,27,1
com.analytiq.myanbell.vendor,1.0,27,1
us.kr.baseballnine,2.1.0,27,1
com.techsoulmate.realteenpatti,1.3,27,1
com.dominigames.uc3.free2play,1.0.12,27,1
com.sagecc,1.0,27,1
com.trainerize.cutabovecoaching,7.62.0,27,1
com.icims.labs.icimsmobilehiringmanager,4.2.9,27,1
com.realbyteapps.moneya,4.6.33 GP,27,1
jp.tim.screenshutter,1.002,27,1
com.leodesol.games.puzzlecollection,3.3.0.RC-Android-Free(206),27,1
com.WildWorks.RyansTag,1.28.0,27,1
com.trainerize.gracefulgains,7.62.0,27,1
com.trainerize.sierrawhiskeyfitness,7.62.0,27,1
com.rubicon.dev.glwg2,2.1,27,1
me.heliant.mobile.hemofilija,1.1.3,27,1
com.next.innovation.takatak,2023.1.4,27,1
com.embassy,19.1.2,27,1
com.trainerize.becominghaf,7.62.0,27,1
com.gameinformer.tablet,3.8_universal,27,1
com.NoYouFall.viniciuswpp,1.0,27,1
com.trainerize.bootybycass,7.62.0,27,1
us.startmobile.story,1.5,27,1
com.puzzle.miniworld,2.3.1,27,1
com.trainerize.definedstrengthfitness,7.62.0,27,1
com.horizonvp.pbs,1.0,27,1
com.DNSstudio.LegionsOfRome,1.3.1,27,1
com.salesfloengage,1.903,27,1
com.playmage.rpgGame,2.5.6.3,27,1
org.ou.torah,3.5.2,27,1
com.glu.contractkiller3,6.1.1,27,1
com.scottgames.sisterlocation,2.0.2,27,1
com.g5e.sofplayground,1.8.8,27,1
com.scottgames.fnaf2,2.0.4,27,1
color.dev.com.whatsremoved,10.5.0 WR-YF,27,1
kemco.execreate.fairyelementspremium,1.1.3g,27,1
com.mybarapp.free,2.4.1,27,1
com.ymaa.shaolinkungfu,1.0.9,27,1
gmem.episode,2.4.2,27,1
com.setio.budi.darko.icons,2.2.2,27,1
com.pashapuma.oneyou.accent,,27,1
coach.squadnetball,1.3.6,27,1
com.pagesuite.droid.irishexaminer,7.5.0,27,1
com.microsoft.office.officehubrow,16.0.16026.20116,27,1
com.artifexmundi.toymaker.gp.free,1.0,27,1
com.koober.app,6.1.4,27,1
com.herocraft.game.free.darkages,1.1.6,27,1
com.pzqfl0nq5xbl.pwij6yrfrapp,3.6.0,27,1
com.godigit.digit,1.96,27,1
com.jndapp.pixel.pie.iconpack,5.1,27,1
com.trainerize.sophisticatedfitnessapp,7.62.0,27,1
com.pabloleban.IdleSlayer,4.8.2,27,1
com.tribeplay.pandaicecream,22.3.34,27,1
com.crm.app.rewards.eko,1.0.3130,27,1
com.hackenai.hvpn,1.8.2,27,1
com.bushiroad.njpwss,2.1.0,27,1
com.mixtvision.interrogation,1.1.9,27,1
com.shakti.rayoptics,Varies with device,27,1
com.gamehouse.d11gp,55.186,27,1
ruby.learnruby.learn.coding.programming.development.web.website,4.1.63,27,1
com.maleo.bussimulatorid,3.7.1,27,1
com.lse,1.12.1,27,1
com.aliasworlds.solitaire.amazon,2022.2.3173,27,1
co.fictionlog.fictionlog,7.20.1,27,0
com.Afterburn.Inbento,2.04,27,1
com.aeriacanada.designscapes,1.0004,27,1
dats.games.piercethemall,1.36,27,1
com.MattaCodeStudio.FSFormationSkydiving,1.0,27,1
com.lephco.ragezmultiplayerzombiefps,1.25,27,1
com.halfbrick.fruitninja,2.4.6,27,1
de.kamibox.typo,2.05,27,1
com.kongregate.mobile.idlespongebob.google,1.114,27,1
tw.txwy.and.grandchase,1.62.2,27,1
com.spotterlook.driverstartusa,4.2.81,27,1
com.epsxe.ePSXe,2.0.15,27,1
com.glu.baseball22,2.1.1,27,1
com.fincon.hh2,4.11.0,27,1
com.gaijin.xom,1.14.5.59981,27,1
jp.co.a_tm.android.plus_jack_o_lantern,1.0.0,27,1
com.panotogomo.sonnambula,5.2,27,1
com.smrtprjcts.ph,,27,1
com.mtvn.octopie,2.0.0,27,1
com.protostar.hopper,1.5.6,27,1
com.trainerize.trfitandnutrition,7.62.0,27,1
com.trainerize.barryvaughanhealth,7.62.0,27,1
com.iplayalldaystudio.kungfuquest,1.9.8,27,1
com.activeozone,1.0,27,1
com.tutotoons.app.sweetbabygirlbeautysalon3.free,4.0.20012,27,1
com.sonder.mahalo,3.0.2,27,1
com.rollingarrays.reimburseapp,1.16.1,27,1
hk.ck.prepaidchecker.ultra,2.0.4i,27,1
com.trainerize.actively,7.54.0,27,1
com.square_enix.android_google.ffxvpe,1.0.7.705,27,1
com.apollo.doctorapp,6.5.0,27,1
ma.tnc.sahamassurance,3.10.3,27,1
com.DynamicGames.HeavyBusSimulatorTeste,1.088,27,1
com.fabio.flat.squircle.iconpack,7.6,27,1
com.qiiwi.wordcombo,1.1.4,27,1
com.anawiki.magicheroes,1.0.1,27,1
com.nextwave.wcc3,1.4.8,27,1
sweetampoule.ros.hako,2.9,27,1
com.notdoppler.crashofcars,1.6.26,27,1
com.playflock.bgg.jump.sweetdoll.makeover.artist.stylist.hair.beauty.salon,3.0,27,1
com.AbyteEntertainment.DealersLife2,1.011,27,1
mdr.options,1.13,27,1
com.igg.clashoflords2tw,1.0.394,27,1
com.square_enix.android_googleplay.FFPR3,1.0.4,27,1
glowingeye.christmas_solitaire_tripeaks,1.53.23-g,27,1
com.playhardlab.crazyanimalrun,1.1.10,27,1
io.pushpay.thehousechurch,15.3.9,27,1
com.pazugames.myunicorn,1.26,27,1
com.timthefox.puzzle,1.6,27,1
com.natureguides.birdguide,Varies with device,27,1
org.mentorhubapp,3.1.1,27,1
com.quarzoapps.asciitextart,1.0.6,27,1
com.trainerize.dsfitness,7.62.0,27,1
com.electricmanta.hilo,,27,1
com.trainerize.sbfitnessapp,7.62.0,27,1
com.playdekgames.android.Ascension,2.4.16,27,1
com.dotemu.neogeo.mslug3,2.0,27,1
kumiko.mikupacmania,1.03,27,1
com.ionicframework.sir634429,3.0.0,27,1
com.azradio,2.14.6,27,1
com.srinc.srtaskmanager.paid,1.1.0,27,1
com.trainerize.movewithmelcoaching,7.49.0,27,1
com.distinctivegames.rugbynations22,1.2.2.295,27,1
com.maimemo.android.momo,4.6.30,27,0
com.dinomao.livearcade,3.18.0,27,1
com.topgamesoft.SuperMainoBros,1.1.7.186,27,1
com.trainerize.solosynergy,7.62.0,27,1
com.rsg.heroesevolved,Varies with device,27,1
com.preystudios.mmam,0.35.9,27,1
com.stock2own.stockvalueanalyzerpro,1.14,27,1
com.elephantgames.mhtaotmrhiddenobjects.googpremium,1.0.2,27,1
com.tradegame.easyflight,1.1.2,27,1
