com.LocalhostLimited.TrashMan,1.4.0,8,1
io.eightdots.wellbit,4.0.2975,8,1
co.easystore.mobilepos,4.13.0,8,1
com.critical.strike.fps.cops.free.fire.terrorists.game,1,8,0
com.football.arsenal.premierleague.emirates.arsenalfc.gunners,2.5,8,1
com.merrymartwholesale.app,1.0.13,8,1
com.legitapp.client,3.6.6,8,1
ai.mindslab.maienglish,1.4.1,8,0
info.schmidleitner.protest,18.01.00,8,1
com.chirixsolutions.ekw,5.0.19,8,0
com.thetaoteching.threedos,2.0,8,1
com.maxapp.voyancee,1.0.3,8,0
com.thenewstribune.android,9.1.8,8,1
com.netpulse.mobile.ymcaoforangecounty,1.1,8,0
com.wancstudios.operators,1.4,8,0
co.il.move_club.move,2.0.15,8,1
app.web.madhurgupta.MGSpace,Beta,8,0
co.tapcart.app.id_xuGiNiTQyd,4.0,8,1
net.manta.comic,23.1.252,8,1
com.agar.agar,14,8,1
ba.kvaka.news,1.3,8,1
com.netpulse.mobile.edenfitness,1.3,8,0
com.issuestand.press,1.1,8,1
com.fliphtml5.app.LotusMath1,1.0,8,0
com.scripps.vcstar.mobile,6.12.3,8,1
com.trainerize.daniellemariefitness,7.62.0,8,0
com.myliberty.care,1.3.1,8,1
com.marscatgames.camelotww,1.2.0,8,1
com.slapphub.gazettesrilanka,2.1,8,1
com.wb.goog.ellen.psych,10.10.126,8,1
ir.sepehrgame.trumpsmasher,1.0,8,1
com.abccambodia.abcx,1.0.14,8,1
com.bluecart.bluecart,3.16.0,8,1
com.letterwriting.professionallettertemplate,3.0,8,1
com.appdashboard.android5d3a4abb502aa,1.0,8,0
com.varlamov5264.YourLifeSimulator,1.12.4,8,1
com.ssmt.android.billstracker,1.8,8,1
com.wufffriendly.app,2.4.2,8,1
com.iutilities.util.touchscreen_calibration,1.0.0,8,0
com.corbstech.higherlower,1.2,8,0
com.gopallabs.framex,1.3.11,8,1
com.wanmobile.wanmobile,1.0,8,1
com.skycap.Kids_Wooden_Blocks,1.12,8,0
app.celebrate.celpho,20.2.6,8,1
com.akabane.drawshinri,1.0.21,8,1
com.rimaz.firi.Subway.PJ.rush.Hero.Masks.Run.Craft,1.0,8,0
com.cta.greensbeverages,11.15.1,8,1
com.codefirst.cf_delivery_checker,1.0.0,8,0
com.vc.bangabandhu,v.22.0914.1956,8,1
com.nekki.shadowfightarena,1.6.4,8,1
com.freeyoutubemusic.chictunes,1.2.0,8,0
me.vyoo.mobile.production,3.0.26,8,1
com.wnba.centercourt,14.4.1,8,1
com.telltalegames.batman100,1.63,8,1
com.absbee.losebellyfat,1.2,8,1
com.ostrio.prapp,2.34,8,1
com.BDgames.DmaisEu,1.3.3,8,0
com.ldgames.StairBallsFever,1.1.10,8,0
com.appxplore.mobfish,3.9.7,8,1
com.tradfrilux.wijsr,1.2.7,8,0
best.sweet.selfie,2.95.1709,8,1
com.photographers.hub,1.7,8,1
films.nixac.fanfightclub,v26ugc1,8,0
com.kidgamestudio.iceage.cooking.games,5.5,8,0
com.aspirantlab.briter,0.19,8,1
com.sakarigames.WingChunApp.free,1.4,8,0
com.letsenvision.ally,1.0.2,8,1
com.blogspot.honeybeeapps.englishcomposition,1.9.18a,8,0
com.myTutorhub.kle,1.3.46,8,0
com.visiblebody.musclepremium,9.00.050,8,1
app.detran.go.gov.br.detran,3.4.1,8,0
com.rmp.mobile.gleanermobile,Varies with device,8,1
pro.dimkanovikov.kit.scenarist,1.5.1,8,1
com.cowbeans.pixelsurvival2,1.99914,8,1
fr.thema.wear.watch.core,Varies with device,8,0
net.manhajona.abdurrahmanalossi,3.6,8,0
com.hagleitner.smartspender,V2.4.2,8,1
com.hd.bts2,1.0.8,8,0
com.aa2g1ltd.mrthrowheadshotmasteronline,1.5,8,1
com.curioussolutions.justclip,1.2.0,8,1
com.ali88jo.joradio,2.0,8,1
de.EmergeEng.Elegal,7.1.0,8,1
co.marshal.vcwst,1.4.64.9,8,1
com.rhythmandmotiondancecenter.mi,6.2.2,8,1
com.gun.sniper.strike.shooting,3.1.15,8,0
co.infinum.nlb,7.5.0,8,1
com.subsplashconsulting.s_KDGBXW,6.0.1,8,1
com.tp.PushTower,1.59,8,0
com.vizalevgames.finddifferences200levels3,1.0.4,8,0
com.whaleapp,1.6,8,1
com.mitake.android.bk.tcb,3.21.0105,8,1
branded.com.thechristinerose,2.71022.0,8,0
com.app.sanrafaelappradio,4.1.0,8,1
com.ryzenrise.indie,2.6.9,8,1
com.tapdogstudio.garbage.truck.studio,1.2,8,0
com.fgs.advance.car.parking.driving.school,1.0.3,8,0
com.kosmos.catanassistant,3.4.8,8,0
com.lightinchaos.poppace,1.0.49,8,1
com.jimkrenn,1.0.0,8,1
com.adrianlyrics,1.0.3,8,0
natanet.xyz.radiolm,1.0.0,8,1
com.lakento.dinomissions,1.1,8,0
com.trainerize.boc,7.62.0,8,0
com.playsportsnetwork.tourmalet.tv,8.0.0,8,1
sci.media.online,1.0,8,1
sbornaments.bullion.price,1.0.7,8,0
com.malmath.apps.mm,6.0.20,8,0
tv.mycujoo.mycujooplayer,Varies with device,8,1
smile.com.sccomms.softphone,3.9.06.02,8,1
com.lojusto.app,3.1.0,8,0
com.airport.bundle,1.0.6,8,0
com.andromo.dev738202.app843996,1.4,8,1
com.oepw.oneflexi.android.member,2.11.27,8,1
com.OpalStudio.NaUmrakiSeemaho,6.0.0,8,1
com.baadgames.nano.Duelven,1.1.2,8,1
app.listta.goals,4.3.2,8,1
com.business.advertisement,1.0,8,1
net.purpleocean.mobydick,1.3.3,8,0
com.earthpeoplestudio.pillowfight,0.6,8,0
com.tt.toddler.songs.tunes.fun.games,5.0,8,0
sp.novelasturcasghtff,1.1,8,0
ie.flipdish.fd2570,1.7.1,8,0
com.dotnetideas.packinglistfull,4.2.3,8,1
com.baby.games.studio.injection.simulator.surgery.doctor,59.9,8,0
synergyhealthltd.mas.app,1.0.0,8,0
com.qmstudio.pengSweetLolitaAvatar,1.0.4,8,1
com.appsquad.munchies,3.0,8,0
anjian.yu.us.mi.driving.dmv.test,1.0,8,0
com.goodbarber.wrightartistryapp,1.5,8,1
com.SOOZ.ILOVEU,3.2.20,8,0
com.lightningstrikegames.toupee,1.4,8,0
com.assamtetexam2019,1.6,8,1
com.brandongomez.undeadcatering,1.1.0,8,1
com.adkefin,0.2.7,8,1
com.studiomoob.collact,2.15.3,8,1
fr.appsolute.toyota,1.1,8,1
com.HSTICKET.android,1.3.0,8,1
com.cg.popit.mobilecase.fidgettoysxyz,15,8,0
com.aefyr.sai,4.5,8,0
com.zapak.worldcup.t20.cricket,1.8.457,8,1
com.dkedits.bscquestionpaper,4.0,8,0
com.tinymission.dailybuttworkoutfree,6.40,8,0
com.neolith.service_coordinator_app,1.0.4,8,1
io.cordova.splitpal,1.1.15,8,1
com.membr.fit24hull,1.47.0,8,1
com.grctech.grcc,1.1.1,8,0
com.haikugamesco.escapespace,1.26,8,0
com.nerdpig.DisappointmentQuotes,3.0.1,8,1
com.cmgdigital.AJCBreakingNews,v4.35.9.2,8,1
org.appness.ottawahockey,4.0.2,8,0
com.trainerize.montefitnesscenter,7.62.0,8,1
com.WisdomEnglishunlockA.ipa,3.7,8,0
biz.codespark.xcalendarapp,4.3.4,8,1
com.studio501.curvypunch3d,1.17,8,0
app.servicesathirmm,1.0,8,0
com.withyotta.yotta,6.1.4,8,1
com.appire.intruderselfiealert,2.16,8,1
com.storeapp.kr.nfarm_minashou2,1.5.1,8,1
net.frakturmedia.cemeterysurvey,1.17,8,0
com.docs.reader.pdf.viewer.app,5.4.0,8,0
com.savree.pumps,1.0.3,8,0
com.greenshpits.RLive,6.4.1,8,1
com.elpando.carer,1.4.4,8,1
com.iride_app.iride_snowboard,1.3,8,1
com.esh.shreeMa,1.0.5,8,1
com.wushi.NaughtyFurry,0.0.2,8,0
com.seattle.apps.volume,3.6,8,0
com.appstar.callrecorder,6.34.2,8,1
com.free100.lovesongs1980.sweetmemories,1.4,8,1
uk.co.tribehive.fli.palace,2.9.8,8,1
com.toga.chat,6.25.1,8,1
com.mydaycloud.app.hw,3.1.9,8,1
com.urbanmassage.hero,5.32.35,8,1
com.grumpyrhinogames.idleapocalypse,1.78,8,0
com.companyname.PedCompra,2.3,8,1
com.anjinggzs.FunIntenseCounterTerrorism,4.2,8,0
com.claas.cas.agrocomlu,5.14.3362,8,0
com.jlsite.eurocoinlite,6.0,8,0
bass.volume.equalizer.music.boost,2.5,8,0
eu.bluenetweb.trends,5.0,8,1
com.alsouq,1.0.1,8,1
ca.otodata.crystal_flash,2.0.1.205,8,1
com.phoneclub.ui,3.7.75,8,1
com.octro.rummy,Varies with device,8,1
com.mycanal.golive.myanmar,Varies with device,8,1
com.customchurchapps.babbiemason,2.0,8,1
oak.kustom.pack,v2021.Mar.01.02,8,1
horoscope.l4,1.21,8,1
nz.co.intercity,1.0.17,8,1
com.exchange.app,7.49,8,1
instasaver.videodownloader.photodownloader.repost,1.16.8,8,1
com.technoview.fathersdaymessages,1.0,8,1
com.xpeditepermits,1.3.0,8,1
com.bhappdevelopment.kirstypalmer,Kirsty Palmer Fitness 10.5.0,8,0
ru.tsk.ftc.bender.qpay,3.110.0,8,1
com.mt.minitown.homefun.playhome,2.5,8,0
edu.ncsu.hNMRmoleculAR,1.01,8,0
com.xtremedots.PennsylvaniaJudiciaryAndJudicialProcedure,2020,8,1
com.gameloft.android.ANMP.GloftFWHM,6.6.0g,8,1
com.skatetool,1.78,8,1
com.sbs.lamusica,11.2,8,1
com.riseupapps.riseup,1.0.10,8,0
com.ReliableCapital,4.9.16,8,1
com.marvenapps.tictactoe,1.0.3,8,0
com.app.city.milPalabras.ingles,1.0.24,8,0
com.raincontinues.areaconvert,2.0,8,0
air.com.samuramu.gg.se,4.0.0,8,0
com.ferroli.ac,V5.7.1110,8,1
dk.assemble.kkni.teacher,1.1.179-a63768d,8,1
com.two31play.solitaire,25.1.1,8,1
com.IvanAF.ClimbAMIYPfree,4.0.5,8,0
com.wejoyworld.TradeCcc,1.1.02,8,1
com.appmind.radios.hk,2.5.2,8,1
com.goodbarber.emartcd,2.1,8,1
com.youth4work.POGB,Y4W-1,8,0
com.Arvis.ArvisAR,1.21,8,0
kw.kwmoe.appmoekuwait,29.5.5,8,1
com.conzentrate.learningarena.mobile.aalborgforsyning,10.10.0,8,0
com.my1218app.JCampsBaltimore,2.3.75,8,1
com.gmsoftuae.anotifier,1.21.1231,8,0
com.alhiwar,3.05.14,8,1
com.theotino.chinadaily,7.6.16,8,1
com.swexcode.bikahve,1.0.5,8,1
com.blastgame.matchit,1.0.19,8,1
com.mobileamusements.ScratchaLottoFREE,15.0,8,0
id.mspengejar.leseunggi_wallpaper,6.0.0,8,1
com.nousguide.android.orftvthek,Varies with device,8,1
com.mis.sinorewards,1.6.11,8,1
com.naoyaono.volleyball_tactics,2.4.3,8,0
com.ibyteapps.meetingfinder,1.0.5,8,1
com.goodfortheswole,8.0.2,8,1
com.siemens.quizapp,2.0.3,8,0
and.lihuhu.triplemaster,1.0.1,8,0
in.maxtechno.techno.lawbee,22.12.35,8,1
com.russian.keyboard.russia.language.keyboard.app,1.8,8,1
com.famly.famly,126,8,0
com.dominigames.mt9.free2play,1.0.20,8,1
com.fitnessmobileapps.theyogabarnbali,5.6.0,8,1
com.eminakcay.lgskonutakibivesayac,3.0.0,8,1
com.lensa.app,4.3.0.690,8,0
fi.supersaa,Varies with device,8,1
bg.remove.android,1.1.4,8,1
com.mmtools.rouge,5.7.6,8,0
com.fitnessmobileapps.prctennispower,5.6.0,8,1
io.rentalready.opmhostapp,1.3.3,8,1
com.bazon.stickmanbowmasters,2,8,0
com.zyepro.mobilescopes,3.86G,8,0
com.foranj.cartooncity,1.78,8,0
com.wizaya.helloph,1.0.2,8,0
com.handyapps.expenseiq,2.3.1,8,1
com.space.fast.cleaner.boost.security,3.1.4,8,0
com.yytpro.chipdom,1.4.5,8,0
com.spotchat.live,1.8.0,8,1
jp.co.litalico.brushinghero,1.0.9,8,0
pl.bskonopiska.bskonopiskamobile,1.3.14,8,0
com.aigrind.skylore,1.13.0,8,1
com.imttech.puteri_cove,5.0.20,8,0
games.b6.seonkyoung,1.15,8,0
com.nowember.OnePiecePuzzle,1.6.4,8,1
co.familyplay.bearkindergartenfree,3.30,8,0
com.fffsoftware.worldcup,1.1.1,8,0
com.dominigames.cl1.free2play,1.0.30,8,1
com.vitvov.yesnostoryes,2.0,8,0
com.apgsolutionsllc.APGSOLUTIONSLLC0002,3.0,8,0
com.smg.us.president.escort.helicopter,1.8,8,0
com.DS.DDSPro,Varies with device,8,0
kr.sira.flash,1.5.7,8,0
com.megasis.android,6.0.1,8,1
com.SeeLogo.VideoTutorialDavinceResolve,0.3,8,0
com.orderdirectly.townpizzahayes,1.0,8,1
com.africanbridalstyles.app,1.0,8,0
com.locategy.family,1.130.8,8,1
com.nupuit.qnasm,1.0.2,8,0
com.sia.albanymiddleschool,10.2.2,8,1
br.com.tapps.mygrumpy,1.1.33,8,1
net.yunlu18.genshindamagecalculator,2.5.2,8,0
com.electricnoirstudios.deadmansphone,2.6.0,8,0
net.speedymind.math.zombie.games.trainer,1.6.0,8,0
com.redhands.twoplayergames,4.6,8,0
net.mastersofweb.usa_radio_san_francisco_united_states,6.0.1,8,1
com.fliphtml5.app.LotusEnglishGrammar3,1.0,8,0
com.tavlikos.dxalert,2.0,8,0
os.imlive.nuannew,4.7.2,8,1
com.noticut.alpha,0.9.1,8,0
org.consumerscu,6.14.5,8,1
com.migym.com.AACC_Riverdale_NJ,110.5.15,8,0
com.YoumPlay.WoodenBlockPuzzle,22.11.1035,8,0
co.amy.vxkxu,1.4.64.9,8,1
com.bibliatriviaht.hilmy,13.0,8,0
com.moz.flrm2.pro,1.0.6,8,0
com.ibl.content,1.2,8,1
com.inviq,2.0.2,8,1
com.oceanwing.FDMPrint,1.0.4,8,1
com.mentorcalls,1.29,8,1
com.appytect.jmvistasuites,1.0.0,8,0
com.nexudusspaces.togethercoliving,2.8.19,8,1
ie.zappy.fennec.movehq,8.2.6,8,1
com.remote.control.lgremote,1.6,8,1
com.testbook.tbapp.wbexciseconstable,6.13.17-wbexciseconstable,8,1
com.MindYourLogic.escape.room.door.math.logic.puzzle.adventure,0.7.18,8,0
com.blissmechanics.sacredacoustics2,1.0.6,8,0
by.alfasoft.SportJigsawPuzzles,1.0.46,8,0
com.tzcnapps.drift,5.0,8,1
com.iroid.AlabamaCamping,1.0.1,8,1
boundless.moodgym,5.2.0,8,0
com.gameanimation.thoms,4.0,8,0
com.seeku.slide.android,1.2.0,8,1
com.limongames.supersoccer,1.81,8,1
com.nevishs.drawerdockerapp,,8,0
com.streamnow.europaallee,5.11.1,8,0
com.lohcj.lohcj.imeetmyself,2.1.3,8,0
com.google.android.apps.podcasts,Varies with device,8,1
com.msd.professionalItalian,1.1,8,1
com.loadcomplete.bacteria,1.24,8,1
com.lge.wsdeveloper.ux9.oneui,3.0,8,0
com.disprz.uevolve,1.11.1,8,1
com.chillingo.moderncommand.android.rowgplay,1.12.7,8,0
com.hofvansaksen.parkapp,7.4.3,8,1
com.timeteccloud.imerchant,1.14.1,8,1
co.jones.iglvg,1.4.64.2,8,1
com.imagine.mobile,1.0.12,8,1
com.app.randjglamour,1.0,8,1
com.hyundai.channelhyundai,1.3.2,8,1
br.com.capsistemas.guiaarduino.pro,1.0.0,8,0
com.skuld.calendario,7.1.8,8,0
co.alicia.obwkn,1.4.64.2,8,1
wp.wattpad,Varies with device,8,1
net.espranza.giliver,2.3.0,8,1
com.cbtraining.app,1.25,8,0
com.blackout.blackjack,1.14,8,0
com.filo.tutor,3.4.9,8,1
com.square_enix.android_googleplay.FF4AY_GP,1.0.10,8,1
com.sparelabs.platform.rider.earthrideshare,4.0.18,8,1
com.dxptech.tempostik,,8,1
com.plotgen.rramirez.plotgenerator,3.0.14,8,1
com.RuNixGames.CopsAndRobbers3,1.096,8,1
studio14.application.caeluswhite,4.5.6,8,1
com.lilithgame.hgame.gp,Varies with device,8,1
tees.flex,4.6.5,8,1
co.stan.ombqo,1.4.64.9,8,1
com.kossanapps.oneblock.raftsurvival,1.1,8,1
com.tickaroo.enterprise.android7752093899737824318.svleibenstadt,4.6.1,8,1
com.modspestudio.furniture_mod,1.7.6,8,1
calculation.world.civil_calculations,1.32,8,0
com.englishyourself,2.2.0,8,1
com.mt.grafana,1.0,8,0
anywaretogo.claimdiconsumer,2.4.0,8,1
com.versatech.mjtourandtraveltravel,1.3.0,8,0
au.com.stems.complyone,2.1.4,8,0
com.tutorialsground.learn_javaScript,1.4,8,1
com.hexwar.civilwar1865,4.0.4,8,0
com.gotranslator.alllanguages,1.4,8,1
com.spbtv.sabay,Varies with device,8,1
com.kaleo.app270983,7.2.13,8,1
com.yclients.widget.s589061,13.134,8,1
com.wildlife.manta,1.0.6,8,0
com.Infrared.ScannerVision.ThermalCamera,1.2,8,0
com.crg.everything_money_app,1.2.32,8,1
com.netflix.NGP.TwelveMinutesMobile,1.0.4701,8,1
com.mr3h4n.driver_license_scanner,2.1.0.46,8,1
com.TheOm.WhichAnimalAmI,1.2,8,0
com.qbit.guns.missions,1.0.2,8,1
com.cafr.player,11.0.38,8,0
com.iz.tizi.find.hidden.objects.puzzle.games.seek.out,1.2,8,0
truyenle.tienhiep.trongsinhtutientaidothi,1.1.5,8,0
com.centuryproclub.oneloyalty,6.4,8,1
com.mobeedcare.shopdoc,2.4.51,8,1
com.templatemela.videoplayer,1.0,8,0
com.makane.thecandyshopjo,1.13.1,8,1
kung.fu.Fighting.Blade,3.0,8,0
com.statussaver.statusdownloader.videodownload.statussaverapp,3.8,8,1
com.keshri.skccosl,1.0,8,1
com.eagerdove.connect,1.1.6.13,8,0
com.MrBeanadventure.BeanMrsuper,3,8,0
com.appsilo.ImpDates,9.0,8,1
com.tech.yogaapp,2.5,8,0
events.symposium.app,1.2.4,8,1
com.gameduell.gin.rummy.card.game,2.0.6,8,1
com.brief_schreiben_deutsch.a021brief_schreiben_b1_b2,0.02,8,0
de.gopizzago.lieferservice.badsalzungen.app35114,1.0.10,8,1
com.bestapps.craftedmaps,1.2.3,8,1
com.rocknnull.wasavi,2.1.571,8,1
com.simplemobileapps.meterstokilometers,2.0,8,0
com.appbodia.thkocnpicturedictionary,1.1,8,0
com.app.academiarrfitness,1.0,8,0
com.logestechs.customer_eva,1.2.6,8,1
com.tiltangames.halloweenpuzzlelite,2.0.8,8,1
minecraft.mk.mods.h,2.3.1,8,0
com.mvgame,2.0.1,8,0
com.teconectofby.rel,5.0.7,8,1
com.tolustar.bibletopics,5.0.1,8,1
com.tapenjoy.actx.os1,2.2.187747,8,1
com.ed4eb24f869b.app,1.0.11,8,0
com.tinydragonadventuregames.pony.crafting.unicorn.game.girls.color.quest.pet.building.minecraft.cube.pixel.rainbow.secret.free,1.32,8,0
com.fusee.DinoMadness,1.0.13,8,0
se.svt.bolibompa,3.39.0,8,0
com.capps.amplified_bible_ce,1.0.3,8,0
com.option.plus.application,1.1.3,8,0
com.LDRLY.cheechandchong,1.3.11,8,1
com.equipnet.virtualinventory,1.01,8,1
com.IndranilGhoshMf,4.9.3,8,1
com.curvegraph.loancalculator,1.3,8,0
com.gta.real.gangster.crime,5.8.9,8,0
com.weedo3d.pplocal,1.2.0,8,1
net.onlinehokm.android,61,8,1
com.ingrails.aarungkhola_secondary_school,3.8.3,8,1
com.gamebunkers.offroad.snow.cargo.trailertruck.driving,1.2,8,0
com.glutenfreegames.ultimatetigertwo,1,8,0
air.com.musycom.bassgrooves,1.0.45,8,0
com.dantebus.apps.app35500,2.53.600,8,0
com.beverinnovations.eosmanager,4.5.1,8,1
com.chumbo.ra.kulelataitap,5.0,8,0
com.kelime.bulmaca.internetsiz.oyunlar,1.0.11,8,1
com.managementsolutions.Spaces,1.06,8,1
com.JuhaniPaaso.WitchesAndWizardsGame,0.5.3,8,0
com.game.candywitch.cookie.stars.free,17.9.5086,8,1
com.rbx.battle.android,6.0.8561,8,1
com.app.mbastudy,1.0,8,1
air.com.murka.poker,2.35.0,8,1
com.gape9.connection.infinity.loop.game,1.0,8,1
com.xenik.deadliner,0.4,8,0
uz.Hususiy.Tadbirkorlik,3.0,8,0
com.devsoftmatic.rmwallpapers,1.1,8,1
com.canaldepanama,2.1.0,8,1
com.BuiltOnMyOwn.HeisNear,1.7,8,0
com.gf.lzzxtwtw.hwyad.google,1.0.7,8,1
droid.gamesstudio.LevelUpButton,3.3.0,8,1
com.merit.totalpdf,1.0.1,8,1
com.tutioncentral.nclexrnpro,1.4.0,8,0
com.arham.app.penglish3,1,8,0
com.scanta.bb,1.0,8,1
com.aliasworlds.kingdomchronicles.hd.free.google,2022.2.254,8,0
live.whatismyip.useragent,1.3,8,1
com.charismaapps.merrychristmas.happynewyear.photoeditor,1.4.18,8,1
com.stryd.pioneer,8.9.23,8,0
com.TopWinGames.HouseWallConstruction.CityBuilderSimulator,1.6.2,8,0
com.bitcoincash.accepted,0.0.8,8,0
com.metropolitan.metapp,9.0.0,8,1
com.onesource.app,1.2.4,8,0
com.emberstudios.EnglishGamesforKids,0.1,8,0
com.duplicate.file.data.remover.cleaner.media,2.1,8,0
com.akbedu.skjhabookapp,1.0.0,8,0
com.nepal.online.sites.online.shopping.nepal,1.2,8,1
com.feralinteractive.alienisolation_android,1.2.5RC3,8,1
com.hylyte_app,1.0.0,8,0
com.fx.app,1.14.0,8,1
com.ma.computer_science.computerdictionary,2.0.5,8,0
com.blocky.prison.escape.scary.mod,1.2,8,0
com.happylabs.hps,2.2.3,8,1
com.tapfree.airplane.flight.attendant.careerjob,1.1,8,0
com.bh.superflashcard.englishswedish.android,3.7.1,8,1
com.hdwallpaper.colorful.colorfulwallpaper,1.0,8,1
com.agworld.app,1.48,8,0
com.tickaroo.enterprise.android7752093899737824318.schlesischersvluedens,4.6.1,8,1
com.mazagames.motogp,1.0.0.8,8,1
com.gracekate,1.1,8,1
com.urbanpoint.UrbanPoint,2.91,8,1
com.ae.bc.chat,1.2.4937,8,1
com.ununtrium.adr.block,3.1.2,8,0
kemco.execreate.asdivinehearts2,1.1.5g,8,0
com.afkanerd.tbbamenda,Varies with device,8,1
com.binibambini.MiniLite,4.1.4,8,1
com.nexon.v4gb,1.36.480754,8,1
com.zoosk.zoosk,8.39.3,8,1
com.numerologynumbers.reading19,1.2.1,8,1
com.flukegames.tig2,1.1.3,8,1
de.ass_gruppe.app,4.3.1,8,1
com.gamevil.bb2013.global,1.2.8,8,1
ch.schweizmobil,4.3.0,8,1
com.holismithdev.kannadastatus,19.0,8,1
com.dennis.theweek.us,41.11.3,8,1
com.ducktrine.ripemall,0.7.21,8,0
com.mg_over.daily_uc_rp,2.0,8,1
com.confettimobile,0.3,8,1
com.zeopoxa.fitness.running,Varies with device,8,0
is.stokkur.safeTravel,1.0.10,8,0
com.omsystem.azienda,4.1.0,8,0
com.flexdigital.DreamLotto,1.0.0,8,0
ch.lmv.appolino.mathapp3,1.0.1,8,0
com.wijdoendingen.nicksimon,1.2,8,0
com.motivational.inspirational.quotes.daily,3.4,8,1
com.truyenngontinhchonloc.chongtoilamotplayboy,4.0,8,0
com.simmtech.sam.android,1.13,8,0
molin.media.hdmovies2020,2.5.0,8,1
radio.onlinejc,9.8,8,1
com.timesheetmobile,29.6.3,8,1
com.corner.app604713730886557884200,14,8,1
com.pocketoption.app3856ei,12,8,1
com.efl.labex.kakabe,1.0,8,0
com.arboxapp.nothingbutnet,4.3.0,8,1
ie.flipdish.fd19931,1.7.2,8,0
com.winningbetproject.freetennisbettingtips,2.0.6,8,1
com.mfagri.fffgamingwallpapers,1.0.3,8,0
com.dirtytalk.android,1.4.3,8,1
com.gasome.android,1.4.0,8,1
com.healthinfo.walnut.benefits.weightloss.hairloss.skin.nutrition,11,8,1
com.studdgames.idleGunAssembly,0.4,8,0
com.hardan,1.1.6.1,8,1
com.linkdesks.PopPoker,1.7.4,8,1
com.GIDLE.soyeon.wallpaper.HD.free,1.0.0,8,1
com.wongco.jojobizarrestickers,1.0,8,0
com.coalmantra.coalmantra,1.4,8,1
com.winningstarters.fairy,1.3.5,8,0
com.visionect.joan.desk,2.9.1,8,1
com.auer.dawnbreak.night.witch.single.player.free.sequel,1.1.0,8,0
com.internetdesignzone.birthdaymessages,9.9,8,1
richard.radio963,9.12,8,1
com.kungfu.karatefighting.games,1.10,8,0
kr.co.teslasystem.www.teslagolf.baekjecc.release,1.0.4,8,1
legendary.ultimate.animverse.ballgamez,0.2.8,8,0
com.infinity.privilege.member,1.3.0,8,0
com.audiencemedia.app3010,15.6,8,1
com.jetlab.tmjettingpro,1.1.0,8,1
com.princessbank.bank,1.21.35,8,1
com.bwatny.patentfinder,1.0,8,1
com.taptechstudios.fruitmasterknockdownking,1.3,8,0
com.qcplay.aresvirus,1.0.9,8,0
com.emsisoft.security,3.2.6,8,1
com.wb.headsup,4.7.120,8,1
com.samsung.android.lool,Varies with device,8,1
com.gtm.drinkingpartygame,2.1.7,8,0
com.sm_teacher,1.0.4,8,1
br.com.dvigraph.gasolinaoualcool,2.1.b7,8,0
development.leaderships,9.8,8,0
com.eitv.escolegisrr,Varies with device,8,1
uk.co.disciplemedia.rl100hub,3.65,8,0
com.location.test,2.994,8,0
ru.unistroy.bipartner,1.0,8,1
com.cherrypickgames.solitaire.farm,1.6.7,8,1
com.osg.takeoff,2.2.0,8,1
com.appmachine.p7828FJ,1.50.0.0,8,1
copydata.cloneit,206303.0,8,1
com.Bedexam2022.myapp,4.2,8,0
com.coachcare.mhjactivatedhealthwellness,2.49.670,8,1
io.kodular.funappbuilder.BComAllBooks,1.0,8,0
com.pupgam.app.wedding,1.12,8,1
com.qpip.qpip,1.0.0,8,1
com.pivotgames.puzzleaquarium.gp,89,8,1
com.gamecyber.g1,6.0.9,8,0
com.eduven.cc.accompaniment,1.2.4,8,0
com.cpu_v.system_info,,8,0
me.liigu.liigu_mobility,1.182.0,8,1
nz.co.mbit.topo,6.2.0,8,1
com.zoptal.inlineofsight,1.0,8,1
com.devgrp.idcard.wallet,1.6,8,1
com.analysispro.aplive.aplive,1.31,8,1
com.komedianrenach.stickerkomedianindo,4.5.2,8,0
com.HRPRODUCTIONS.BETH,0.1,8,0
es.bandomovil.fuentesaucodefuentiduena.informa,10.10.0,8,1
com.app.p4582AA,4.2.0,8,1
com.mtcmobile.snappyshopper,2.16.0,8,1
com.binarytuts.userguideforgalaxywatchactive2,1.0.3,8,0
com.dyisol.tracekw,1.0,8,1
com.cookware.souprecipes,52.0.0,8,1
com.nhn.android.kin,2.2212.2,8,0
com.andromomasterclinical,1.3,8,0
com.lehapps.vaginaldischarge,1.0.0,8,0
ua.mybible,5.5.0,8,0
com.zeasoft.videoplayer,7.0.5,8,1
com.quizmine.mechanicalengineering,5.2.2,8,1
com.guidebook.apps.Eurapco.android,2022.4,8,1
com.dice.craft.dicedom.merge.puzzle,2.5,8,1
com.playhardlab.metalfactory,1.7.9,8,1
com.centurycity.centurycityapp,1.0.7,8,1
com.patrikat.pediatricdiseaseandtreatment,16.17.33,8,0
com.gc.airport.security.game,1.0.6,8,0
com.lw.gmr.android,1.1.0,8,0
com.joshsgames.trash.card.game,1.1.4,8,0
com.jk.tinycam,1.0.51,8,1
com.subsplashconsulting.s_26TVHG,6.0.1,8,1
jp.co.tokyo_ip.SideBooks,2.8.13,8,1
hiteknova.diagnostics.android,3.8.9,8,0
de.bwdesign.bwdocument,1.8,8,1
com.topapps223.ordi.codedutravailducameroun,1.0.2,8,0
com.bg.karate.fight,1.2,8,0
com.appgame.becareful,1.0.0,8,0
com.loggable.android,2.6,8,1
com.panotogomo.octagon,6.0,8,0
kz.berekebank.mobile.app,2.4.1,8,1
com.dwasoft.SuperKongAdventure,1.1.4.186,8,1
com.riide.deltataxis,33.0.80010,8,1
com.neversettlewalls.rajeshjangid,1.8,8,1
com.muchlu.universal.tv.remote.control.any.foralltv.ir.and.smart,1.1.3,8,1
com.eneasgesing.radios.camb,4.24,8,1
com.invenzi.lobby.app,2.5.1,8,1
com.myxstem.mc_lawofattraction.flutter,1.0.0,8,0
fi.mtvuutiset.app,1.0,8,1
com.kindermatica.boonumbers,3.6,8,0
co.varys.qwnxs,1.4.67.2,8,1
com.brunoschalch.timeuntil,3.8.7,8,1
com.prettysimple.ccsupernaturalinvestigationsandroid,2.39,8,0
com.seeclickfix.reportitnewportri.app,6.0.1.4634,8,0
org.app.cem.cem_distributeur,1.0.0,8,1
me.lyft.android,Varies with device,8,1
com.grant_app.grant_pro,,8,1
dgwrds.rrbudgetbazaar.com,1.1.0,8,1
com.cobi.gs_911launcher,1.2208.2,8,1
com.nngnstudio.stocker,4.7.0,8,1
net.sjava.docs,5.5.1,8,1
br.com.originalsoftware.taxifonecliente.TaxiGovRO,3.67.2,8,1
