co.tarly.nacjd,1.4.64.9,17,1
com.varsitytutors.learningtools.apusgovernment,1.8.5,17,1
air.com.foxandsheep.chomp,1.3.7,17,1
cl.etafashion.gcapp,7.8.1,17,0
com.slams.courses,3.1.2,17,0
com.baiwang.styleinstabox,4.7.2.2,17,1
com.dhwaniris.speakup,2.0.5,17,0
com.sentayzo.app,2.1.1,17,0
zatech.com.myanmarpost,2.8.69,17,0
com.subsplashconsulting.s_JZ2XVC,6.0.1,17,0
com.otoreport.fa_payment,10.7,17,0
app.donkeymobile.pknappelscha,2.8.0,17,0
com.northwestlandandhomes.main,2.6.1,17,0
com.interactiveepiphanie.lafedejesusexpo,2.0.2020160,17,0
com.meitu.wheecam,4.8.0.0,17,1
com.boldating.canada,6,17,0
com.photocut,1.0.8,17,1
com.snappii_corp.construction_blue_prints_and_drawings_annotate_and_comment,1.0.27,17,1
com.you.browser,1.2.8,17,0
com.marvelapp,2.3.8,17,1
deviceseal.com.asysoft,3.22,17,1
com.verycreatives.freedompizza,3.2.8,17,0
org.geckoengine.sexbook,1.3.4 (3594),17,0
com.churchpad.rccgle,6.3.2,17,0
com.trainerize.kafitnessbossbabes,7.62.0,17,0
com.trainerize.kbbalancedfitness,7.62.0,17,0
co.hodor.afamy,1.4.64.9,17,1
com.subsplashconsulting.s_47KM37,5.20.4,17,0
com.netpulse.mobile.basenj,3,17,0
com.psclassesjaipur.in,1.0.3,17,0
com.aub.hellopagibig,1.25.5,17,0
com.maxsoft.foodscanner,2.2,17,1
com.echurchapps.calvarytemple,15.14.17,17,0
com.urbanarrow.connected,1.1.1,17,0
org.impactindia.llemeddocket,6.2,17,0
com.main.kdtesla,2.7.8,17,0
com.yeslogistics.app,2.0.0,17,0
io.atomicwallet,1.8.1,17,0
air.it.A2piuconsulting.dayco3,9.0.0,17,0
co.tapcart.app.id_ipDoP2HdRz,1,17,0
com.hivereactnative,1.2.80,17,0
com.ugroupmedia.pnp14,9.0.31,17,1
com.keremsoft.wpnativeblog,1.2.1,17,0
com.burleighlabs.babypics,3.1.16,17,1
monecarte.emargement,1.2.8,17,1
im.khad.white_pawn,2.5.10,17,0
com.transportmeptyltd.transportmepassenger,5.2.0,17,0
com.performersedge.mi,6.2.5,17,0
io.vidcamera,4.1.1,17,1
com.posify.ecommerce.mcmusic.phone,0.2.19,17,0
com.guideforgarminvenusq.app,1,17,1
pl.activezone,4.3.15,17,0
co.tapcart.app.id_MI9xOKxIgm,4,17,0
ch.klara.epost,1.12.0,17,0
com.irm.dating,1.0.3,17,0
com.mapplico.hsmucevherat,2.0.0,17,0
app.staffme.staffer,6.0.0,17,1
com.budgestudios.CrayolaJewelryParty,2022.1.0,17,0
com.wansport.app.PembrokeRacketsTC,4,17,0
com.rayvatapps.jenya1.jbilltracker,1.1,17,0
in.spoors.effortX,9.8a,17,1
com.haat.haatdriver,6.2,17,0
si.metrel.amesm,1.12.21.22.341.0,17,1
photo.video.slideshow.videomaker,4.1,17,1
com.zenstudios.pokermania,1.00.050,17,0
hp.nic.rohtangpermit,6,17,0
com.brishtitech.wizertenglish,1.0.5,17,1
com.mytalkingelephant.virtualpet,3.4.4,17,0
com.jawadtld.grocerycalculator,7,17,0
com.leuke.app,3.5.0,17,1
com.misbook.MISPaintingAR,2.2,17,0
com.guidebook.apps.ncg.android,2022.3,17,0
pk.dukan,5.21.1,17,1
co.level.app,1.21.2.52,17,0
com.benty.classroommosaic,3.2.0,17,1
com.edugorilla.iocljrerelec,01.01.232,17,0
com.km.karaoke,8.2.1.1092,17,1
com.ArteAnimacion.Teens,0.1,17,0
com.subsplashconsulting.s_VTRVMM,6.0.1,17,0
com.allvideodownloaderfast.vodeodownloadfast,1.4,17,0
com.playdisplay.armoscowcity,1.0.2,17,1
io.pushpay.providencecommunitychurch,15.10.13,17,0
com.minnapp,2.1.9,17,0
com.ape.ez.composer,1.4.1,17,0
io.pushpay.dayspringchristiancenter,13.2.0,17,0
com.lexingtoncc.app,3.7.642,17,0
com.pushpress.garyrobertsperformance,2.38.1,17,0
com.goodbarber.guiafortaleza,1.6,17,0
com.faithpays.ekklesiakm,1.0.5,17,0
com.crowdcompass.appk2TleLmM8R,5.5,17,0
af.sale.app,1.0.1,17,0
com.apploop21.aigeneratedart,3,17,0
com.yoosee,00.46.01.06,17,0
com.microplaymm.wycardgame1,7.0.1,17,0
com.palmpair.andoidapp,1.3.0,17,0
com.zaful,7.5.3,17,0
com.cocoplay.cocoparty,1.0.8,17,0
vn.image.blur.background,2.5.2,17,1
family.sustainable.sustainablefamilyapp,0.0.1,17,0
com.alpinebank.grip,2.48.0,17,0
com.dashride.clients.svtaxicabs,2.21.3,17,0
com.tamaren.shd.alsadr.at.app,2,17,0
co.jones.stibl,1.4.67.1,17,1
com.tasmanic.camtoplanfree,4.1.1,17,0
de.tsevingsen.app,1.13.3,17,0
ch.retailsolutions.ahapp,1.0.0 (1.47.2-128),17,0
com.client.concord,2.1.22,17,0
com.ipayout.now,3.3.1,17,0
com.obotmobileapp.natural.medicine,1,17,0
com.timesgroup.magicbricks,9.3.5.0,17,0
com.lcsistemas.lc.conferenciacega,1.0.2,17,0
com.wakeup.smartband,hw_4.0.1,17,0
it.creareunapp.editor.android5d8d122e12e6e,1.1,17,0
com.eduven.cg.perth,2.1.1,17,0
com.gapsscanner.userapp,1.0.7,17,0
com.jjentgrp.myrvu_im,2.0.0,17,0
com.flashlightapptool.liteapp,2.0.1,17,0
com.indokoala.transfez,2.3.4,17,0
de.appack.project.svbokhorst,1.1,17,0
com.tickaroo.enterprise.android7752093899737824318.fceisenach,4.5.1,17,1
net.rd.android.membercentric.raps,2020.2.2,17,0
co.jack.euqmu,1.4.64.9,17,1
com.caredfor.ffas,9.1.2.1669644623,17,0
com.Vishwah.ARMap,,17,0
com.sessia,1.22.1223,17,0
ch.workingbicycle.app,1.8.4,17,1
fr.ceineoteridf.appce,2.426,17,0
com.drinkplusplus.angle,4,17,1
com.waltsoft.awsexam4,1.5.1,17,0
com.camerafilter.ulook,2.0.0,17,1
com_24liveblog.app,3.3.5,17,1
com.kohshin.delaycamera,2.08,17,1
com.ekocustom.minor,13.4.1 - 1595487874 (cac4ebf950),17,0
com.app.ninetymins,8.2,17,0
com.okdme.okmenue,1.7.11,17,1
events.socio.app1336,26.0.1,17,0
co.martin.zffnw,1.4.64.9,17,1
com.borborygmus.connect,1.1.6.46,17,0
com.testbook.tbapp.southindianbankclerk,6.13.17-southindianbankclerk,17,0
io.wezit.rmn.mnp,3.0.0,17,0
com.axion.flashblinkcallandsms,2.7,17,0
com.app.p9728GI,4.2.0,17,0
br.com.app.gpu2009226.gpu8eb7b69fd60a73de60e4751c27aea659,16,17,0
co.loki.cccid,1.4.64.9,17,0
com.staffbase.adams,5.0.5207260823,17,0
com.inpeace.feemacao.sp,3.2.22,17,1
it.xmenu.verdesalvia,3.9.0,17,0
co.kevin.ynlmj,1.4.67.2,17,0
com.eco.bigfont,1.3.50,17,0
com.LAILA.NA2100411,3.56.0,17,0
axis_android.axis_android.VasariCountryClub,22.42,17,1
com.woolworths.mobile,v7.7,17,0
no.watermark.tiktokvideodownloader,1.0.3,17,0
com.sc.ncc,1.1,17,0
tr.com.veyron.app,1.10.0,17,1
io.pushpay.bhumcfrederick,15.6.10,17,0
com.stevedenheyer.avsync,1,17,0
me.klido.klido,0.23.6,17,1
com.trainerize.goldsgymbconlinetraining,7.62.0,17,0
com.guidebook.apps.plml.android,2.1,17,1
com.qsee.network,4.7.0,17,1
com.convert.image.jpeg.converter.jpg.png,3.21,17,1
com.revesoft.mobiledialer.ns_express_1575798658670_85168,4.2.8,17,0
com.hp.wirelees.deskjet.printeer.tala,1,17,1
com.refer_mobile_ignite,2.5,17,0
com.plasmahc.CE,1.2.7,17,0
app.major.studio.staff,1.0.208,17,0
cc.conferences.tudelftconferencesapp,1.7,17,0
com.schwabrt.srtint,1.7.0,17,1
com.statefarmfcu.statefarmfcu,4005.5.2,17,1
com.paymentvision.coastacceptance,1.3.14,17,0
com.com.idol,1,17,0
com.luxy,6.13.4,17,0
com.bnt.currencydirect,6.2.3,17,0
holecek.pavel.MorseCode,6.9,17,0
co.jarvis.kyac,1.4.67.1,17,0
com.iw.DoctorWellness,2,17,0
com.trainerize.bodybylauren,7.62.0,17,0
com.personizer.application,3.5.3,17,1
com.yomafleet.carshare,2.2.1,17,0
com.pjn325zu1z09.pad2t5tysapp,3.6.2,17,1
co.tarly.kkqnw,1.4.64.9,17,0
com.app.shopperzey,1,17,0
com.cap6.veolia.med,3.3.7,17,0
com.medibang.android.colors,1.4,17,1
co.nick.dtsei,1.4.67.1,17,0
com.endless.cookbook,31.0.3,17,0
ekalavya.io.snpublicsc,1.1,17,0
com.timatal.employees,3.0.2,17,0
egg.easter.doordrink_dod,1.9.1,17,1
com.zoho.show.app,2.5.67,17,1
com.swapcard.apps.android.questexhospitality,4.62.0-1,17,0
hk.westkowloon.app,1.1.3,17,0
com.edugorilla.teachbedmed,01.01.232,17,0
kr.co.mflare.google.iwing,2.8.2,17,0
net.appineo.backoffice.android5ee0b084b9da7,1,17,0
ride.app,5.5,17,1
com.ing.mobile,2023.1.0.0,17,0
tw.phoenix.game.and.lc,2.1.5,17,0
com.numer8.ofishretail,1.7.2,17,1
co.sansa.bbeda,1.4.67.2,17,0
org.a2softin.ismcpro,7688-2122,17,0
com.zohocorp.trainercentral,2.2.0,17,1
com.surmountenergy.smarttouchswitch,1.2.1,17,1
io.everdome.app,1.1.2,17,0
com.needs.apps,0.0.17,17,0
br.ndonline,56,17,0
maftal.laboranddelivery,9.8,17,0
com.echurchapps.nblivermore,15.13.17,17,0
com.appswiz.fudedasmithiabj,1.1.0,17,0
com.spatialnetworks.fulcrum.beta,3.1.26+1-BETA,17,0
org.mantracare.lgbtq,1.2.0,17,1
com.iqclash.turretgun,25,17,0
com.correct.spelling.application,2.0.0.4,17,0
com.Elements.Recoveron,1.01,17,0
com.beamgo,1.0.5,17,1
com.priority,1.01.33,17,1
co.barney.uavhy,1.4.64.9,17,1
co.khal.vegiq,1.4.64.9,17,0
com.evolutionwellness.app.fitnessfirst,1.29.2,17,1
com.smartsoftasia.perfume,4.0.55,17,1
app.distrikt.distrikt,1.2.0,17,0
com.edugorilla.mppatwari,01.01.232,17,0
co.george.jwowo,1.4.64.3,17,1
air.com.oranginalplan.weaphonesfree,2.4.0,17,0
com.directchat.gbnewversion.gbwhatsappstatussaver.statussaver.gbversion.gbversionapk,1,17,1
com.longtech.lastwars.gp,1.0.387,17,0
com.rf.hercircle,1.18,17,0
com.towngas.towngasfun,1.1.15.1,17,0
com.honeycommb.cannabuzz,1.50.49,17,1
com.trainerize.sarahmoss,7.62.0,17,0
pe.touring.asociado.virtual,1.0.6,17,0
com.olx.ssa,4.7.3.1,17,1
br.com.sysmo.b2c.ma,1.00.47.000,17,0
realtor.apk,1.0.0,17,0
com.rainway,1.3.5,17,0
com.subsplashconsulting.s_5WN3NP,5.15.0,17,0
com.arboxapp.nothingbutnet,4.3.0,17,0
com.raumtaenzer.klverlag,1.7.4,17,0
camera.timestamp.mark.watermark,3.1.2,17,1
com.xpartner,3.16.1,17,1
appespressonewsgr.wpapp,100,17,0
com.edugorilla.tntrbasst,01.01.234,17,0
com.nedap.retail.idcloud,2022.4.2,17,0
uk.co.tsb.newmobilebank,7.2.2,17,0
com.teacherph.eptreviewer,7.1.7,17,0
com.jdb.mbanking,4.5.2,17,0
com.sticpay.app.sticpay,3.91,17,1
gr.vendora.app,2.0.163,17,0
io.appbuild.ppwealthapp,1.0.0,17,0
com.exosmart.besticky,2.8,17,0
com.subsplashconsulting.s_CJ5WQM,6.0.1,17,0
com.ev.live,2.54.0,17,0
com.comitech.cradle,3,17,0
it.verso.wnf17,6.0.1,17,1
cn.com.broadlink.econtrol.plus,1.9.50.1b69fb3f,17,0
com.divisait.hospitalreyjuancarlos,3.47,17,0
com.mobeasyapp.app174238320178,1,17,0
com.game.colorroll3d,200211,17,0
com.haat.client,7.8,17,0
com.cavaxia.certifications.android,2.12.0,17,0
com.ncvma.gd.conference2017,1.9,17,0
com.tmdanceworld.mi,6.2.2,17,0
com.kdovesflores2019.kdoves,4.2.5,17,0
co.penny.lvifk,1.4.64.3,17,1
com.rapidglobal.siteaccess,4.11.0,17,1
com.golink.tun,3.2.4,17,0
com.subsplashconsulting.s_J5DF2Z,6.0.1,17,0
com.coupang.mobile,7.4.7,17,0
com.mallcommapp.royalalbertdock,1.0.0,17,0
co.khal.gzgwr,1.4.64.9,17,1
com.subsplashconsulting.s_QFHSJ9,6.0.1,17,0
com.svgapps.android.spo2,1.1,17,0
com.tenant.app,1.2.2,17,0
com.cooperation.vchat,1.3.0,17,0
com.notebuddy.ar.animals,1,17,1
nl.roxelane.memorylane.companion,1.65,17,1
de.basecom.deskly,1,17,1
com.radmas.iyc.santillana,6.0.84,17,0
com.loadrpm.Ike,1.10.19,17,0
com.trainerize.coachingwithcaroline,7.62.0,17,0
wien.at.live,3.0.13,17,0
randyrankin.bvb.quickarrulercameratapmeasure,1,17,1
mobile.appR95n3VLsfz,5.78.2,17,0
com.riskmach.safeinterventions,1.0.2,17,1
com.my1218app.RanchoBernardoInn,2.3.74,17,0
com.fancyar.fancyzoo,3.0.12,17,0
com.yego.passenger,1.5.7,17,0
com.sdu.didi.gsui.hk,6.1.10,17,0
com.moontechnolabs.miandroid,4.24.8,17,0
app.customerportal.skybroadband,1.0.2,17,0
com.testbook.tbapp.ukpscroaro,6.13.17-ukpscroaro,17,0
com.schoolknot.srisurya,4.09.03,17,0
network.particle.auth,0.9.18,17,0
com.dwt.smmoneycare,1.7,17,0
com.hr_for_hr.app,1.0.1,17,0
com.millionapps.CBBackgroundPhotoEditor,1.0.7,17,1
com.ihealthystar.kawin.toolbox.bpiq,4.0.4,17,0
com.digi.notes,1.0.1,17,0
com.onlinesanchore.store,1.0.3,17,0
net.e_motto.hn62na4t,6.1.0,17,0
com.tibco.spotfire,1.4.5.2,17,0
it.ingdirect.app,4.2.3,17,0
com.mobile.xmob,1.0.2,17,1
com.subsplashconsulting.s_7JRGGF,6.0.1,17,0
com.mobile.belong.living,1.9,17,0
com.palmerdonavin.appP8VQBOxMuu,2.16.3,17,0
com.coassets.android.sg,4.8.5,17,0
com.aicoach,2.1.15,17,0
com.ibillstudio.thedaycouple,v3.2.25,17,1
ru.sokolov.android,8.7.0,17,0
com.armado.ArmadoMobile,5.0.0,17,0
com.eduven.cg.madagascar,1.0.4,17,0
nz.co.foodstuffs.apps.newworld.shopngo,1.5.0,17,1
com.appinop.egtok,2,17,1
com.pizzahutapp,5.8.1,17,0
no.cope.app,1.0.8,17,0
com.newlightschoolbright,2.13,17,0
co.edvin.oocov,1.4.64.9,17,1
com.metaswitch.cp.Accession,3.10.20,17,1
com.edugorilla.gsecl_vidyutsahayak_jeeea_mocktest,01.01.232,17,0
com.akl.ilfo.activity,3.0.2,17,0
com.zaimus.solehub,1.11,17,0
com.bronx.sbmotor,1.0.5,17,0
com.bhappdevelopment.baileyborg,Bailey Borg Academy  10.1.0,17,0
com.momgr.seal_protection,1.5,17,0
co.lynde.uknip,1.4.67.2,17,0
com.zee5.hipi,0.0.215,17,1
com.intsig.cspdf,1.0.7.20230116,17,1
co.nick.lyild,1.4.67.1,17,0
com.meetingapplication.illegalzone,4.8.14-R,17,0
com.smanos.w120plus,1.9.9,17,0
com.bentleymotors.arvisualiser,2.1.4,17,0
com.a.one.tg,1.0.24,17,0
com.autodesk.bim360.docs.layout,2.32.1 Layout,17,0
com.mobeasyapp.app901096746597,2,17,0
com.follow.chat,5,17,1
com.carpart.r1163,2.13.000,17,0
io.pushpay.cathedralofchristtheking,15.1.0,17,0
com.app.p8513EF,1.4.0.0,17,0
com.netease.onmyoji.na,1.7.67,17,0
com.edugorilla.dsssbjecivil,01.01.234,17,0
com.simyasolutions.ling.nl,3.6.9,17,0
com.kiridatingapp,2.1,17,1
com.steuerbot,2.16.1,17,0
com.gannett.local.library.news.kpnx,44.3.106,17,0
com.doc.campscan,1.8,17,1
com.hpl.apna_sr,1.22,17,0
com.thedragongroup.candidate,2.35.3,17,0
com.hello.zuttomo,1.5.7,17,0
com.HealthCare_Service_At_Home,1.4,17,0
com.myvitale.fitnesshut.pt,1.0.1,17,0
com.costapadel.view,1.1,17,0
com.generationsperformingartscenter.mi,6.2.2,17,0
co.varys.ewvix,1.4.67.2,17,0
com.trainerize.terryniessenperformance,7.62.0,17,0
com.ipcom.inas,1.1.1,17,1
com.so.pziyf,1.0.4,17,0
com.nathans.iorder,1.1.0,17,0
com.civicapps.powderspringsga,2022.4.2,17,0
com.fbm.BikersNearby,3.39.0,17,0
com.Nastya3.capo5.vediocall,3,17,1
com.blood.savebleeding,1.3,17,0
nl.vuljeduikfles,1.0.7,17,0
com.virdee.mobile_app,2.58.0,17,0
pl.powsty.colorharmony,3.0.10,17,1
us.regain,2.21,17,1
net.flowww.z.generic,5.3,17,0
com.smsrobot.photox,9.5,17,1
com.funplus.kingofavalon,15.2.0,17,0
com.directfcu.directfcu,4005.5.3,17,0
com.silvercrk.backgammon_thd_free,Varies with device,17,0
com.trainerize.jcathletics,7.62.0,17,0
com.rizwansayyed.besecure,1.0.290,17,1
com.yakimachiefhops.lotlookup,1.0.23,17,0
com.messenger.xgrmplus2022,9.0.5,17,1
com.klimoonate.smart_print_hp_printer_app,1,17,1
com.paragon.amanresidences.nyc,1.0.2,17,1
com.thefoodstoryhk.omtfs.consumer,5.1.101,17,1
com.labs.view365,3.6.5(20),17,0
com.shenzhen.android.tstrackerapp,1.0.2,17,0
edu.mindful.usc,1.4.0,17,0
co.alicia.mbage,1.4.64.9,17,0
com.byg.cobranded.fitiam,1.0.10,17,0
com.subsplash.thechurchapp.nsbc,6.0.1,17,0
technologies.waltado.upgame,6.0.9,17,0
ugo.thailand.passenger,0.41.06-CROWNFLASH,17,0
com.vc.viewpro,2.1.22,17,0
com.streamsoftinc.artistconnection,1.6.18,17,0
com.depoint.generic,2.2,17,1
com.atomslabs.camsees.gcm,1.0.7,17,1
com.wisefollow.wiseentrance,1.3.9,17,0
com.obssa.fnow.obsinter,3.19.9,17,0
com.androidbash.androidbashfirebaseupdateds,2.0.3,17,0
com.krcapp.trinx,4.4.2,17,0
com.cedarelectronics.smartsight,2.13.11.1,17,1
com.omniwe.chicks,3.0.4,17,0
com.AOT,4.0.24,17,0
com.cofox.kahunas.SPPhysiques,1.12.5,17,0
co.jorah.cjdjo,1.4.64.9,17,0
cx.makaveli.flashoncall,3,17,0
com.paygo24.ibank,3.4.6.873,17,1
com.cloudtenlabs.workerpro,1.0.6,17,0
com.harmeyerauction.bid,2.7.3,17,0
com.tinbo.app,2.2.0,17,1
com.insasofttech.WW2soldiersuit,1.1.11,17,1
com.subsplashconsulting.s_J7J6SR,6.0.1,17,0
com.telogis.workplan,4.34.1,17,0
com.sanatan.progressreport2010,2.9.4,17,0
com.eyougame.wsjs,14,17,0
com.coindcx.btc,5.02.005,17,0
com.wRealDealProperty_15385892,1,17,0
com.ambeautycare.mobileapp,2.6.1,17,0
gr.softweb.injectionservice,2.0.1,17,0
com.autocab.taxibooker.ambercars.northampton,34.0.11.8951,17,0
elite.singles.dating,1.1.0,17,0
com.photomontageframeit.gachalifechristmasphotoeditor,1,17,1
com.netease.lag.hmt,1.2.266243,17,0
com.rapidprivatehirelimited.darwen,34.0.10.8738,17,0
com.uganda.onlineshoppinginuganda,1.4,17,0
com.npn.store,4.2.002,17,0
affiliatemarketing.courses.programs,60.1,17,0
com.zdenekskrobak.mybooks,4.3.0,17,1
com.superlive.liveapp,1.13.6,17,1
com.mobilelive.showCommunity,2.5.0,17,1
com.floraincognita.app.floraincognita,3.3.19,17,1
es.algaida.rapalomitas,1.0002,17,0
com.dynamicsignal.androidphone,23.1.0,17,0
com.master.hiddenintruderselfie,1.8,17,1
com.unity3d.mobileremote,3,17,0
com.customchurchapps.thegenerationchurchapp,6.0.1,17,0
com.strikes.apps,1.3.8,17,0
fr.gouv.finances.smartphone.android,4.1.2,17,0
com.liftalk.app.android,1.4.3,17,1
com.trainerize.triumphtraining,7.62.0,17,0
com.shinhan.global.vn.bank,3.0.4,17,0
com.electrotek.qr_scanner,1.0.2,17,1
com.hashnode.hashnode,2.7.3,17,0
com.XiAlien.Andriod,0.0.12,17,0
com.gty.rdc_business_mobile,2.3.11,17,1
com.slimcricket.pingouinfrileux,3.3.0,17,0
au.com.appliquette.recognise.back,1.0.6,17,1
com.callpod.android_apps.keeper,16.6.20.1077,17,1
com.zeel.consumer,4.1.8,17,0
com.armacost.wifipro,1.0.3,17,1
com.tutorialsfreak.digitalmarketing,1,17,0
com.heinzglasgmbh.virtualdesigner2019,2.09,17,0
com.getinshoot.getinshoot,1.1.80,17,1
com.pdfcreatorcoverter.atoztools,1,17,1
com.acuityscheduling.client.android,1.3.7,17,1
com.graduway.monroeconnect,202100.316.18,17,0
com.raumtaenzer.fluxremote,2.13.2,17,0
com.subsplashconsulting.s_N55DD6,6.0.1,17,0
com.mspe.jaketexGmbh.Monday,2.22.10,17,0
com.rowaad.geoshield,1.3,17,0
com.mastercard.mcglobalevents,1.7.2 (1.53.2-147),17,1
com.thomson.mesh,1.0.6,17,0
com.paytronix.client.android.app.jplicks,22.17.2022080302,17,0
br.com.winker.wl.gruposk,2.1.23,17,1
com.iget.m5,1.2.3,17,0
com.zengge.blev2,1.3.1,17,0
br.infobr.brcomunique.mobile.lince,2.3.2,17,0
air.com.flipline.papasfreezeriahd,1.2.2,17,0
com.app.p2125JF,4.6.0,17,0
com.skubbs.tmihp,1.8,17,0
com.felixsolisavantis.ElAdivino,1.5.7,17,0
com.dvbond.project.beadsapp,1.0.46,17,1
com.risingcabbage.hd.camera,1.5.6,17,1
com.e1c.ERP,2.5.11,17,0
net.jablonet.mobile,8.1.0,17,1
de.markusfisch.android.binaryeye,1.58.2,17,0
co.khal.lqkcs,1.4.64.9,17,1
com.paywithspare.spareclient,3.1.2,17,0
pl.nextcamera,,17,1
com.newskyer.draw,5.5.10.e71d20,17,1
evertonhorning.com.br.Expositor,1,17,1
app.editwebpage,1.0.5,17,0
com.ibee.myclassboard.activity,1.12.8,17,0
com.feemanager,3.9.3,17,0
com.keakster.sheepmug,1.1,17,0
com.cofedistrict,11.1.0,17,0
com.quickheal.platform,3.01.00.054.01,17,1
com.ingenium.tca1101,1.0.177,17,1
com.trainerize.phoenixbodyfit,7.62.0,17,0
com.efcombatives.school,3.10.0,17,0
com.senerworks.swminimal,1.0.0,17,0
com.aceedutainmentapps.Max,2.12,17,0
com.genecompany.julie,1.1.0,17,0
org.brushking,1.2,17,0
com.octopod.saraswati,2.1.15,17,0
com.frbooksmobileapp,1.0.48,17,0
com.thepennyinc.penny,2.6.5,17,0
com.stetsiuk.stetsiuk_hair_expert_android,1.1.2,17,1
com.gruveo.gruveo_android,6.8.1,17,1
com.joplinsupply.oetouch,Varies with device,17,1
co.sheldon.yhqkr,1.4.67.1,17,1
ru.mosapp.mobile.android5c9cdb357c7c0,1,17,0
com.bfn.onecup.jr,4.0.118,17,0
com.my.orientaldailynews,2.2.4,17,0
com.appswiz.tsunssbiharifacf,1.1.0,17,0
co.hodor.euglh,1.4.64.9,17,1
app.goodcrypto,1.8.7,17,0
com.adoraexperiences.cloud.mobile.university.asu,5.0.7,17,0
uk.co.insite.team,1.34.2,17,0
com.bentley.apm.mobile.inspections,2.3.1.34,17,1
com.mobileapploader.aid217807,217807,17,0
co.tapcart.app.id_t3MT2rOS0R,4,17,0
com.taobao.trip,9.9.4.105,17,0
com.bebopbee.redlion,0.8.84,17,0
ca.ohri.immunizeapp,5.0.7,17,0
com.roadtrippers,2.8.4.2836,17,0
com.spinneyslebanon.app,1.2.16,17,1
hr.apps.n207185574,5.63.14,17,0
com.asc.pawwows,1.2.2,17,0
com.medialight.clicanoo,Varies with device,17,0
io.gizer.googleplay,,17,0
com.theotino.chinadaily,7.6.16,17,0
com.subsplashconsulting.s_HXMVCS,6.0.1,17,0
com.mapsalud.ohwallet,1.2,17,0
com.onprint.pictureextend,2.0.7,17,1
com.jkfantasy.camera.jkpmagnifiercamera,1.6.0,17,1
co.davos.wzovj,1.4.65.12,17,0
net.waitry.app.b.kansas,2.02.19,17,1
com.iba.incaseof,7.5.1,17,0
com.bunchat.pro,1.5.8,17,1
co.marshal.mgiue,1.4.64.9,17,1
com.iw.saralwealth,1.0.5,17,0
via.driver,9.17.1,17,0
com.vividvision.dalda.ba,2.2,17,0
com.aptitudeinternet.smarthome,22.4.1,17,0
com.formalshirt.photosuit,1.3,17,1
co.wineapp.app,2.1.10,17,0
com.Herotech.ARMarket,4,17,0
com.fourtechnologies.mynetdiary.diabetes,8.2.7,17,0
appkingdomwebappscom1305803.wpapp,10,17,0
com.selfshop.reseller,p_0.2,17,0
com.nwideas.mapp,1.1.3,17,0
in.comfortdrive.selfdrive,1.2.3,17,0
com.otipy.otipy,1.5.4,17,1
com.photo3dapps.gifmob.free,1.33.0,17,1
com.subsplash.thechurchapp.apostolicfaithchurch,6.0.1,17,0
com.conceptioni.ciforum,1.1,17,0
com.pixelbytes.healthmate,1.0.31,17,0
com.talonarium.app,5.5,17,1
com.sidearmsports.kent,1.0.6,17,0
com.findaworkerapp.findaworker,1.0.34,17,0
com.edcast.jardines.connect,5.22.0,17,0
com.sencrop.app,5.1.2,17,0
com.sysmedac.vpay,1.4,17,0
com.upgrad.student,5.6.9,17,1
com.VRSoft.G561,3.5.7,17,0
com.ca.affiliate.prod,1.0.1,17,0
com.nppirin.app,v1.2,17,1
com.esri.myarcgis,4.2.7,17,0
org.oceanconservancy.cleanswell,2.0.6,17,0
net.iasri.ivri.animalscience.ovcca,1.7,17,0
com.spotlight.ford,1.7.1,17,0
com.trainerize.ccfitnessapp,7.62.0,17,0
it.trendservizi.ggapp,3.1.1,17,0
com.mobeasyapp.app896773892803,2,17,0
com.mobile.hawkvison,1.1.0,17,1
com.itsportgroup.argentinobb,1.0.0,17,1
com.ekodroid.omrevaluator,5.2.2,17,0
com.grandsons.dictboxfa,8.7.3,17,1
com.legitmark.app,1.5.0,17,1
tv.subs.android,1.3.1,17,1
air.com.coalaa.itexasfr,6.4.0,17,0
co.amy.ascqr,1.4.65.12,17,1
com.flatearthsun,5.11.23,17,1
com.tplinkwifiboosterguide.app84627648868,1,17,0
co.sansa.polfa,1.4.64.9,17,0
com.kaihoeffken,2.71670.0,17,0
com.tasteio,1.44.1,17,0
com.tsm.radiotexaslive,2.3.16,17,1
com.zoho.recurit,3.6.0,17,0
com.healthstack.mycancertracker,1.6,17,0
org.gba.recreo,1.16.1,17,0
events.socio.app2823,28.0.0,17,0
com.ap_company,2.0.28,17,1
com.wax_in_the_city,1.18.0,17,0
com.stapps,1.0.79,17,0
com.serveday,1.6.5,17,0
com.dongbulife.m,6.9.1,17,1
com.billapp.billbusiness,10,17,1
com.toolnt.photoeditor.pro,1.3,17,1
com.ciotx.bestrong,1.0.0,17,0
com.youpicotedivoire.youpi,2.2.1,17,0
com.mobincube.the_medicaid_app.sc_3P4GQ8,7.0.0,17,0
com.tickaroo.enterprise.android7752093899737824318.svrotweisshadamar,4.5.1,17,1
com.abogacia.revistaabogados,1,17,0
co.loki.uni,1.4.67.1,17,0
com.luxwaredk.app,1,17,0
com.danune.packagerecorder,1.221231.01,17,1
land.blood.wallet,0.5.49,17,1
com.carwale,7.4.0,17,0
ie.timepoint.kiosk,1.03,17,1
com.GKT.ViOrgasme,1.7,17,0
com.seawindsolution.pod,5.3.2,17,1
com.ouacom.syntecfecfo,1,17,0
