com.isharing.isharing,11.6.0.3,26,0
com.subsplashconsulting.s_R6SHQK,6.0.1,26,0
com.mobilearth.svcb.mobibanking,5.2.908,26,0
is.tx.android,5.0.0,26,0
com.google.android.inputmethod.latin,Varies with device,26,1
com.everdreamsoft.casatookan,1.1.50,26,0
com.ansangha.drlink,1.21,26,0
com.Loop.app,1.12.0,26,0
com.etips.cyprus.travel.guide,1.0.6,26,0
com.summview.rfi.pureradio,2.2.7,26,0
co.martin.kwxlh,1.4.64.9,26,0
com.airealmobile.gracepreparatoryacademyofnewbraunfels_35151,45.10.0,26,0
com.android.gpstest,Varies with device,26,1
com.subsplashconsulting.s_SCSTFM,6.0.1,26,0
co.nick.myqhg,1.4.67.2,26,0
co.lenord.wabrx,1.4.64.9,26,0
com.sterling.admin,2.0.5,26,0
com.ibytecode.chennaimrts.v3.activity,8.08,26,0
br.com.citytaxipb1.taxi.taximachine,15.1.1,26,0
com.enproject.advance,2.5,26,0
io.pushpay.biblebaptistky,15.1.2,26,0
co.rios.vllyb,1.4.64.2,26,0
com.clubpremier.loyalty.android,5.5.2,26,0
com.google.android.apps.accessibility.auditor,2.3.0.456557213,26,1
com.subsplashconsulting.s_TZHRQH,6.0.1,26,0
com.tillybom,1.18.2,26,0
com.mts.vs_rvtrackgps,1.28,26,0
product.clicklabs.ttcab.driver,4.3.7,26,0
com.abinbev.android.tapwiser.beesElSalvador,16.3.1,26,0
co.lynde.jphtr,1.4.67.2,26,0
com.ericdjuly.mackapp,0.0.1,26,0
app.kids360.parent,1.51.1,26,0
com.gourri.NA2000294,,26,0
com.ronaldo.ronaldoapp,2.3.6,26,0
com.sprintsolutions.petmarketstoreapp,2.2,26,0
net.omobio.dialogsc,16.2.2,26,0
com.corvusgps.evertrack,1.6.1-210422,26,0
air.RegioVoetbal,9.6,26,0
co.lenord.uexdo,1.4.64.9,26,0
com.mobyview.virginiabeach,2.0.5,26,0
kh.com.truemoney.truemoneymobile,11.14.0,26,0
com.ape_edication,8.1.0,26,0
co.tarly.bwmcz,1.4.64.9,26,0
com.sfm.jdd,Varies with device,26,0
org.telegram.plus,9.3.3.2,26,0
co.amy.vxkxu,1.4.64.9,26,0
mobile.appY48LC7hD7h,5.78.6,26,0
io.pushpay.curtislakechristianchurch,15.1.3,26,0
com.blackboard.community.portsmouthschoolsri,5.0.100,26,0
com.mobilon.feedmecyprus,3.0.4,26,0
net.alexplaymind.missing,0.1.7,26,0
com.subsplash.thechurchapp.biblestudy,6.0.1,26,0
co.nedstark.frmn,1.4.67.1,26,0
io.pushpay.firstchristianchurchjunctioncity,15.1.2,26,0
com.widex.pa,1.6.10 (5),26,0
com.subsplashconsulting.s_2GR3Z9,6.0.1,26,0
io.pushpay.kirkchurch,15.2.6,26,0
com.mobinlife.citydom,4.1.30,26,0
io.pushpay.rccgovercomers,15.1.0,26,0
com.app_legalislandie1040.layout,1.0.6,26,0
com.civicapps.californiamo,2021.4.1,26,0
com.conduit.app_14cb08ab6f0545f2a89ad19ccfa507ce.app,1.91.199.430,26,0
com.wansport.app.apemcopertino,4.0,26,0
com.app.faithcommunitylc,1.0,26,0
co.edvin.xazes,1.4.64.9,26,0
org.nanobit.stardroid,6.2.8,26,0
com.pagesuite.jerseyeveninpoststore,1.2.5,26,1
com.jacobsmedia.wpln,4.5.33,26,0
com.ghost.lgnds,1.5.1,26,0
com.zoho.android.documentscanner,2.3.3,26,1
com.subsplashconsulting.s_9FPHTH,5.19.0,26,0
com.autocab.taxibooker.zcarsnewark.newark,34.0.10.8726,26,0
com.tvn.labs.nylawsinapp,1.17,26,0
co.jorah.lamyi,1.4.64.9,26,0
com.etips.montreal.travel.guide,1.0.20,26,0
co.davos.ofjmn,1.4.64.9,26,0
com.kfc.ksa,7.4.2,26,1
com.ayge.mensaersu,1.0.6,26,0
com.universal.connected,1.3.0,26,0
com.tnt.rc.micro.racing.toy.cars.battle.weapons,1.02,26,0
com.anydo.calendar,2.5.14.2.4,26,1
co.iron.fduac,1.4.67.2,26,0
jp.co.miceone.micenavi,1.0.35,26,0
com.collegesearch.in,202044,26,0
co.bolton.kshit,1.4.64.9,26,0
org.dayup.gtask,Varies with device,26,1
com.bananaandco.hearts.solitaire.free.card.game,1.2.0.RC-GP-Free(13),26,1
org.odk.collect.android,Varies with device,26,0
hk.lms.wooloomooloo,1.0.11,26,0
dubai.rta,4.6.6,26,0
com.mapplico.irwear,2.0.0,26,0
com.echurchapps.gracecityeugene,15.5.6,26,0
com.subsplashconsulting.s_FKRZB5,6.0.1,26,0
com.grandlisboapalace.GLPApp,1.8.0,26,0
com.inalco.mobile,4.29.0.0,26,0
com.zenprise,22.11.0,26,0
com.wefi.wefi,7.29.48,26,0
sg.com.sbstransit.irisdroid,2.7.3,26,0
com.gsland,1.5.6,26,0
com.axlebolt.standoff2,0.22.0,26,0
jewishmap.jewishmap,1.1,26,0
com.ifs.banking.fiid8102,2022.09.02,26,0
com.google.earth,Varies with device,26,1
com.casualjoygames.word,1.0.24,26,0
com.trakm8.aafleet,1.4.3,26,0
com.netpulse.mobile.ymcaofgreaterhouston,2.2,26,0
com.more.dayzsurvival.gp,Varies with device,26,0
com.gpsmycity.android.u350,55,26,0
com.lu_app.ironworkers440,14.0,26,0
com.etips.sydney.travel.guide,1.0.19,26,0
com.app.ustitlerecords,1.0,26,0
com.fullgauge.fgfinder,3.4.0,26,0
com.tribalgroup.mystcg.wam,2022.11,26,0
com.bankofjordan.palmobileapp,1.7.77,26,0
com.fwglow.merchant,1.0,26,0
org.thenailtech.thenailtechorg,0.1.1,26,0
com.subsplashconsulting.s_WS96JK,6.0.1,26,0
com.bs.kotha,0.1.20221216,26,0
co.edvin.yvzzx,1.4.67.1,26,0
com.mapplico.cdbank,2.0.0,26,0
org.avongov.seeclickfix,6.2.1.4652,26,0
com.app.birthplanner,1.1,26,0
com.treat,1.3.4,26,0
com.ancient.smmart,,26,1
co.nick.ifmsy,1.4.64.9,26,0
com.createappv2.ege_tech,1.1.0,26,0
com.subsplashconsulting.s_N62G37,6.0.1,26,0
pt.wm.trivialworld,1.17.0,26,0
com.muslim.android,3.1.7,26,0
com.onjara.weatherforecastuk.free,5.4.4-free,26,0
jp.ameba,Varies with device,26,0
sweet.selfie.lite,5.0.1734,26,0
com.echurchapps.lifefw,15.12.17,26,0
com.vsco.cam,306,26,0
co.jones.pzisr,1.4.64.9,26,0
co.shield.ftfvp,1.4.64.9,26,0
co.april2019.ake,1.4.67.2,26,0
org.jsoftware.wavesound,1.87,26,0
com.yinzcam.nfl.bears,3.8.7,26,0
br.com.urb.passenger.drivermachine,9.9,26,0
co.marshal.abaok,1.4.64.9,26,0
com.simyasolutions.ling.fi,3.6.9,26,0
com.netpulse.mobile.indymca,1.47,26,0
com.gamenauts.klo,1.1.6,26,0
app.pastorchris.newworld,19,26,0
com.yardi.maintenance,5.2.4,26,0
co.marshal.zfmhu,1.4.64.9,26,0
co.classplus.gaps,1.4.67.1,26,0
com.surfcityapps.quitsmoking,2.43,26,0
com.mobileappcity.johnschneider,2.16,26,0
com.subsplashconsulting.s_3BP5MW,6.0.1,26,0
co.sheldon.xnmxk,1.4.64.9,26,0
sapphire_mobile.app,1.0.38,26,0
com.events.necessarydevilapp,1.0.1,26,0
com.yahoo.mobile.client.android.weather,Varies with device,26,0
com.JetToast.BlockyFarm,1.2.92,26,0
com.booba.tamagochi,3.8.8,26,0
co.brown.qjdzl,1.4.64.2,26,0
events.socio.weed_man_usa,27.0.0,26,0
com.cloudacademy.cloudacademyapp,6.5.3,26,0
com.stadiumcheck.app,3.0.8,26,0
com.my.driver,1.0.49,26,0
com.tripbucket.sandiegocity,6.0,26,0
com.airealmobile.watershed_1130,45.3.0,26,0
co.nick.reqkc,1.4.67.2,26,0
com.app.dbreastprotocols,1.0,26,0
com.adetec.smarttx,1.3.5,26,0
com.maersk.mci.boxinspection,3.5.1,26,0
com.vagaroba.ldss,2.6,26,0
com.graduway.srconnects,202100.315.15,26,0
com.landareameasurementapp.measuredistancemappro,1.1.9,26,0
org.lds.ldsmusic,Varies with device,26,0
co.storial.stark,2.1.54,26,0
vhs.vaporwave.glitcheffects.glitchphotoeditor,1.181.19,26,0
tz.com.quitax.dar.es.salaam.client,0.34.03-ANTHELION,26,0
com.subsplash.thechurchapp.Powerpoint,5.20.4,26,0
de.appack.project.svhesepesoegeln,1.0,26,0
com.feresr.walpy,2.5.2,26,0
com.nineyi.shop.s040918,2.77.0,26,0
com.istanareload.android,0.21.0023,26,0
com.prestigeworldwide.medidiet,5.6.3,26,0
com.yatra.base,14.16.0,26,0
net.parentlink.usd259,5.6.13000,26,0
co.sheldon.ttwcm,1.4.64.9,26,0
com.newssynergy.wciaextramile,v4.35.5.2,26,0
in.connectionable.hourly,1.0.0,26,0
com.artsocean.cookinglife,1.0.13,26,0
com.emerson.checkncharge,21.2.1,26,0
co.april2019.excc,1.4.67.1,26,0
sg.com.transitlink,7.0.6,26,0
com.wansport.app.ws.maruggiosocialsport,4.0,26,0
net.parentlink.parent,5.6.23,26,0
com.goodbarber.agricamperital,2.1.2,26,0
com.dbs.sg.iwealth,22.12.1,26,0
com.subsplash.thechurchapp.s_TP3JNC,5.20.4,26,0
com.Zippr,Zippr Global 2.0.18,26,1
co.lynde.uknip,1.4.67.2,26,0
com.suffolkcamra.pubs,2.0.64,26,1
com.fnoex.fan.oaklandgrizzlies,172.9.7,26,0
com.ratrodstudio.snowparty,1.3.2.RC,26,0
npac.hknml.app,2.9.8,26,0
com.bildstudio.ruralholiday,1.4,26,0
com.app_calvinchristian.layout,1.0.12,26,0
com.imagedrome.jihachul,7.1.5,26,0
org.artofliving.adminapp,3.3.0,26,0
co.haward.yoxop,1.4.64.9,26,0
com.techshunya.mylandrecords,v1.1.0,26,0
com.quranreading.NamazKaTariqa,1.45,26,0
co.alexis.yisur,1.4.64.9,26,0
com.shaka.guide,8.1.4,26,0
com.innovatise.kingsandmarina,105.12,26,0
com.iroid.IowaCamping,1.0,26,0
org.lmsanitation.recollect.waste,2022.9.23,26,0
com.subsplashconsulting.s_5ZSC72,6.0.1,26,0
co.april2019.tec,1.4.67.1,26,0
com.gpsmycity.android.u146,55,26,0
co.davos.xkxoi,1.4.64.9,26,0
co.alicia.dmcc,1.4.67.1,26,0
com.wHermessenger_15059416,1.0,26,0
com.incrowdsports.football.norwich,1.0.5,26,0
io.pushpay.ccea,14.1.7,26,0
com.hilal.play,Varies with device,26,0
gov.sumtercountyfl.seeclickfix,6.0.0.4623,26,0
com.app_happyherbco.layout,1.0.8,26,0
com.EyesOn.Clicker,246,26,0
my.com.nineyi.shop.s200003,2.77.0,26,0
co.jones.crvmq,1.4.64.9,26,0
co.thor.uqmjp,1.4.67.2,26,0
li.yapp.appFB96D947,10.41.0.0,26,0
com.santandermovelempresarial.app,6.14.1,26,0
com.customchurchapps.calvtabnj,6.0.1,26,0
net.applabsinc.android_animalcolor,2.7.3,26,0
com.active.awo.mobile.ra,4.14.0.33,26,0
me.cloudguide.app,5.0.3,26,0
jp.epark.salonappy6s4r7,1.0.42,26,0
com.subsplashconsulting.s_BRF5FC,5.16.0,26,0
com.smartkargo.indigoshipperapp,1.5.23,26,1
id.dafaarjuna.gpnavrat,1.31,26,0
se.weonline.app,5.4.1,26,0
com.sicardriver.driver,1.6,26,0
com.subsplashconsulting.s_P5CW53,6.0.1,26,0
com.myhappyapps.happysaturdayimages,1.02,26,0
com.subsplashconsulting.s_CQ442B,6.0.1,26,0
com.eventoplanner.lfevents,2.2,26,0
qubin.de.wearmedia,Varies with device,26,0
org.rajman.neshan.traffic.tehran.navigator,11.3.0,26,0
mobile.appNfEDgCy7iM,5.68,26,0
com.ewbank.digital,23.1.0,26,0
hk.com.nineyi.shop.s000029,2.77.0,26,0
io.pushpay.goodshepherdcatholicchurch,15.5.6,26,0
com.barchart.hbspecialties,2.0.27,26,0
com.rentalcars.handset,2022.12.1,26,0
com.invitation.invitationmaker.weddingcard,1.14,26,0
app.elpokladny.cz,1.7.00,26,0
com.colasteamcup.programs,9.1.14,26,1
com.pidex.zuzapp.berlingrandhotel,1.0,26,0
com.distinctivegames.rugbynations22,1.2.2.295,26,0
co.groot.zxouf,1.4.64.9,26,0
co.jones.wkdse,1.4.64.9,26,0
com.subsplash.thechurchapp.summit,6.0.1,26,0
com.connecta.pf.fidelity,1.0.6,26,0
com.subsplashconsulting.s_DHXN85,6.0.1,26,0
com.spotterlook.driverstartgamoto,Varies with device,26,0
com.tsheets.android.hammerhead,3.88.5.20230113.1.RELEASE,26,1
com.subsplash.thechurchapp.s_Z8SKXG,6.0.1,26,0
com.gymlife.nicolaeusebi.gymlife,1.0.82,26,0
com.netpulse.mobile.brightoncrossing,1.0,26,0
com.poqstudio.app.platform.yoursclothing,22.0.10.3,26,0
net.workoutinc.seven_7_minutes_workouts_challenge,3.1.1,26,0
com.app.royalladiesinternationaleu,1.0,26,0
com.uckolemre.csgoweapon,1.0.0,26,0
de.appack.project.tc_rw_duesseldorf,1.0,26,0
com.klassapp.pmlexington,4.8.19,26,0
com.oohlala.samhc,2022.12.1200 (build 10906),26,0
com.communitiesbiz.com,1.1,26,0
zw.co.appdev.lrf,1.12.0,26,0
com.tonythescientist.guyanahome,4.6,26,0
co.tarly.ttuvv,1.4.64.9,26,0
com.produpress.immoweb,Varies with device,26,0
com.mrmilkman.akshayakalpa,3.5,26,0
com.dixonmobility.android.sanfran,Varies with device,26,0
io.ionic.prog5e62831cee8a0e750053b119,0.1.4,26,0
co.jarvis.spgr,1.4.67.1,26,0
com.ansangha.drminesweeper,1.04,26,0
com.nutratech.app.android,9.10.1,26,0
com.ifs.banking.fiid1572,2022.09.02,26,0
com.tinder,14.1.0,26,1
com.gbwebtech.amnaturals,0.0.5,26,0
com.xisoft.ebloc.ro,7.68,26,0
com.echurchapps.greaterabyss,15.12.13,26,0
br.com.tapps.mypieshop,1.0,26,0
io.n2go.app,1.2.0,26,1
com.app.p8714FB,1.2.0.0,26,0
trance.fmradio.tuner,2,26,0
co.haward.wxjas,1.4.64.9,26,0
com.xome.auction,2.0.0(130),26,0
com.glanceclock.android,1.5.1,26,0
com.ingrails.orbit_unique_english_secondary_school,3.8.7,26,0
com.subsplashconsulting.s_CJNP96,6.0.1,26,0
com.adamsappls.carc,Varies with device,26,0
co.sheldon.aqffo,1.4.64.9,26,0
com.wInvestor_15384932,1.0.28,26,0
jp.co.reedexpo.app01,6.0.0,26,0
co.sansa.vidyc,1.4.67.1,26,0
com.app_jm540.layout,1.0.2,26,0
com.ingrails.pritima_english_sec_school,3.8.3,26,0
au.gov.qld.brisbane.trafficalerts,3.6.7,26,0
com.etips.munich.travel.guide,1.0.15,26,0
com.saddlellc.diceworld,13.01,26,0
com.netqin.mm,5.7.14.00,26,0
co.jorah.dsrgl,1.4.64.9,26,0
co.shield.sihza,1.4.67.2,26,0
co.lynde.mhrmc,1.4.67.2,26,0
co.alexis.ddyeh,1.4.67.2,26,0
com.coolgedu.opc,1.7,26,0
co.khal.brlxq,1.4.64.9,26,0
org.aka.messenger,1.3.7,26,0
org.solidaridadnetwork.farmingsolution,2.0.20,26,0
com.previewapp11.layout,50.43,26,0
com.genfare.mobile2.belleville,2.4.4,26,0
com.app_maplewoodne.layout,1.0.3,26,0
com.app.FuEatsLivreur,1.0,26,0
com.subsplashconsulting.s_QBBMWQ,5.17.1,26,0
de.appack.project.sv_nikar_heidelberg,1.0,26,0
co.jack.mhosm,1.4.64.9,26,0
com.meetmaps.openarbitraje,1.2,26,0
com.koreacb.allcredit,4.0.8,26,0
com.subsplashconsulting.s_N35SC7,6.0.1,26,0
com.subsplashconsulting.s_RVMD2C,5.21.2,26,0
com.subsplashconsulting.s_BVPCPR,5.20.4,26,0
co.penny.baqck,1.4.64.9,26,0
com.ansangha.dr1010,1.19,26,0
com.socialnetworksdm.sdmdating,2.9(11142139),26,0
com.mspe.BEAUTIF.BeautifulEncounterBeautiful,2.22.10,26,0
com.techwave.bahaquote,8.7.2,26,0
com.fingerprintjs.android.wallpaperid,1.0,26,0
com.tvn.labs.kylaws,1.8,26,0
com.subsplashconsulting.s_F9GC3D,6.0.1,26,0
co.bolton.deta,1.4.67.2,26,0
br.com.jdestaque,8,26,0
com.livingearth.free,1.1.50,26,0
ms2.CCEthical,1.7,26,0
com.bestweatherfor.bibleoffline_es_rv,9.0.3,26,0
com.aub.mobilebanking,2.49.1,26,0
com.gmail.faditaxi.dallas.airport.taxi.cab.transfer.booking.dallas.fort.worth,2,26,0
com.route4me.routeoptimizer,4.6.28,26,0
co.haward.phdlm,1.4.64.9,26,0
io.pushpay.centerpointechurchfairfax,15.15.0,26,0
io.echurch.semillaocapp,11.2.0,26,0
com.echurchapps.hillcrestcc,15.5.7,26,0
com.nineyi.shop.s000050,2.77.0,26,0
com.lippoinsurance.eBenefit,6.3.1,26,0
com.subsplashconsulting.s_KDGBXW,6.0.1,26,0
co.alexis.dgkep,1.4.64.9,26,0
co.barney.qlqwz,1.4.64.9,26,0
co.amy.mbhgv,1.4.64.9,26,0
com.serveture.vertical,2.13.0,26,0
com.trieudadlovestun.servicenowsystemadmin,1.0.2,26,0
com.cbs.mobilebanking,2.1,26,0
br.com.app.gpu2577894.gpu456703965aac698fedad1587d31cf7bf,37.0,26,0
com.wodify.client.prd,145.1,26,1
com.multibrains.taxi.passenger.tirhal,0.41.05-CROWNFLASH,26,0
co.jarvis.asw,1.4.67.1,26,0
com.choicehotels.android,Varies with device,26,0
com.gmail.fcaclement.canetworkelearning,11,26,0
com.overvyoo.client,1.31.0,26,0
com.webappclouds.jennaiferspa,3.8,26,0
com.trimble.fsm.fieldmaster,1.16.3,26,0
com.oohlalamobiledsu,2022.12.1200 (build 10906),26,0
com.etips.istanbul.travel.guide,1.0.14,26,0
co.april2019.collins,1.4.67.1,26,0
com.getweddie.app,1.6.2,26,1
com.createappv2.tc_supply,1.1.0,26,0
guru.gnom_dev,1.2.025,26,0
app.appaondeir.fornecedor,1.3,26,0
co.marshal.ybtpd,1.4.64.9,26,0
com.tygus.nhcclaimsnap,2.6.6,26,0
com.echurchapps.discoveryminn,15.12.15,26,0
com.irviajar,1.2,26,0
com.novosalus.aboutmyclinic.dr_mahesh_jadhav,1.7.5,26,0
ar.gob.salud,1.5.1,26,0
co.nick.vsgtc,1.4.67.2,26,0
com.arboxapp.absolutefitness,4.3.0,26,0
co.alexis.sijpa,1.4.64.9,26,0
com.simyasolutions.ling.my,3.6.9,26,0
com.gardenconnect.events,1.1.0,26,0
com.spotterlook.driverstartwi,Varies with device,26,0
com.modarm_ec.appmovil,1.0.0,26,0
com.fabernovel.ratp,Varies with device,26,0
com.easyrentcars.android,4.2.0,26,0
com.chaozhuo.gameassistant,Varies with device,26,1
co.groot.swkai,1.4.64.9,26,0
com.falcon.deviceid,2.1.6,26,1
com.sleep.fan,5.0.2,26,0
fr.mobitour.apps.id93,8.2-202206032,26,0
com.tmobile.eventapp,5.59,26,0
com.midva.HiddenObjectEnchantedCastle,2.1.1,26,0
co.amy.pavja,1.4.64.9,26,0
com.RuNix_Games.Cops_And_Robbers_2,1.9.8f,26,0
co.lenord.rrogb,1.4.64.9,26,0
de.fabrik19.ecbn,3.0.0,26,0
com.subsplashconsulting.s_DNTNFX,6.0.6,26,0
co.shield.wacvl,1.4.67.2,26,0
co.haward.ncidi,1.4.64.9,26,0
co.marshal.yqrme,1.4.64.9,26,0
mobile.appqVDtGSe6AQ,5.79.0,26,0
com.appypie.appypiecfc01ce924f6,2.0,26,0
com.samsung.android.spay,Varies with device,26,0
com.finnauto.finnautoapp,1.17.8,26,0
com.customchurchapps.appxxcktl2a,5.21.3,26,0
co.jack.dgumw,1.4.64.9,26,0
com.bone,1.0.12,26,0
de.appack.project.tc_heusenstamm,1.0,26,0
com.multibrains.taxi.passenger.femmeauvolantfr,0.41.05-CROWNFLASH,26,0
com.graduway.mindsmatterconnect,202100.317.23,26,0
com.dom925.trafmon.maryland,3.5.100,26,1
com.traderwagon.android,1.4.1,26,0
production.urban.customer,4.8.2,26,0
com.solveedu.dawnofcivilization,6.5.0,26,0
io.pushpay.nvkgmfredericksburg,15.7.0,26,0
com.swiss.host,4,26,0
co.bolton.jzylb,1.4.64.9,26,0
com.subsplashconsulting.s_CWM3T2,6.0.1,26,0
com.eurosofttech.capitol_taxis,5.0,26,0
com.blackboard.community.bishopcisd,5.6.20001,26,0
hk.com.nineyi.shop.s000030,2.77.0,26,0
co.nick.lwnxy,1.4.67.1,26,0
com.cinexreasons.app,1.0,26,0
com.hkinnovatech.shopperMallStore,1.0.0,26,0
net.biyee.onvifer,17.57,26,0
com.nineyi.shop.s001172,2.77.0,26,0
com.igg.android.deckheroesfr,13.3.2,26,0
org.agroclimate.saspro,1.0.4,26,0
co.khal.pygux,1.4.64.9,26,0
com.subsplashconsulting.s_M963PX,6.0.1,26,0
com.subsplashconsulting.s_2F5HSG,6.0.1,26,0
co.jorah.quark,1.4.67.2,26,0
com.subsplashconsulting.s_B2NSD2,6.0.0,26,0
com.tarotrouting.driverrunsheet,22.16.1,26,0
de.appack.project.bwdresden,1.0,26,0
sa.quickfix.vendor,1.2.8,26,0
com.ombiel.campusm.chester,9.28.1,26,0
org.ovh.SpaceSTG3,Varies with device,26,0
com.fitbit.FitbitMobile,Varies with device,26,1
com.topquizgames.triviaquiz,2.4.0,26,0
com.uob.gd.infinity,1.2.3,26,0
com.glympse.android.glympse,3.36.7,26,0
com.aub.hellomoney,1.33.2,26,0
com.swisscom.mobileid,1.3.4,26,0
com.hyperbeard.tsuki,1.22.10,26,0
mediacominteractive.com.jelocaliseviewer,144,26,0
com.subsplashconsulting.s_HKB6B6,6.0.0,26,0
com.nimble.tempcube,7.0.7,26,0
com.nineyi.shop.s040332,2.77.0,26,0
co.thor.ccpak,1.4.67.1,26,0
org.buddyapps.jobsapp_flutter,0.1.3,26,0
co.martin.zekim,1.4.64.9,26,0
ua.cx.yurchenko.slfriends,1.09,26,0
com.subsplashconsulting.s_PKVJCW,6.0.1,26,0
com.Project100Pi.themusicplayer,Varies with device,26,0
com.icognito.antistress,1.1.0,26,0
ae.zand.corpapp,1.0.2,26,0
co.jorah.ymwlt,1.4.64.9,26,0
com.appsmakerstore.appPHCoachingConsultation,1.0,26,0
co.carroll.zivaa,1.4.64.2,26,0
com.allconferencealert,2.0,26,0
com.google.android.apps.safetyhub,Varies with device,26,0
com.echk.run,1.54,26,0
com.ImperApp.master,1.0.26,26,0
com.trioindia.in,1.0.0,26,0
com.chargingstation.android,1.1.0,26,0
io.pushpay.trinitygnv,1500000.1.5,26,0
co.alicia.vsnjp,1.4.64.9,26,0
com.ls.impact,1.1.5,26,0
com.jacapps.wcqs,4.5.50,26,0
org.peacegeeks.ArrivalAdvisor,1.123.3,26,0
com.graduway.ppmalumni,202100.318.04,26,0
com.oohlala.greensboro,2022.12.1200 (build 10906),26,0
com.chefman.chefiq.prod,2.20.0,26,0
com.app.disposeit,4.1.36,26,0
com.iprotectu.observation,1.1.5,26,0
work.commonground.app,Varies with device,26,0
co.april2019.concp,1.4.67.1,26,0
co.bolton.evntr,1.4.64.9,26,0
com.autocab.taxibooker.stationtaxis.sunderland,34.0.18.9568,26,0
com.bytexus.factorfox,1.5.1,26,0
com.gmail.anantjitchander.worldofthedifferentlyabledfinalcopycopy,1,26,0
com.myfknoll.win8.launcher,3.0.0.788,26,0
emotion.onekm,6.4.2,26,0
com.u360mobile.wichitacollegiate,2.7,26,0
com.netpulse.mobile.matrixworkout,1.34,26,0
com.myreward.app,1.1.75,26,0
com.growthengineering.imarket,5.1.12,26,0
com.publicstuff.devon_ab,4.1.1,26,0
com.fnoex.fan.dcbreeze,172.9.7,26,0
com.synthify.famesimulator,2.8.0,26,0
com.digitalplace.chikaya_participation,,26,0
com.cvs.launchers.cvs,8.12.3,26,0
com.ravema.arnoldschwarzeneggersoundboard,1.1,26,0
com.fincon.hh2,4.11.0,26,0
tech.central.ctocoin,4.0.45,26,0
com.app.p4780AF,1.13.0.0,26,0
com.plaor.hwp,1.1.0,26,0
co.bran.kjmll,1.4.64.9,26,0
com.joescos.joescos,3.1.3,26,0
co.fixr_wl.leedsunion.android,1.0,26,0
place.safework,1.5.1,26,0
com.trulia.android,13.8.0,26,0
com.recntrek,2.20.03,26,0
co.davos.nvgdc,1.4.64.9,26,0
com.impa.impaapp,1.0,26,0
com.wansport.app.TCCittaDeiMille,4.0,26,0
co.penny.abtbb,1.4.64.9,26,0
com.subsplashconsulting.s_XMHBWT,6.0.1,26,0
com.navitime.local.nttransfer,Varies with device,26,0
co.shield.zxgeu,1.4.67.2,26,0
com.vialsoft.radarbot_free,8.8.4,26,0
kr.tigercompany.tigris.cloud,5.0.6,26,0
com.wansport.app.TCInzago,4.0,26,0
co.groot.sdcik,1.4.64.9,26,0
de.realitymaps.alpen,0.1.9.230117,26,0
co.loki.ignit,1.4.67.1,26,0
com.muratmete.safetyhandbook5s,2.3,26,0
com.subsplashconsulting.s_G6FZZS,6.0.1,26,0
com.keuwllabs.xblocker,4.5,26,0
tailors.fitted.ng,4.0.0,26,0
viavan.shuttle,4.6.5,26,0
com.kiamichi.smartapps,1.449.0038,26,0
co.carroll.vglpj,1.4.64.3,26,0
de.carknue.gmon2,4.2.3,26,1
co.ezystream.ymcanz,5.0.2,26,0
com.neemo.domesfiha,9.19.14,26,0
com.foodpicasso.dompapochki,8.2.4,26,0
com.driver.ride.smart.smartrideandroiddriver,1.3.3,26,0
co.groot.aex,1.4.67.1,26,0
org.usefulmedia.neutral,1.3.1,26,0
io.pushpay.churchoftheking,150.3.6,26,0
com.ingrails.HiCESS,3.8.13,26,0
br.com.siens.mobile.consorcio.newholland,2.2.3,26,0
com.netpulse.mobile.impactfitness,1.19,26,0
best.recover.deleted.messages,5.3,26,0
com.appmakr.beastarnotastat3,17,26,0
com.TTT.logomaker.logocreator.generator.designer,1.0.81,26,0
com.vagaroba.fce,2.6,26,0
com.app.appa069b89bac4f,2.0,26,0
com.mgmresorts.mgmresorts,8.3.0,26,0
co.tarly.iwxga,1.4.64.9,26,0
com.hexnode.mdm.work,11.0.0,26,1
com.subsplashconsulting.s_RBJ8NF,6.0.1,26,0
com.mouthshut,23.4.0,26,1
com.subsplashconsulting.s_Z6XGHK,6.0.1,26,0
co.nick.datyg,1.4.67.2,26,0
com.mytoursapp.android.appBaileyHouse,3.7.11,26,0
br.com.motojavilhena.passenger.taximachine,13.2.1,26,0
co.april2019.rioc,1.4.67.1,26,0
com.harvest.android,1.2.9,26,0
com.reludo.gladiators,1.0.0,26,0
air.com.thetourtracker.cntt,11.0,26,0
com.app.p5506DF,1.11.0.0,26,0
com.innosoftfusiongo.tyler,5.14.2,26,0
ru.travelata.app,4.1.17,26,0
com.app_ncsfa.layout,1.0.4,26,0
com.wesec.investpro,1.0.5,26,0
com.smartertime.phonetime,1.015,26,0
com.repaircare.techniciansapp,1.1,26,0
com.mytoursapp.android.app1646,2.6.38,26,0
com.darwinbox.darwinbox.sembcorp,1.0.0,26,0
co.lenord.drgtf,1.4.64.10,26,0
com.gyoen.NA2200656,3.41.1,26,0
co.bran.hrfai,1.4.67.1,26,0
com.subsplashconsulting.s_7G4GM4,6.0.1,26,0
com.airealmobile.relevant_789,44.12.0,26,0
com.moversly.app,1.2.5,26,0
com.visitapps.marcoreview,10.0.0,26,0
co.khal.ufybv,1.4.64.9,26,0
com.lumiplan.montagne.LesDeuxAlpes,17.007,26,0
com.buildfortheweb.tasks,1.8.7,26,1
com.bigoven.android,6.1.19,26,0
com.antiquestories.antiquestories,1.1.0,26,0
com.subsplashconsulting.s_C5J9JQ,6.0.1,26,0
io.pushpay.smcorthodoxchurch,15.2.3,26,0
co.marshal.ynito,1.4.64.9,26,0
com.enapsys.angelesdigitalpatients,1.0.22,26,0
com.customchurchapps.appi4y2dskw,5.16.0,26,0
com.Coiler.SSAOutdoor,2.0.3.1,26,1
com.queerapps.pinkhoroscope,1.1.3,26,0
com.online.homify,2.24.0,26,0
co.rogers.wcdvz,1.4.64.1,26,0
co.martin.lxdli,1.4.64.9,26,0
co.white.lhere,1.4.64.9,26,0
co.jones.fivfr,1.4.64.9,26,0
com.duwo.inter.reading,1.3.21011,26,0
com.vagaroba.hrf,1.8,26,0
com.dragonplus.huntermaster,1.0.0,26,0
com.privo,1.8.8,26,0
cacacat.wobble.man.upstairs,21.08.02,26,0
com.q2cinema.crystalpro,1.7.11,26,0
com.autocab.taxibooker.yellowcabco.bristol,34.0.10.8885,26,0
co.stan.replica,1.4.64.9,26,0
co.amy.xzvep,1.4.64.9,26,0
