com.duplicate.photo.remover.duplicatephotofinder,1.0.19,13,0
com.tourblink.firenze,12,13,0
com.onetap.beadscreator,1.12.0,13,0
com.cucumbersoftware.android.tvplayer,1.1,13,0
com.nlabsoft.bw,1.5.2,13,0
com.twitter.android,Varies with device,13,1
inno.gallerylocker,6.1.2,13,0
com.kidolstoredevcproaz.slidepuzzlekimsohuynhame,1.1108.2022,13,0
com.maliko.apps.raceaudia8,1,13,0
com.misfit.mtp,1.0.16,13,0
com.spacegame.fish,1.0.470,13,0
com.luckyday.dice,2.2.2,13,0
com.nexur.patriciarocha,3.8.5,13,0
com.cbibank.cbiIntbank,4.0.0,13,0
ml.quickemail.shurf,4.2,13,0
com.migym.com.Bases_Loaded_LV,110.5.15,13,0
ru.otkritkiok.pozdravleniya,1.19.1,13,0
se.shadowtree.software.trafficbuilder,1.20.0,13,0
com.globalplay.AlphabetLoreHideAndSeekAlphabetLord,1,13,0
com.itaucard.activity,6.8.8,13,0
com.ubisoft.owlient.howrse,4.1.11,13,0
co.white.twoqe,1.4.64.2,13,0
com.letparking.android,1.0.3,13,0
com.foranj.color,1.45,13,0
com.fffungame.taptaprun,1.10.1,13,0
com.comodo.cisme.antivirus,5.2.0042,13,0
com.luckytree,1.6.5,13,0
nl.maastrichtuniversity.appraisal,1.2.0,13,0
com.no.color,24.5.0,13,0
com.spectrem.android.screen.recorder.free,1.0.63,13,0
com.tribalgroup.mybradford.wam,2022.11,13,0
io.gonative.android.zpxkli.debug,4.0.9,13,0
com.trainerize.nutsonfitness,7.62.0,13,0
com.gamesforkids.memory.animals,1.57,13,0
com.deepakdhakal.mynepal1,8.0.0,13,1
com.etoolkit.fitpix.mediavault,1.2.9,13,0
com.moveleu.jungle.marble,1.301.172,13,0
uk.co.cuapps.nhscu,4.1.17,13,0
com.edugorilla.hsscjece,01.01.234,13,0
com.calm.sleepsounds,2.1.2,13,0
com.shvagerfm.pushups_workout,1.2.6,13,0
com.nupuit.nclexpn,Varies with device,13,0
megaminds.dailyeditorialword,3.7.35,13,0
co.lynde.qeawz,1.4.67.1,13,0
com.ldw.vf3,2.0.51,13,0
com.velocitycu.cardsvc.appstore,26.0.1,13,0
com.stellaris.cadence.DaiichiSankyo,2.7.115,13,0
com.callingme.chat,1.0.6130,13,1
com.BTSJHope.fakecall.bighad,1,13,0
pizzasprint.app,1.1,13,0
com.languagedrops.drops.international,36.5,13,0
com.renderedideas.cookingchef,172,13,0
com.joyseed.bod,3.1.2,13,0
com.plusde50karima.dating,1.0.24,13,1
io.text.to.pdf,0.0.10,13,0
com.wwf.id.seafoodadvisor,4.0.3,13,0
com.mixlabapps.wisewordsandlessonsinlifequotes,1.0.3,13,0
cn.geekapp.stresstest,1.0.6,13,0
de.heise.android.ct.magazin,3.5.1,13,1
co.white.mbqse,1.4.64.4,13,0
com.alldocument.fileviewer.documentreader,3.5,13,0
com.edu.sscgdquestionbank2021,1,13,0
com.BeardyBird.Ailment,4.0.6,13,0
com.edugorilla.jkssbclerk,01.01.232,13,0
ch.beekeeper.pike,8.14.0b237,13,0
photo.collage.maker.selfie.beautycamera,1.0.27,13,0
com.scripps.spellingbee.wordclub,2.0.1,13,0
com.development.forwardsms,2.0.4,13,0
com.disableheadphone.headset.speaker,2.9,13,0
com.dictionary.fa,9.2.4,13,0
pixel.block.number.free.classic.puzzle.game.offline.color.art.picture,3.7.1,13,0
com.ty8.game20,1.7,13,0
com.routedurhum.app,2.5.1,13,0
com.russian.atv.offroad.quad.bike.simulator,1.4,13,0
com.starlight.superhero.fight,1.0.9,13,0
com.top.vpn.free.proxy.unblock,1.1.8,13,0
com.deventz.calendar.hk.g01,3.111.125,13,0
com.bh.superflashcard.englishnorwegian.android,3.7.1,13,0
com.noxgames.merge.cute.animals,2.23.4,13,0
com.chipsea.btcontrol.en,2.3.22,13,0
tictactoegame.kustom.app,1.0.0,13,0
online.bangladeshigirlchatmeet,9.12,13,1
com.relaxsound.melodies.whitenoise,3,13,0
com.mart.weather,1.2.919,13,0
com.cleanup.reclaim.storagespace,1,13,0
com.sonova.phonak.dsapp,6.2.3,13,0
guide.spain.barcelona.prod,2.117.1,13,0
co.stan.jwghw,1.4.64.9,13,0
com.mobeasyapp.app111160490507,3,13,0
com.bravolang.portuguese,13.1.0,13,0
com.hitv.hitviptvbox,2.2.1,13,0
com.ivmob.interior,3.6.0,13,0
fast.private.secure.browser,2.0.2,13,0
vn.sotaydangvien.soctrang,1.0.2,13,0
com.bmscard.ra,4.3.18,13,0
com.get.subscibers.likes.real,1.2,13,0
ru.iamtagir.thatlevelagain3,1.21,13,0
com.peoplefun.wordchums,2.11.3,13,0
com.justidle.fish.io,,13,0
com.brilliant.bible,3.1.21,13,0
by.HV2112.IdleSoup,1.0.1,13,0
com.bingo.livetalk,2.0.84,13,1
ru.brothersappsandgames.idlehellparty,1.7,13,0
com.jpopmusic.jpopradio,1.0.12,13,0
com.edugorilla.troubleshooting,01.01.234,13,0
com.testbook.tbapp.uppclassistantengineer,6.13.17-uppclassistantengineer,13,0
com.ksrgland.goat,Varies with device,13,0
read.news.usnewspapers,1,13,1
app.com.superwifi,1.14,13,0
link.merge.puzzle.onnect.number,1.16.4,13,0
com.vshower.prd_sr,2.8.0.1,13,0
com.lock.appslocker,1.142,13,0
com.rideco.vialink,3.7.0,13,0
com.unify.osmo,10.0.53,13,1
com.hundred_doors_game.escape_from_prison,2.8.4,13,0
com.fog.chicken.shoot.sniper,1.1.7,13,0
com.nvt.cs,15.72.0,13,0
io.voodoo.dune,5.5.13,13,0
com.owqlo.app,2.5.6,13,0
com.neongame.puzzlewings,3.1.4,13,0
com.jcs,11,13,0
com.starplay.spider.fighter3d,2.18.1,13,0
com.aidareminder.pillreminder,1.9,13,0
com.xiachufang,8.6.3,13,0
mybpcontrol.starter,1.1.1,13,0
braveheart.apps.app2sd,2.3.4.adb136,13,0
com.HangoverFriendStd.Doors,1.2,13,0
np.com.worldlink.worldlinkapp,2.5.3,13,0
com.roosterteeth.roosterteeth,Varies with device,13,0
com.bettergames.flying.bus.sim19,4,13,0
com.symantec.securewifi,3.7.0.16317,13,0
com.piusworks.virtualending,4.2.3,13,0
com.missingperson.helpline,3.3.11,13,0
net.minhawebradio.radiolagoa1049fmmo,2.13.00,13,0
com.GettingStartedInCrypto.android,1,13,0
com.kidsaz.number.writing.alphabet,1.1.0,13,0
com.argeworld.RCAirplane,2.7,13,0
com.sdpgames.sculptpeople,2.0.0.1,13,0
com.utdownload,1.1,13,0
com.jetradar,Varies with device,13,0
com.documentary.livetv,alpha-0.8,13,0
air.com.tutotoons.app.sweetbabygirl,4.0.10278,13,0
com.mygamesisland.is.snake,5.9.0.12292,13,0
com.ecu.tv,1.1,13,1
com.dubai1001.Repeat,2.07.19,13,0
com.wostgtech.burrowland,3.0.1,13,0
air.com.mapyourshow.CG17MobileApp,5.1.97,13,0
shahi.LG.LGV40Plus2022.LGV40_wallpaper.LGV40_launcher.LGV40_themes.LGV40_icon,1.1,13,0
com.alvin.chua,7.1.6,13,0
co.amy.fhhju,1.4.64.9,13,0
com.twelvegigs.heaven.bingo,1.364,13,0
com.us.bt200,1.2.3,13,0
puzzle.game.find.three.differences,1.0.13,13,0
my.com.tgv.app,3.2.70,13,0
com.robotmafia.girlsnight,1.1,13,0
com.warden.cam,2.8.13,13,0
com.hedgehogacademy.notliketheotherslite,2.3.0,13,0
com.absolutist.witchstales,2.0.80,13,0
com.bestfreegames.carvsbikeracing,6.4,13,0
com.stevenclift.tvnewsapp,3.1.4,13,1
com.index.arm102019,1.0.7,13,0
com.apptegy.nashoba,3.5.0,13,0
com.freebee.android,1,13,0
sharedesk.net.optixapp.smallofficer,7.3.0 (18),13,0
co.nick.hczwe,1.4.67.2,13,0
tf.charles.droid.alarme,19,13,0
com.phonegap.IREPMobile,3.0.301141-RELEASE,13,0
com.wToothIdentification_15601867,1.0.26,13,0
io.snabble.app,2.8.13,13,0
com.phonefinder.findmyphone.whistlephonefinder,1.0.18,13,0
com.adventuregame.originalbros,1.0.2,13,0
violin.wallpaper.images,15,13,0
com.bravolang.dictionary.english,9.1.0,13,0
net.wildgames.catfredhorrorgame,1.0.6,13,0
com.pastillilabs.situations2,3.2.283,13,0
com.space.fast.cleaner.boost.security,3.1.4,13,0
com.alt.goodmorning,Varies with device,13,0
com.proficientsystems.counselingtherapy,1.5,13,0
com.lacoon.security.fox,4.0.4.7301,13,0
com.viv.itimepunchplus,8.34,13,0
com.devgrp.worklog.tracker,1.1,13,0
com.appscho.appschov2.unistetienne,3.4.264-30ed8e3396,13,0
com.timp.activatesportsclub,6.1.2,13,0
nocrop.photoeditor.squarepic,2.2.1.1,13,0
com.northerncoldgames.popsiclestack,2.1.2,13,0
tr.org.yga.twin.android,2.7.0,13,0
com.roubit,5.2.1,13,0
com.AlbyeahStudio.JuanTheGame,5,13,0
com.trustedshare.sharefiles.filetransfer.sharingapp,,13,0
com.gbstatussavers.whatsapp,32,13,0
io.pushpay.woodsidechurchyardley,1500000.5.0,13,0
com.prudential.prumobile,3.19,13,0
com.tickaroo.enterprise.android7752093899737824318.svrwduenstekoven,4.5.1,13,0
com.unimob.stickman.master.shadow.premium,1.9.2,13,0
com.vitotechnology.Eclipse,3.0.0,13,0
com.ma.ld.dict.journalism,1.1.2,13,1
com.murderminute.murder,1.2.0,13,0
com.prowallpapers.ChevroletWallpapers.images.picture,1.0.0,13,0
com.myconnectzone.planyou,1.0.0,13,0
com.spiceworks.helpdesk,1.0.2,13,0
com.igames.pmiyc,1.5.2,13,0
com.skithub.resultdear,1.95,13,0
com.trainerize.allandavisononlinecoaching,7.62.0,13,0
eu.dreamup.ultimatemotorrfree,3.4,13,0
com.merge.items,1.0.0,13,0
com.blackberry.enterprise.bscp,1.23.0.913,13,1
dev.cat.coffee.authenticator,1.1.1,13,0
com.a.one.wjgl,1.1.3,13,0
com.maveragames.LightControl,2.1,13,0
com.escaping.prison.stick.story,,13,0
com.hskonline,3.8.5,13,0
com.richcity.slots.game,2022.34.2,13,0
com.kkday.member,2.35.0,13,0
com.xg.police.jeep.parking.simulator,1.0.1,13,0
co.lenord.etoat,1.4.64.9,13,0
com.mathpresso.qanda,5.2.31,13,0
com.theplatform,1.4.67.4,13,0
com.teapotgames.jumbojetflightsimulator,Varies with device,13,0
tumercadoexpress.jcsatizabal2,1,13,0
com.testbook.tbapp.jkssbsicommercialtaxes,6.13.17-jkssbsicommercialtaxes,13,0
com.imedicalapps.pocketinfusioncalculator,3.2,13,0
com.curtgroup,1.9.3,13,0
jcbsistemas.app.bicho,5.2.0,13,0
com.snapships.mca,1.0.53,13,0
id.akusantri.uruguayfootballteamwallpaperhd,1.0.8,13,0
com.ni.uniquenails,1,13,0
com.sfo84,Varies with device,13,1
app.conf,1.2.42,13,0
com.idmobile.swissmeteo,3.9.0.16,13,0
com.turkcellplatinum.main,10.0.4,13,0
ge.hotellist.ge,1,13,0
com.IndieFist.SmilingXResistanceSurvivalHorror,1.9.5,13,0
com.spr.currentaffairs,1.6,13,0
net.gastfreund.DasRieserHotel,6.12,13,0
com.aaaaaa.hpdeskjet2700printerguide,1,13,0
com.clowngames.goonsio,1.13.1,13,0
com.edu.optandonorganicchemistry,1,13,0
com.razerkiyowebcamguide.app84627277395,1,13,0
join.lumberjack.build.idle,1.10.0,13,0
com.driveschool.caver,1.4.2,13,0
com.essays.tenth,1.3.0,13,0
ai.stampede.loyalty,5.0.20,13,0
com.agminstruments.drumpadmachine,2.19.0,13,0
sg.com.fareast.appstore.onefareast,1.94,13,0
com.ehbildu.app,6,13,0
officalthemers.samsung.galaxytabs7.s7fe.f52.f62.s21.galaxytabs7walls.launcher.theme,1.0.5,13,0
com.miniit.iracing,0.3.605,13,0
wobserv.lastseentracker.onlineforwhatsapp,1,13,0
com.tixserve.faw,11.15.0,13,0
backgroundremover.image.background.remover.photo.background.remover,1.1,13,0
com.dominigames.fg2.free2play,1.0.53,13,0
com.app.kiitisknowledge,1,13,0
com.fe8612a5eebd,1.0.19,13,0
com.snuff.ballpool8,1.4,13,0
com.gaielsoft.maher,1.27.85,13,0
com.myconnectzone.cakenhoney,1.0.6,13,0
com.central.cp,4.0.5,13,0
com.diabtrend,2.43.1,13,0
id.co.lexus.reach,2.2.1,13,0
zombie.survival.dead.shooting,1.55.0,13,0
co.amy.wgtvh,1.4.64.9,13,0
com.gkdev.forgecraft,1.2,13,0
com.datethem.date,7.2,13,1
com.SniffGames.OculAR,1.11,13,0
com.bonbongame.ar.block.craft.city.building.games,,13,0
pl.lot.mobile,2.0.8,13,0
com.applitom.worthtracker,2023.1.0,13,0
com.connect.corpssecurity.android.app,1.0.0,13,0
com.inglesdivino.wavtomp3,Varies with device,13,0
com.mega_play_games.ocean.raft.shark.craft.survival_games.crafting.building.last_day.survive.fishing.hungry,339,13,0
br.com.inovamedx.posop,1.4.8,13,0
ae.dctabudhabi.abudhabiart,1.1.1,13,0
io.friendly.instagram,2.5.2,13,1
com.rottzgames.tents.trees,1.0.8G,13,0
com.telbyte.lite.pdf,6.3,13,0
com.jrustonapps.newleaf,6.4.7,13,0
danny.internet2,9.8,13,0
com.gogoalsoft.pacificcoffee,4.0.2,13,0
com.awabe.languagesbeginner,1.1.6,13,0
io.sopo,4.0.8,13,1
com.kyivstar.mykyivstar,3.84.1,13,0
com.trainerize.bethtaylorpersonaltraining,7.62.0,13,0
it.telecomitalia.collaboration,2.1.2,13,0
co.sansa.rtvfk,1.4.64.9,13,0
com.wordfinder.unscrabble.connect.addict,3.9,13,0
com.scan.name_signature,7.7,13,0
com.marcsoftware.incrediblemath,1.9.1.1,13,0
com.type.ga.kwa.english.keyboard.gakeyboard.infra.free,8.3.8,13,0
com.morphmarket.marketapp,1.1.2,13,0
com.fortune.teller.en,6.2,13,0
digital.either.app,1.0.1,13,0
tepteev.ihar.expositors_bible_commentary.AOUTEDLRANAAMDSEA,1.2.0,13,0
com.alkb.edsheeransongsalloffline.app,3,13,0
com.ginchugames.pinkytoedoctor,1,13,0
com.fs.fs14.tractortrolleygames19.bigfarming.mobileharvest.gamescapestractorsim.farmsim,,13,0
com.smcim.bvmimConChurchMariyapuram,1,13,0
com.giamping.nlvpn,1.0.51,13,0
com.zins.client,2.0.9,13,0
com.mcoopcash.retail,5.2.5,13,0
teamdoppelganger.smarterbus,3.2.6,13,0
fun.podcastworld.esp,1.0.17,13,0
com.aaasurid.tutorialformsword,1.0.3,13,0
proxy.browser.unblock.sites.proxybrowser.unblocksites,1.9.2,13,0
com.cascade.pryamid.puzzle,6.0.0.2,13,0
com.ilyas.ilyasapps.psibarconverter,1,13,0
com.apprebel.audiolifts,2.1.69,13,0
fr.airweb.nicematin,3.11.8,13,1
com.hplaserjetwirelessprnter.adnanweb,8,13,0
br.com.rftelecomba.appcliente,1.2.7,13,0
co.lily.oyaxb,1.4.64.9,13,0
com.eyougame.eloraraid.en,1.0.14,13,0
io.u20x.delightsupportedliving,1.6.26,13,0
de.sopamo.keeunit.keelearning.signiapro,2.3.2,13,0
com.bcfragrance.toolkit,1.2.3,13,0
com.book.and.audiobooks.free,2.25,13,0
net.giosis.shopping.sg,7.0.1,13,0
games.hotger.HyperArmy,94,13,0
com.nikeagames.ThreeKingdoms,1.0.38,13,0
com.ninetynineapps.femalestretchingexercises,1.7,13,0
com.video.downloader.vidtube,1.0.3,13,0
com.solarapps.galleryphotos,2.9.3,13,0
com.abdallhqnaterr.app,5,13,0
com.lolitas24.radiololita,9.8,13,0
com.huskaimm.com.templespiritendelssrun,3.1.5,13,0
com.fsck.k9,6.4,13,0
com.offs.unemploymentinfoguide,1.0.1,13,0
com.gametion.snakesladders,2.2.0.27,13,0
com.devgame.yoohoo.friends.fruit.festival.kids.educational.game,1.3.1,13,0
co.iron.tqjcb,1.4.67.2,13,0
com.yudegi.wizard,1.1.1,13,0
com.xinsheng.crush.eggs,6.11,13,0
com.englishjokes.jokes,1.8,13,0
com.shopgate.android.app30893,5.56.0,13,0
com.wolfgangknecht.scribbleracer2,1.3.2,13,0
com.beautifullaunchers.ioslauncher,1.5,13,0
com.atistudios.mondly.ua,8.7.6,13,0
com.brainpax.chataicard,1.0.13,13,0
com.gmail.sakshi.pghub,1,13,0
infinitetools.whatsbubblechat.notifybubblechat.flyingchat,1.0.0,13,0
br.com.dkdriver.taxi.drivermachine,15.1.1,13,0
com.uniwall.silvans,4.1.0,13,0
com.siddbetter.numbercrunchpaid,1.21,13,0
com.sendexam.app.rn,1.0.8,13,0
mahadev.photo.frame.infosoft.DigitalInvitationCardMaker,1,13,0
com.cmobile.radiofmchile,9.1,13,0
com.appelit.emptylegs,1.1.6,13,0
com.kongri.massager,1.0.13,13,0
com.loadrpm.Ike,1.10.19,13,0
co.george.xehbt,1.4.64.3,13,0
com.cgs.super8terrelltx,1,13,0
com.trevisan.jrclic,08.82,13,0
com.annous.photography,1.1.0,13,0
com.association.tas,1.0.4,13,0
net.tuingles.apps.androidb92,1,13,0
com.bristolpost,6.11.2,13,1
com.workheartio.workheart,1.10.0,13,0
com.oki.alphabetnew,3.0.4,13,0
com.bornfordtough.servicemanual,1.2.2,13,0
com.scoompa.slideshow,Varies with device,13,0
com.fletterwallpaper.fromzero,F Letter Wallpaper v2.2,13,0
com.farmofflinegames.farmship.cowfarm.familybarn.nongtrai.village.happy.farming,1.13,13,0
com.homestyleuae,2.5,13,0
com.rkds.phill,1.3.2,13,0
com.propagator.squeezy,Varies with device,13,0
digifit.android.virtuagym.pro.afpplus,10.4.8,13,0
sv.elsalvador.noticias,1.0.4.2,13,1
com.atoss.ses.scspt,15.3.2,13,0
com.iwolean.illbeback,2.0.0.0,13,0
com.themes.abstractcurveart.launcher,1.0.1,13,0
com.kdanmobile.android.writeonvideo,1.5.3,13,0
com.dslr.dslrprofessional.hdcamera,1.9,13,0
com.strictlydance.radio2,2.3,13,0
jp.sugarapps.situationalarm,6.2.2,13,0
com.subsplash.thechurchapp.s_BP4V2R,6.0.1,13,0
com.mobincube.diccionario_biblico.sc_5KYRCI,16.0.0,13,0
slots.hot.vegas.casino.games.free,1.86.5,13,0
com.suncity.liarsdice,2.8,13,0
com.wizardgames.bg3dGO,1.4.0,13,0
dev.metamodern.truthordare,1.4.13,13,0
com.rhythmic_breathing.app,3.0.2,13,0
com.tikamori.face.age.recognition,9.4,13,0
com.NoYouFall.neymarwpp,1,13,0
my.com.time.selfcare.app,6.4.6,13,0
plant.identification.snap,2.4.3,13,0
br.inf.ww.go,1.0.2174,13,0
com.hala.halavpn,1.3.5,13,0
com.vdkdev.anilib,1.5.5,13,0
com.nextspaceflight.android.nextspaceflight,3.2.2,13,1
com.zeptolab.ctr2.f2p.google,1.37.0,13,0
ob.invite.card.invitationengagement,8,13,0
lhc.app.PrefixNumber,1,13,0
com.fitnessmobileapps.properformancerx,5.3.3,13,0
com.YovoGames.carwash4,1.2.5,13,0
com.rational.connectedcooking,4.3.0,13,0
me.gira.sudoku,1.1.5,13,0
com.emedicoz.app,4.2.29,13,1
com.videoeditor.videomaker.lovevideovideomaker,1.0.3,13,0
com.peoplefun.wordcross,2.1.2,13,0
com.tgmedia.wordhunt,1.1.9,13,0
guide.tailor,3.15.4,13,0
com.billyadventure,1.6.15,13,0
com.Mod.Minecraft.MCPE.Hilih.CoreUIConceptPack,19.3,13,0
com.brianjcoleman.classix,1.0.0,13,0
de.rossmann.app.android,4.6.1,13,0
com.BMZGames.RaceXperience,2.1.1,13,0
ge.universal.remote,2,13,0
com.taymay.document.reader,3.0.9,13,0
org.worldrugby.lawsofrugby,8.4,13,0
gorapp.hondacivictyper.wallpaper,2.0.0,13,0
net.hmcc.hongkong.dailysoap,1.15.0,13,0
com.clearmindhypnotherapy.app,2.6.8,13,0
com.thumbnailtemplate.thumbnailcreator.thumbnailmaker,1.1.1,13,0
in.softecks.organizationalbehavior.pro,3.1 pro,13,0
com.boedec.hoel.speaker.cleaner.remove.water,Varies with device,13,0
com.appercode.drinkmilksimulator,3.4,13,0
com.logic.smarthome,22.4.1,13,0
com.iw.profitmart,1.2.0,13,0
air.com.bigwigmedia.penguindiner2,Varies with device,13,0
com.pushpress.boothcampgym,2.47.0,13,0
com.mtelnet.watson.thailand,10.391.2,13,0
com.necta.wifimouselite,1.2.7,13,1
app.audiofilter.soundtrackeditor,01.02,13,0
flipthishouse.house.flipping.home.design.game,1.111,13,0
com.purple.dns.safe,1.2,13,0
com.zapak.littlesinghamrun,5.12.527,13,0
hr.apps.n161838,5.0.1,13,0
com.itsmart.ui_flutter,1.0.7,13,0
com.manageengine.mdm.admin,22.03.01.A,13,0
co.martin.pbigs,1.4.64.9,13,0
com.mobeasyapp.app301303615095,17,13,0
com.kazuyakamioka.feedgame1,Varies with device,13,0
com.sportmaniac_live_app_android.pmc_live,1.19.41,13,0
com.playwithgames.ServiceStationTrucker,2.5,13,0
com.dustyapp.cr_emotes,1.5.8,13,0
com.Gallery_Shree,1.0.33,13,0
com.mersatech.mcintoshmusictablet,2.8,13,0
com.eventsair.eventfrog.riconnect22,3.7.7,13,0
com.nightsteed.chompers,1.0.8,13,0
com.canifa.ima,2.2.7,13,0
com.systematiccare.systematiccareapp,3.0.2,13,0
namii.nami.pathology,1,13,0
mobile.appyZpLSjUOX8,5.78.6,13,0
dk.tacit.android.foldersync.lite,3.4.1,13,0
com.bolt.deliveryclient,1.30.0,13,0
com.dunamu.exchange.global,1.7.2,13,0
com.funapps.success,1.1,13,0
com.cupidmedia.wrapper.russiancupid,4.2.7.2,13,1
com.working.mom.life.simulator,2.3,13,0
com.Glaciwaker.SmithStory,1.0.105,13,0
com.cavaxia.certifications.android,2.12.0,13,0
com.youthcontrolgames.MIXMSTR,2022.1.6,13,0
com.seraphic.openinet.pre,2.2.1.933,13,0
com.thetamobile.smartswitch.backup.restore,3.4,13,0
com.notoer.passengers,0.1,13,0
dh3games.doeshelikeme,9.1.0,13,0
htft.pro,9.8,13,0
pl.horoscope,1.204,13,0
co.bolton.htqyj,1.4.64.9,13,0
com.breboucas.indonesioparaviajar,5.3.10,13,0
com.palestine.fhdwallpaper,1,13,0
gsshop.mobile.v2,8.7.8,13,0
pr.ftatv,3.2,13,0
com.gang.racers,1.28,13,0
com.nyc.world.unique.city.highways.transport.games,0.1,13,0
ng.wallet.app,2.48,13,0
com.Glance.Community,1,13,0
net.kairosoft.android.soccer2_en,2.2.1,13,0
com.zobaze.pos,2.5.23,13,0
app.arzino.com,2.0.0,13,0
com.wordpuzzle.wordsearchgame,1.1,13,0
com.elsner.artboxy,1.0.9,13,1
br.com.raise.app10817,4.1.0,13,0
io.echurch.iccvavirginiabeach,11.1.0,13,0
com.radiocolors.emiratsarabesunis,2.15.1,13,0
com.imleagues.android.uww,2.1.0,13,0
com.Love.Story.Games.Amnesia,21.3,13,0
com.ansangha.drcheckers,1.47,13,0
com.smart_id,22.5.282,13,0
au.com.garage.android,1.5.1,13,0
my.gov.onegovappstore.mysejahtera,2.0.9,13,0
com.fnoex.fan.utahstateaggies,172.9.7,13,0
com.tokki.convictionescape,1.04,13,0
nl.rijksoverheid.werk4nl.pub,1.2.30,13,0
com.matryoshka.idlemars,0.13.0,13,0
com.mandaum.driver,5.1,13,0
com.gyan.bindu,1.2.7,13,0
com.systweak.social_fever,7.1.19.29,13,0
cm.confide.android,7.1.0,13,0
com.xm.csee,6.9.6(G),13,0
com.mydroid.crack.screen.prank.broken.glass,1.1.6,13,0
com.superjungle.amongworld,1,13,0
fit.sudor.bodiedbyty,1.0.1,13,0
com.lvlup.buddhify,4.4.16,13,0
com.WCR.DXZWEI,1.7,13,0
com.coniq.heartoflondon,2.3.9,13,0
de.derdiedas,3.0.4,13,0
free_translator.zhen,2.2.1,13,0
com.lankapropertyweb.lpw,Varies with device,13,0
br.com.sysmo.b2c.ala,1.00.42.001,13,0
com.ToolsZone.AcLiveWireLocator,1.4,13,0
com.school.chavara_app,1.0.36,13,0
com.visky.video.status.maker,0.0.1,13,0
com.discoverukraine.travel.budapest,1.0.2,13,0
dev.SellAnnuityPayment.AlbaniaFlagWavingLiveWallpaper,1.0.3,13,0
com.raimbekov.android.sajde,4,13,0
com.andromo.dev677517.app709529,5.2.1,13,0
com.lock.apps,1.74r,13,0
com.appex.sunhat,3.2.15,13,0
co.amy.ikbvg,1.4.64.9,13,0
com.language.translator.golingo.memriselingo.translation.translateall,1.0.35,13,0
com.happyconz.blackbox,4.0.22,13,0
clubs.zerotwo.com.asopadresgc,6.2.0,13,0
com.gamehouse.originalstories,0.4.32,13,0
co.alicia.evuhw,1.4.64.9,13,0
com.t3gss.impossible.car.tracks.stunts,7.9,13,0
com.taobao.idlefish,7.4.74,13,0
com.gaman.games.leek.factory.tycoon,1.08,13,0
com.neowiz.game.guitargirl,5.4.0,13,0
com.h.makeup,1.6.3,13,0
com.iwp.guriddo,1.10.0,13,0
com.car_wallpapers_collection.KTM_200_Duke_Wallpapers,1.5,13,0
com.dayoneapp.dayone,3.9,13,0
jp.gr.java_conf.soboku.gotimer,4.1.0,13,0
com.lokaldiscounts.app,1.5,13,0
com.Lion.Universo,13,13,0
com.arjunarora.crushedblueicons,2.1.1,13,0
com.wewe.detailjobs,4.3.0,13,0
com.pbgames.gearevolution,1,13,0
live.windo.seller,1.0.1,13,0
com.hi5.app,9.58.0,13,0
nfl.schedule.kansascitychiefs,2.1.2,13,0
com.infodev.naturalsaving,1.0.6.241,13,0
com.games.guessordiegp,0.7,13,0
com.monarch.monarch,4.0.7,13,0
com.apptegy.hancockmo,3.8.0,13,0
com.tripiseasy.londoncityguide,1.5,13,0
com.opportunityFeed.mobileApp,2.2.1,13,0
com.sdeteam.gsa,4.9.27,13,0
co.shield.xoivq,1.4.67.2,13,0
com.happylife.nicknamegenerator.fonts.nickfinder,1.7,13,0
com.mirofox.numerologija,3.2.3,13,0
com.digitalmaxyesapp.easyparkmaster3d,1.2,13,0
com.chatmirchi.video.livechat,1.0.9,13,1
com.biwenger.app,3.7.0,13,0
com.cooking.family.diary.fever.food.city.craze.dream.kitchen.frenzy,2.44.175,13,0
com.xscoder.mysterybox,1.44,13,0
bla.br.com.samisistemas.clienteonline.www,2.0.0,13,0
com.MjMorningShowenvivoFMApp.MjMorningShowLivesFMApponline,5.4.1,13,0
com.samai.intromakervideo,1.3,13,0
com.app.asianspicestore,2,13,0
com.meuvesti.diamanteslingerie,6.0.60,13,0
com.bluebirdgames.war1944,2.1.16,13,0
com.fitnessmobileapps.upstateyogaau,5.3.3,13,0
com.mobisystems.msdict.embedded.wireless.oxford.concisethesaurus,11.4.609,13,0
com.jesuslou.kanjigo,1.6.0,13,0
com.megamestudio.fixlagfreefirebymegamestudio,Varies with device,13,0
com.coderfaysal.funnyvideos,9,13,0
com.ulmon.android.playlondonofflinemap,12.1.8 (Play),13,0
com.desclick.ManhattanPizza,1,13,0
com.mobisystems.msdict.embedded.wireless.collins.malay.easy,11.3.577,13,0
com.appsmad.tellifthediamondisreal,1.4.0,13,0
clash.of.bugs.merge.casual.free.android,1.4.5,13,0
com.games.bizo.TattooStudio,1.23,13,0
radio.cdmx,9.8,13,0
com.offerbd,2.1,13,0
com.samtradefx.android,1.0.0,13,0
com.buildloop.drugbiblefree,1.2.1,13,0
com.lucydream.maydaymemory,1.11.2,13,0
com.axndxsoftwarehub.knightbitedelivery,10.1,13,0
com.appactiva.jwtextodiariovideos,23.6,13,0
com.apptegy.riverside,3.10.0,13,0
com.greatday.benefits,1.6.0,13,0
com.trainerize.newdimensionswellness,7.62.0,13,0
com.playmini.miniworld,1.1.45,13,0
best.free.apps.wirelessfmradio,2.4,13,0
com.superlanguage,1.5.2,13,0
com.fnoex.fan.williampennstatesmen,172.9.7,13,0
com.onefitstop.raisethebar,3,13,0
com.luckynumbers.pyramidofluck,2.0.3,13,0
com.tractorgames.real.farming.simulation,1,13,0
com.games.partymatch,4.7,13,0
com.goodbarber.bethshalom1,1.2,13,0
fr.sam.services.driver,0.41.06-CROWNFLASH,13,0
com.varsitytutors.learningtools.sat,1.8.5,13,0
wesleys.commentarybible,9.8,13,0
com.spinreward.coinmasterspinlink.spinmaster,2.6,13,0
com.landonthisplanet.app,1.0.0,13,0
ocean.nomad.survival.simulator,1.213.10,13,0
org.newseum.frontpages,1.0.23.219,13,0
com.lbe.parallel.intl.arm32,1.0.3014,13,0
com.kahuripanstudio.insurance_hotel_bitcoin_crypto_apartemen_walpaper_HelloDecember,1.1,13,0
com.leupon.minecraft.qranger,1,13,0
com.panotogomo.iconpack.oneui,5.3,13,0
com.gameboxmini.findthedifferencesspotit5,1,13,0
co.alicia.baavw,1.4.64.9,13,0
com.investtech.investtechapp,4.0.29,13,0
x.kelynle.studio.words3,4,13,0
com.williamsinteractive.goldfish,37.0.0,13,0
ideamk.com.surpriseeggs,119,13,0
com.ramdroid.quartercoincollection,1.0.2,13,0
