com.biryaniaffairs.android,3.3.0,3,1
co.stan.ixfci,1.4.67.1,3,1
com.prisma.kpop,1.8.4,3,1
com.golfzon,1.0.2,3,1
appinventor.ai_siguiendolalunaproducciones.LPRadioIII,1.0,3,1
com.sfvalleyhomes.stack,7.3.0,3,1
com.trainsplit.trainsplit,2.3.1 (#2022121265),3,1
education.layers.vitalbrazil,2.3.0,3,1
com.testbook.tbapp.nbccje,6.15.7-nbccje,3,1
com.innosoftfusiongo.syracuseuniversity,5.14.0,3,1
com.newshootinggame.fpsscretmission.fpsstrike,1,3,1
com.techburner.scanner.pdfeditor.android,1.01,3,1
co.carroll.pwkxv,1.4.64.6,3,1
com.wb.allinonesocialmedia,1.0,3,1
com.testbook.tbapp.wbicds,6.13.17-wbicds,3,1
com.bibleandjournalapp.firstbaptist,3.0,3,1
com.guesttoguest.android,5.0.0,3,1
com.rusya.game,2.2.3,3,1
com.leanondigital.occupationstrong,1.6.5,3,1
supremespirit.teenteenprofileframrforinstadp.animationmessage.teenteenframe,1.4,3,1
com.scorpioitchappz.mercarishopingcoupons,1.1,3,1
so1.sp.smartportal13.kor3217785861,5.29.9,3,1
dpt.com.nihongo_imina,1.02,3,1
com.starrystudios.howtogetwhatyouwantinlife,6.0.0,3,1
com.jsa.andriodApp,2.8.9,3,1
com.WarsStudio.Neymar,4.0,3,0
com.eprismar.app,7.06506,3,1
com.app.fixyourcar,1.21.0,3,1
com.OppanaGames.Real.Cars.VestaSW,1.9,3,1
com.lulu.luluone,4.0.2,3,1
net.ezbio.zotez2,2021.2.2-b64,3,1
com.turingtech.rjlegal,1.0,3,1
com.edugorilla.current_affairs_mocktest,01.01.232,3,1
com.snaptech.universidadsantafe,1.0,3,0
com.appforentertainment.Gallesanh,1.0,3,1
come.metaindex,40.0,3,1
com.colorful.glass.one.ui.iconpack,5.0,3,1
abmshelf.mobileapp,1.0.23,3,1
com.feelingtouch.gnz,2.1,3,0
com.natsume.stone.android,1.6,3,1
com.OppanaGames.HammerSim,1.4,3,1
com.threeembed.meetbooty,1.5,3,1
com.vexvol.CountMastersCrowdRunner,0.42,3,1
com.exabytes.easywork,2.0.1,3,1
com.vidyalaya.sapphireschoolnew,5.1.6,3,1
co.thanos.stksm,1.4.67.2,3,1
digifit.android.virtuagym.pro.burnit,10.4.8,3,1
com.imult.leotig,1.3,3,1
es.fredolsen.appmovil,5.1.4,3,1
com.jmclasses.app,1.52,3,1
com.moboalien.satyam.controller.paid,4.4-paid,3,1
com.seeyouapps.bloodpressurheartline,1.3,3,1
com.mykebunsayurasep.kebunsayurasep,2.7,3,1
com.jessicaharrie.jessisclarinethelper,1.3,3,1
org.nra.shootingillustrated,1.7.8,3,1
com.kazuyakamioka.bound,Varies with device,3,1
com.como.prod855720200504,1.0.2,3,1
com.simyasolutions.ling.lv,5.0.5,3,1
br.com.tapps.medicinedash,1.0.24,3,1
com.se2.webapp,1.0,3,1
com.casualgamesempire.bingocountry,1.027,3,1
com.andromo.dev717264.app893534,1.1,3,1
jp.cureapp.handlinglivercirrhosis,1.0.8,3,1
com.zincdigital.next,2.0.0,3,1
com.ma.ld.dict.engg,1.3.5,3,1
it.pinenuts.newyorklocalnews,3.1.0,3,1
com.subsplashconsulting.s_7TGVM2,5.14.4,3,1
com.bento.analyzeyourgames,1.5.0,3,1
com.boyaa.androidmarkettaiyu,6.10.0,3,0
com.internationalcapitalmarketsptyltd.pelican,4.9.6,3,1
com.moodle.aprende,4.2.9,3,1
com.dewi.Oc.Gacha.Club.x.Gacha.Life,1.1,3,1
com.fotoable.jixing.mufa,2.0.0,3,1
appinventor.ai_prof_carlosfranca.NUTZ_n_BOLTZ,1.0,3,1
com.wadhefa,4.7.12,3,1
net.safemove.android.cip.dec,2.2.23,3,1
com.cooking.games.fever.girls.city.craze.chef.master.dream.family,1.72,3,1
com.galaxynationgames.tiger.rampage.city,1.2.17,3,1
com.elitetrainr,2.6.53,3,1
co.feeld,6.2.3,3,1
com.a1ziggyshalifax.halifax,34.0.10.8761,3,1
com.wgme.android.weather,5.7.200,3,1
com.owcomltd.idlehollywood,,3,1
com.amazingwits.rxstoresCustomer,1.0.3,3,0
com.extensive.education,1.0.3,3,1
jp.co.rcsc.yurekuru.android,3.6.38,3,1
com.nineyi.shop.s039457,2.73.2,3,1
com.idbsstudio.bussimulatorindia,2.5,3,1
jp.co.capcom.gyakusai4en,1.00.05,3,1
com.appsforamps.katana,13.1,3,1
in.ewne.mobile,1.51,3,1
com.app.app6c429e562b60,1.0,3,1
com.hpffprohpofficeje9020.hppr,1,3,1
br.com.brmalls.customer.saobernardo,3.3.2,3,1
com.todo1.davivienda.mobileapp,4.7.1,3,1
com.pacmac.devicediag.free,2.1.0,3,1
com.yeardin.photoslideshowvideomaker,4.1,3,1
com.droid.sip,5.1.1,3,1
com.tv.casting.screenmirroring,1.8,3,1
com.jwaala.mobile.justice,6.14.5,3,1
com.caagsoftware,1.10.301,3,1
com.drwoli.kisslive,2.9.4,3,1
com.dar.prison.escape,1.6,3,1
mn.app.wx,1.2.5,3,1
com.bailhongaldev.bstatussaver,30,3,1
com.natenai.artofglow,1.0.8,3,1
io.kodular.kschat88.FlipMart,1.0,3,1
com.astroveda.app,1.8,3,1
g3.changemyhair,6.0,3,1
com.YeahByddy.SupportAppForFree,1.0,3,1
br.com.app.gpu2404097.gpuca9bf2512dc93d779053fac99c2dab30,81.0,3,0
com.cssforweb.powerfulmotivationalquotes,1.8.7,3,1
com.towardsmars.dungeoncrusher,6.3.19,3,1
cash.simply.wallet,0.0.99,3,1
ie.slice.powerball,3.9.2,3,1
com.turtlefung.taxiapp,1.1.2,3,1
com.kappian.mga.dmwimslms,1.3.1,3,1
io.pushpay.newportchurch,15.3.7,3,1
com.ojiofong.arounda,3.1.6,3,1
id.compro.klinikgigispesialissw,2.0.0,3,0
com.app.p5506DF,1.11.0.0,3,1
com.lei.crapscounter,5.0.0.2,3,1
com.jlr.jaguar.incontrolremote.appstore,2.13.0,3,1
campusconnect.gc,14.4,3,1
com.neo.neox,1.0.5,3,1
com.lovesick_girls_blackpink_song_offline.AlfarizkiDev,3.0.0,3,1
au.com.helloperth,2.0,3,1
com.gwhizmobile.lippincottpharmacology,6.29.5586,3,1
co.rogers.kfrxr,1.4.64.2,3,1
mn.smartlogic.hrmobile,1.50,3,0
com.howtobea.betterboyfriend,1.1,3,1
com.rgmoviez,1.0,3,1
com.foolsdog.legacydivine,2.1,3,1
com.kk.dash,5.3,3,1
com.download.funny.online,2.1.62,3,1
co.tapcart.app.id_CwOctOa3mC,1,3,1
com.amcham.ll7,2.7,3,1
app.coinroom,1.1.2-prod,3,1
edu.school.kmka,2.0.23,3,1
com.mu.auditapp,1.12,3,1
com.innovatise.thewatershed,105.6,3,1
br.com.masterapp.my.android5ba0d773ce37f,2,3,1
org.statmetrics.app,2.25,3,1
com.turborocketgames.catsim,205,3,1
st.vivo.v19.v19pro.vivov19.vivov19pro.wallpapers.theme,3.6.85,3,1
com.Termini.BodyShapeSurgery,3.1,3,1
com.wilsonco.oneconnect.android,2023.1.13023842,3,1
appinventor.ai_bilalarshad.Pediatric,10.4.1,3,1
com.duytam.dtphotoeditor,1.0.0,3,1
fr.canalplus.itele,5.6.8,3,1
com.edugorilla.maharashtra_board_class_ii_mocktest,01.01.235,3,1
co.hodor.euglh,1.4.64.9,3,1
nz.co.sought.app,1.0.5,3,1
com.cuxtomlab.mmseafoodcity,1.0.1,3,1
br.com.coopercard.cooperlojista.pos,220706.ccpos,3,1
com.must.admissions,4.7,3,1
com.fd.insurance.apk,1.8,3,1
com.shaker.america.flag,1.0.1,3,1
com.radios.en.linea.de.ecuador,4.1.3,3,1
com.good.GalaxyReaversGame,1.2.22,3,1
com.gcart.andro.ajlovev2.ajlovefl,1.0.0,3,1
com.walmink.secretsigns,0.3.5,3,1
com.bitship.ssb_sport_im_park,6.0.0,3,1
com.blueassembly,1.6.1,3,1
com.navixy.xgps.client.app,2.11.3,3,1
co.groot.mlrye,1.4.64.9,3,1
com.mevetech.DieSoulBurgerApp,1.0,3,1
com.pollardbanknote.CashwordID,2.0.14,3,1
com.jimmillsgroup.android,3.0,3,0
com.mobeasyapp.app657036189986,1,3,1
com.vinitracker.tu,1.0.0,3,1
com.kkstudio.laura,2.0.0,3,1
com.azjjinssi.appjinss.solutionaj,2.0,3,1
com.o583f5f9754a.app,1.0.10,3,1
com.ramadav5,1.0.25,3,1
com.abb.spider,4.5.2,3,1
com.PlayZone.Write.Name.Necklace.Stylish.Bracelet,1.11,3,1
live.lafity.lafity_app.sub.zani,3.15.0,3,1
iccolozzafrosolone.school,1.24,3,1
com.btremote,1.0.0,3,1
com.digital.beek,5.1,3,1
com.fascat.fascat,1.1.2,3,1
gr.serifos.eg,1.0.12,3,1
com.trainerize.joshuabeaneliteathletic,7.62.1,3,1
id.revoke.pmp,2.16.23,3,1
com.resolver.OfficerMobile,1.6.202202082,3,1
jp.co.useeng.UltrasoundBarrier,1.0.3,3,1
com.freeonlinetests.uppoliceexam,1.0.8,3,1
com.jernung.infinite.deu,4.2.23,3,1
com.advancetrackerz.track,6.52,3,1
com.achieve.app,1.3.54,3,1
com.adobe.psmobile,8.7.1035,3,1
com.creativecreator.app1060068908807,2,3,1
com.freshtodelivery.app.android5d15eb0b05005,,3,1
com.creanet3d.baddream,3.0.1,3,1
com.html.htmlviewer,Varies with device,3,1
com.peppersquare.getthingsdone.customer,3.0.5,3,1
com.mspengejar.alvarez,2.0,3,1
de.paulstelzer.iqtest,7.4.1,3,1
com.mateuyabar.vacapp,3.2.1.9,3,1
com.google.looker,1.2.1,3,1
com.settrade.settrade,2.7.4,3,1
hidden.objects.train.brain,7.20,3,1
com.ketchapp.horizon,1.4.3,3,1
movementrx.movementrx,1.9.4,3,1
com.wonDealer_14059842,1.0.1,3,0
com.yodo1.crossyroad,5.0.2,3,1
com.customchurchapps.coastalvineyardchurch,2.0,3,1
co.sheldon.snaox,1.4.64.9,3,1
com.music.hero.volume.master.control,3.3.0,3,1
com.megamax.radiojovempannewsspradiojpnews,1.0,3,1
com.xiaomi.router,4.3.2,3,1
com.useeum.useeum,4.5.9,3,1
com.gamelion.slots,2.8.3913,3,1
com.googleplay.free.bingo.holiday,5.5.7,3,1
app.cindytrimm.newworld,1.0,3,1
com.YourCompany.CustomFeet,3.0.0,3,1
com.creativeapps.pattachitta,3.0.0,3,0
com.dalcomsoft.ssat,3.7.23,3,1
com.pop.tools.shiva.live.wallpaper,v- 11.1,3,1
com.starmarketing.ptpoint,1.0,3,1
com.soloradio.psmusic,2.0.13,3,1
it.simonesestito.ntiles,9.1.1.4237316,3,1
com.fingersoft.benjibananas,1.51,3,1
i9suaradio.com.br,v1.2,3,0
kr.spacesoft.chahospital,1.0.55,3,1
id.co.aviana.triplecenterapps,2.0,3,1
net.mywowo.welcometravel,3.1.0,3,1
com.coloringtattoo.adults,1.6,3,1
com.celebrity.look.like.me,1.4.7,3,1
br.com.mulherbrasileiralingerie.loja,1.0.0,3,1
com.rozgar.hrms,2.6,3,1
com.factohr.resume_builder,1.0.3,3,1
com.onlineconvert.ocapp,1.0.29,3,1
in.smartst.app,5.4,3,1
com.upliftingtraceradio,1.0.5,3,1
com.colaboradores,1.26,3,1
com.ohla.socialapps,3.0.36,3,1
com.longtech.lastwars.southEastAsia.gp,1.0.357,3,1
com.audiosmaxs.videoplayer,1.1.3,3,1
com.penepin.wp,5.0,3,1
com.andhrapradesh.news.vaarthalu,1.5,3,1
com.edurev.class5,3.6.5_class5,3,1
com.clhub13,1.0.13,3,0
com.tickaroo.enterprise.android7752093899737824318.scteutoniakleinenbroi,4.6.1,3,1
de.Foldio.FuchsImNetz,1.6.2,3,1
com.pinkcoder.HurryUp,0.1,3,1
com.peace.Timer,2.8.0,3,1
com.galarmapp,7.4.0,3,1
se.annadroid.Dbt112,4.2.7,3,1
com.microgames.deadninja,1.2.4,3,1
com.tripoto,2.29.4,3,1
com.dkhighxvip.nd,5.0.2,3,1
com.backpack.aaohostels,3.0.10,3,1
com.app.diaz,1.0.2.0122,3,1
com.mamtech.shop,6.0.0,3,1
com.appsaz.samediaapp,1.0.0,3,1
com.duksel.luckyspin.slots.free,2.24.1,3,1
dev.sanjureddy.srfileexplorer,1.0.0,3,1
com.wezit.agesci,3.1.0,3,1
com.curiosityunit.simplecashier,1.2,3,1
com.zinc.christmasbauble,1.0.1,3,1
family.locator.find.my.friends,1.1.8,3,1
com.sbp.sbp_complaints_management,4.0 Live,3,1
com.htetznaing.xgetterexample,7778,3,1
co.alexis.sfewn,1.4.64.9,3,1
com.harpista.enciclopediadabiblia,1.0.2,3,1
com.sharelink.dmdesign,1.0,3,0
com.sonsaemp.udictionary,1.0,3,1
com.avatarerp.ga_platform,0.4.3.1,3,1
com.test.tichy.vegkeyFR,1.1.2,3,0
com.gambitstudios.charlesoliveira,23.0,3,1
mmapps.mobile.anti.theft.alarm,Varies with device,3,1
linesoncurves.kustom.pack,V 4.3,3,1
com.procoor.apps.qualitycontrol,11.0.3,3,1
com.rjnetworks360.RJ_Browser,7,3,1
ee.wod.app,1.4.6,3,1
com.dinosaur.eggshoot,1.05,3,1
com.sendgroupsms.GetWellSoon,2.5,3,1
com.titagangames.zumzum,1.0.0.3,3,1
com.customchurchapps.alexandertemple,2.1,3,1
com.audiencemedia.app736,25.1.1,3,1
com.banyac.sport,2.4.0,3,1
com.cvs_mobile.mobilemap,3.7.73,3,1
com.brayankala,1.0,3,1
com.fourth.kingdom,5.10,3,1
com.uv.photoeditor.filters.collagemaker.picslab.sticker,1.3,3,1
com.v2r.jewelvampire,1.20.1,3,1
com.bgmedia.android,26.0,3,1
vn.weplay.boitonghop,3.4,3,1
com.armssoftware.android,4.4.5,3,1
com.maf.share,Varies with device,3,1
co.groot.zxouf,1.4.64.9,3,1
com.vdk.prod,6.21.1,3,1
com.hamdalahdev.seankingstonwallpapers,3.0,3,1
de.bk.tools.feuerw,4.1.1,3,1
com.aavevpn.android,1.0,3,1
au.com.rev.appraisals,v1.0.0.49,3,1
com.pdf.expert.pro,1.2.0,3,1
ae.edes.animallover,1.1.7,3,1
org.dccam.dccamadr,1.6,3,1
com.rentechdigital.swipecart.redhead.graphics,2.2.2,3,1
io.ivoca.conversationrussian,2.0.1,3,1
com.websoptimization.callyzerpro,2.0.13,3,1
lineaVerde.App,5.1.8,3,1
com.oroville.patanjali,1.6,3,1
com.skyraan.kjvbible,1.0.10,3,1
co.alicia.wvrgi,1.4.64.9,3,1
com.creditpedia.technofino,,3,1
com.retalix.powermobile.rrs,3.3.1,3,1
com.accurate.channel.forecast.live.weather,1.9.8.1,3,1
com.standardinnovation.weconnect,5.11.0,3,1
fr.csdev.spendlly,1.2.9,3,1
com.homeexteriordesigns.svenapps,2.1,3,1
com.itec.manageddock,3.0.4,3,0
com.svtracker,1.6,3,1
cc.nextlabs.javascript_reference,1.1.0,3,1
com.jacapps.jazz24,4.0,3,1
fisico.pizzapp,1.9.4,3,1
com.mawdoo3.qalam,2.0.7,3,1
com.ontheedge.savethepurplefrog,1.0.5,3,1
com.calculated.laurene4067,1.0.0,3,1
de.spielepalast.rummypalace,1.36.715,3,1
com.sma.smartv3,1.7.2.8,3,1
com.chaos.mergera,1.2.7,3,1
com.tultrack.mobile,1.0.0,3,1
hd.video.player.videoplayer,1.1.0,3,1
com.rp.mobile,Varies with device,3,1
net.emkae.excerpt,1.3.0,3,1
com.fgcoaching.programs,9.1.18,3,1
nl.speakap.eddie,8.10.25,3,1
com.speedautosystems.mcc.dollar,1.3.2.62,3,1
ca.on.ohcow.ha,1.0.0,3,1
com.gx_sm_ufo,1.2,3,1
bitblue.santFrancis19,56.3,3,1
com.sofascore.results,Varies with device,3,1
com.keith.BNDTT,2023,3,1
com.dn.games.ageoflegends,0.1.83,3,1
app.rs.blackpinkcoloringbook,1.6,3,1
io.kodular.alencarsilva1511.Minecraft_Shooter,43.0,3,1
com.subsplashconsulting.s_74S4BS,6.0.1,3,1
com.alexHealth.alex,3.17.0,3,1
com.kiddy.kiddy,6.2,3,1
com.rrstudy.in,1.0.3,3,1
com.mobeasyapp.app271974423941,3,3,1
com.gamemorefun.sgztw,2.8.2,3,1
com.tapdir.invoice.business,11.9.4,3,1
de.identity.allinone,4.6.7,3,1
it.creareunapp.editor.android6109009b30b2f,1.0,3,1
net.trellisys.papertrell.shelf8c72845ce1ed4f19a7263c502afea181,1.0,3,1
appinventor.ai_floraafaunaa95.Trauer_um_Waltraud,1.0,3,1
com.dongbulife.m,6.9.1,3,1
com.wansport.app.tcdelebio,4.0,3,1
com.gvam.palacioMovil,2.1.0,3,1
com.flaps.onegourmet,2.0.26,3,1
com.simontok.browserbukablokir,1.1,3,1
air.app.scb.breeze.android.main.in.prod,8.30.0,3,1
com.gopizza.driver,1.0.2,3,1
com.aisense.otter,3.17.0-5585,3,1
com.americasvoicenews.androidtv,2.0,3,1
com.FruitBump,1.3.8.1,3,1
com.mhospitality.btcollection,2.0.8,3,1
com.appmobilecity.app.android60a2461220e8b,1.4,3,1
com.robtopx.geometrydashmeltdown,2.2.11,3,1
com.subsplash.thechurchapp.standtoreason,5.20.4,3,1
com.tapmango.henschicks,2.0.24,3,1
group.flowbird.parkdetroit,1.0.4,3,1
com.OppanaGames.UrbanCarSim,1.5,3,1
com.genius.merman,3.0.22,3,1
com.evansir.odinrunedivination,5.0,3,1
com.papabox.hospital.gg10,1.0.17,3,1
com.invietnam.quangninh,1.4.1,3,1
com.mohkuwait.immune,3.25,3,1
com.linecorp.LGLP2,7.2.2,3,1
com.itherapyllc.songsintro,1.1,3,1
com.FishingPlanetLLC.FishingPlanet,1.0.103,3,1
com.rtasia.intl,5.17.0,3,1
com.pikpok.dr2.play,1.64.0,3,1
com.edugorilla.dvlaukingdom,01.01.234,3,1
com.legitindie.muidol,1.4,3,1
air.com.tensquaregames.letsfish,6.1.3,3,1
com.trikijo.brutalhardcoremcpe,1.0,3,1
com.divnatamv.hiddeneyesel,7.0,3,1
br.com.nuancelingerie.loja,1.0.0,3,1
air.com.flipline.papaspizzeriatogo,1.1.3,3,1
com.sawtbeirut.app,0.5.16,3,1
app.elfcam.elfcam,3.1.2,3,1
com.rollingpanda.water.sort.color.pouring.puzzle,1.9,3,1
com.estoty.game2048,7.05,3,1
ch.threema.app.work,5.0.2.1k,3,1
com.extremedevelopers.tanksvsrobots,2.73.0,3,1
com.app.p6214CG,1.11.0.0,3,1
com.neemah,1.3,3,0
com.newandromo.dev876642.app1755533,1.0.0,3,1
com.instantencore.dpacnd_5204836,12.07.00,3,1
com.retouchme,5.77,3,1
com.barolit.fixocargo,3.71,3,1
com.tradegame.easyflight,1.1.2,3,1
com.neighborhoodmuslim.athan,1.1.0,3,1
co.khal.cxxfj,1.4.64.9,3,1
com.ticketreturn.gatecontrol,6.22.6,3,1
net.toyknight.aeii.android,4.2.5.1,3,1
com.led.colorful.keyboard,1.24,3,1
com.mastercomlimited.racethetraffic,1.9.1,3,1
com.cookapps.watersplash,2.2.4,3,1
com.basenjiapps.breeze,1.4.9,3,1
air.com.yudu.ReaderAIR6750003,11.3.2.1,3,1
com.andromo.dev462136.app705177,5.3.1,3,1
com.alisonarmstrong,1.0.0.16,3,1
io.thoughtbox.pk,2.0.6,3,1
com.bradenton.android,9.1.8,3,1
com.Zkradioapps.SverigesRadio.SverigesRadioP1,31.01.1,3,1
com.mobile_infographics_tools.mydrive_ext,4.1.7.31.pro.beta,3,1
com.hltcorp.feindustrial,6.29.5586,3,1
com.ketchapp.colorsnake,1.0.2,3,1
com.science.yarnapp,Varies with device,3,1
com.etaxi.customer.etaxicb,4.14.3,3,1
com.pluspromotionsales.app,1.1.14,3,1
com.subsplash.thechurchapp.s_FZJR7P,5.20.4,3,1
com.gbwhatlatestversion.statussaver.gbversion,4.0,3,1
com.octafx,2.7.10,3,1
com.ega.egg.sort,0.0.4,3,1
com.subsplashconsulting.s_6TKV9Q,5.18.0,3,1
com.ionicframework.burnermobileleo968485,Varies with device,3,1
com.gtarcade.mghk36,1.0.01446,3,1
appyness.gangofpizza,1.5,3,1
co.lynde.vemou,1.4.67.1,3,1
com.bighealth.daylight.platgen.production,2.10.0,3,1
org.watv.mypage,1.202212160,3,1
com.SamuraiGames.YourChronicle,2.1.3,3,1
com.kimmysuperstarcat.virtualpet,4.9,3,1
app.invoice_maker,3.0.2,3,1
net.eventya.android.visitmaramures,1.0.0,3,1
com.me2zen.tripeaks,1.10287.0,3,1
com.shenyaocn.android.WebCam,28.4.4,3,1
co.rios.xehfz,1.4.64.5,3,1
com.poligabiflutter.findalia,2.1.0,3,1
com.cameraformi.wallpaperformi.ringtoneformi.hdcamera,1.0,3,1
co.reblue.android.nobodysurf,3.4.4,3,1
com.intercity.benchsmart,1.0.6,3,1
io.gartic.Gartic,1.4.12,3,1
com.space.gunner.retro.shooter,0.1.12,3,1
com.mydaycloud.app.cwc,3.1.44,3,1
io.maddevsio.nambataxidriver,0.5.13,3,1
com.mmappdev.mmappdreams,1.0.0,3,1
co.jarvis.egi,1.4.67.1,3,1
com.luckyjackpot.roulette.casino.games.free,1.3.6,3,1
com.MBSB.Bank.Mobile.Banking,1.2.2,3,1
com.relocity.relocity,3.5.2,3,1
com.krungsriauto.superapp.go,5.1.0,3,1
com.color.paint.by.number.coloring.book,3.4,3,1
digifit.android.virtuagym.pro.clarkeathletics,10.4.8,3,1
do.multiple.cloner,2.60.01.0612,3,1
com.hoeihear.WebViewRender1,1.0.0,3,0
com.microsoft.ipviewer,2.3,3,1
com.ldwc.playwhale,1.0.8,3,1
com.zimong.eduCare.gdgoenkasirsa,2.20,3,1
org.dontpanic,2.4.6,3,1
com.jda.mobility.trans,2022.1.1,3,1
co.khal.vppwu,1.4.64.9,3,1
octabeans.destinationtracker,2.0,3,1
br.jus.tjrj.EscritorioVirtual,2022.11.2801,3,1
com.taculator.android,1.0,3,1
com.stx.pullhimout,1.4.2,3,1
online.hisubway.marindeck,145.0,3,1
com.bonpara.app,1.3,3,1
com.webtrader.olivemarkets,1.280,3,1
com.imageline.ILRemote,1.3.4,3,1
apps.pandoutah.radio.srilanka,2.4.0,3,1
com.gadsby.shufflemylife,4.2.0,3,1
com.gorabbit.app,1.0.10,3,1
com.realmestore.app,1.8.0,3,1
com.EUROPE.jobs.for.indian,15.5.7,3,1
com.auctionmobility.auctions.twentyfirstcenturyantiques,null-twentyfirstcenturyantiques,3,1
co.jones.jlwpe,1.4.64.9,3,1
uk.ac.edina.curiousedinburgh,2022.06.1,3,1
runs.gasam.voy,24,3,1
com.MediaplayerQ525,15.8,3,1
lu.rtl.newmedia.today,1.3.1,3,1
br.org.geracaoprofeticasp.appEK1957,2.02.01,3,1
com.linwear.ogglobe,1.0.1,3,1
cn.qz.idol.dressup,1.1.1,3,1
com.zxc.gofinder,1.4.5,3,1
com.herocraft.game.too.many.red.ball,1.0.5,3,1
com.wjp.zombie,Varies with device,3,1
com.smifsc.pilgrimage,1.0.6,3,1
com.tippingcanoe.promodescuentos,6.12.75,3,1
com.roflplay.lordofwar.ak47,2.4.0,3,1
com.bullcitylearning.iamobile,1.3.1,3,1
com.speedrungames.datemaster,3.0,3,1
droom.sleepIfUCan,5.51.05,3,1
com.clevelandrtamap.app,3,3,1
com.cascade.adjacent.puzzle,6.0.0.2,3,1
com.thinkfree.searchbyimage,7.0.1,3,1
com.gamepoint.royaldice,1.185.34715,3,1
ru.mitapp.scanbookit,1.0,3,1
com.philips.indoorpositioning.yellowdot,1.0.92,3,1
io.pushpay.crossroadsjacksoncounty,15.2.3,3,1
com.gau.go.weatherex.appbilling.sw.dynamicsbg.frostythesnowman,1.0,3,1
com.tropicalsmoothie.tropicalsmoothiecafe.android.app,3.6.1,3,1
com.ls.impact,1.1.5,3,1
com.valeryinc.WishImpact,3.4,3,1
gmin.app.quicksmsnote.free,2.8.27,3,1
co.lily.qdduv,1.4.64.9,3,1
com.qualifiedapps.inspirationalquotes,2.5,3,1
com.luckyduckgames.scanandplay.kids,1.0.6,3,1
com.appon.cookingcafe,5.2,3,1
jp.co.hnut.typeb,2.0,3,1
com.talking.tree.ebooks,0.0.70,3,1
com.foresttrees,2.0.0,3,1
com.cellit.cellitnews.wpec,8.5.1,3,1
com.evideo_generic_duochang_app.standard,1.5.0,3,1
com.liv.chat,1.0.1,3,1
com.zuplays.zuplaystvboxm3u,0.0.2,3,1
com.DefaultCompany.ArmchairCommander2,2.22.1,3,1
com.otoreport.apkwpreload,1,3,1
com.systweak.applocker,4.19.1.09,3,1
xqd.tagpatrol.app.register,2.2.1,3,0
com.yourhomesoldguaranteed.main,2.2.0,3,1
com.agroapps.crconsultoresapp,1.2,3,1
componentspinout.ammsoft.componentspinout,17.01 PCBWAY,3,1
tools.ftools.fixtools,1.01,3,1
com.myfknoll.win8.launcher,3.0.0.788,3,1
tracker.fitspa.io,2.4.9,3,1
com.concours.kedma.emploi,3.2,3,1
com.cherrypickgames.hollywoodinc,2.0.4,3,1
com.unlimitedradios.toyotaradio,1,3,1
aplikasi.agen.jual.pulsa.murah,19.09.02,3,1
com.taplane.triviaquizm,2.2.6,3,1
com.kiyofumihoriguchi.carlosriverahdwallpapers,2.1,3,1
com.guidewithme.switzerland,2.3.3,3,1
com.guidebook.apps.afn.android,2022.3,3,1
com.solaregde.apps.monitoring,Varies with device,3,1
com.columbia.android.alclinton,10.3.0,3,1
xeo.learning,1.0.5,3,1
com.sismart.smart,1.0.3,3,1
com.carlosdazamapp.radio1010winsnewsradiony,2.0,3,1
com.uniquepublishing.staidanstallaght,5.0.4,3,1
ru.iiec.pydroid3,Varies with device,3,1
com.feelforyourlife.app,1.0,3,1
air.liliDressUpGames.DollHairSalonAndFashion,Varies with device,3,1
com.app.tv.mediacasttv,2.0.901,3,1
com.anotherseotool.anotherseotool,5.2.4,3,1
com.efaith.easyschool.parentapp,2.0.6,3,1
com.mintgames.fancycolorpro,1.0.0.6,3,1
pl.portalgames.isrw,1.0.16,3,1
com.iapps.swfplayer,1.1.0,3,1
com.celebrity.androidgrantedapp,2.7,3,1
com.justride.pgh,7.8.10,3,1
in.welcomemobiles,2.1,3,1
com.kingdarts.kingofdarts,3.2.31,3,1
com.DMCard.plApp,4.05.03,3,0
com.budgestudios.StrawberryShortcakePuppyPalace,2022.1.0,3,1
com.touchsurgery,7.4.0,3,1
com.visitapps.columbiamontour,7.0.0,3,1
kr.co.manhole.hujicam,2.4,3,1
com.apptegy.richmondrxvi,3.7.0,3,1
com.prismapp,,3,0
engage.thesyndicatespace,1.0.1,3,1
in.scroll.android,GN_1.0,3,1
com.aa.collectandslap,0.0.4,3,0
com.kidsthree.doctormania,5.3.5080,3,1
com.cronosgroup.tinkerlink,1.17.16,3,1
com.pb3.android,1.0.6,3,0
appkingdomwebappscom9701087.wpapp,10.0,3,1
com.cordic.mountcars,40.2212.5,3,1
com.freshStylechian.makelipstcutbaut,3.0,3,1
com.pearson.tellintl,2.1,3,1
playmusic.mp3player.musicplayer,1.5.6,3,1
com.goodarapps.rxplayer,1.0,3,1
com.brother.ptouch.colorlabeleditor2,1.1.2,3,1
com.ax.dashcam.speedometer,2.2.6,3,1
net.wordbit.ites,1.3.15.24,3,1
com.jackwradford.readingtracker,1.6.0,3,1
com.softshade.battletime0.mobile.free.googleplaystore,1.6.0,3,1
blackjack.casino.card.game,3.5,3,1
com.rujogames.asmallworldcup,1.3.2.0,3,1
com.kahoot.algebra12,2.3.38,3,1
wjdevelopers.rapidfitness.butt,1.2,3,1
com.jobeasy,1.0.27,3,1
unn.ac.clearingapp,3.3,3,1
com.ombiel.campusm.monash,9.29.0,3,1
com.shomadhan.provider,2.4,3,1
pink.unicorn.keyboard.theme.girls,1.0,3,1
hk.com.helpersearch,1.2.1,3,1
com.bilali.math.sums.kids_learning,1.0.8,3,1
com.eshiksa.scnems,1.0.1,3,1
ee.Javelin.SpotlightRoomEscape2,2.38.0,3,1
com.ahranta.android.emergency.user,4.3.5_3,3,1
com.bipr.arcade.running,6.1,3,1
com.devappchoice.gbchat,1.3,3,1
com.spotterlook.driverstartne,Varies with device,3,1
com.yodingenierie.yodi_association,0.0.950.0,3,1
com.mufimob.kidsdrawcardesign,1.7,3,1
com.madheadgames.nevertales.abomination.puzzle.adventure.google.android.uni.free,1.0.5,3,1
com.threeheadedmonster.beyondhumanity.colonies.companion,1.3.5,3,0
com.GlassFrogGames.BBSGoog,1.4,3,1
kr.co.krs.krcon,1.0.9,3,1
evans.com,1.0.0,3,1
