com.commlabindiagte,1.9,38,1
com.hinteen.timex2,1.0.5.2,38,1
com.wework.gcapp,7.15.0,38,1
com.sharefaith.sfchurchapp_39bba0638756d1b6,2.1.0,38,1
com.naturalmotion.csrclassics,3.1.0,38,1
com.prexam.bankclerical,1.0,38,1
com.blackboardmobile.mosaic.opschoolsorg,5.6.20001,38,1
uk.ac.herts.mobile,4.5.2,38,1
com.wBRASTYPL_14503040,1.0,38,1
com.gujjutoursb2c.malaysiavisa_express_visa,1.0.5-malaysiavisa,38,1
com.wKSCHANEL_12601443,1.0,38,0
com.s.cleaner,Varies with device,38,1
com.socialknowledge.fiberglassrv,8.8.13,38,1
com.arunsawad.touristilu,1.2.1,38,1
es.esferacapital.esferacapital,2.1.0.4,38,1
com.netpulse.mobile.newyorkfitnessclubs,2.1,38,1
com.guidebook.apps.afn.android,2022.3,38,1
net.zaim.android,3.68.1,38,1
com.testbook.tbapp.isroscientistee,6.13.17-isroscientistee,38,1
com.tecit.android.bluescanner.office,4.9.0,38,1
io.four.android.apps.dp,v3.50.0,38,1
com.flamingogames.gok,2.9.85,38,1
com.orderme.manager,1.3.6,38,1
com.innovatise.butterflyfitness,5.90,38,1
com.docusign.ink,Varies with device,38,1
com.glow.android.nurture,5.7.1,38,1
com.inovanet.maricemu,0.6.0,38,1
com.sherpa.gcsdacontainer,5.6.12.23,38,1
com.advances.hcp,2.0.0,38,1
com.gladhotel.app,1.0.3,38,1
com.microsoft.workfolders,Varies with device,38,1
com.langfordmedia.ottawa,2.8,38,1
com.mecford.artmansion.currencyconverterpro,1.0,38,1
com.eximb.enter,1.5.5292,38,1
pl.cyfrowypolsat.cpgo,2.4.2,38,1
com.mobiquityinc.uf_florida_storms_android,6.7.1.1140,38,1
com.examobile.chistes,2.4.1,38,1
jp.co.mediaactive.ghostcalldx,4.1.15,38,1
com.abenity.mbPerks,2.13.1,38,1
com.venninteractive.macros,7.4,38,0
net.peakgames.lostjewels,2.177,38,1
com.microsoft.office.onenote,16.0.15928.20060,38,1
com.nicksseasonaldecor,1.2,38,1
com.launch27.wemovin.wl,6.65,38,1
com.google.android.apps.youtube.music,Varies with device,38,1
com.urfood.ur,,38,1
com.stayfree.app,3.20.0,38,1
ge.lemondo.guideu,1.7,38,1
com.mobilicos.howtotie,1.0.4,38,1
com.seeclickfix.lsconnect.app,6.2.0.4650,38,1
air.com.forteGames.svaraMobile,11.0.134,38,1
com.minube.guides.cuba,6.9.17,38,1
com.blablaconnect,2.14.50,38,1
com.cleaner.cts.storage.powerful.boost,1.0.3,38,1
com.geekycoders.mortgagecalculatorexpert,Varies with device,38,1
com.zedtechnologies.zedlink.sic.patient.droid,1,38,1
jp.co.translimit.brainwars,1.0.70,38,1
org.me.mobiexpensifyg,8.5.35.4,38,1
geneexpress.dna.app,1.1.1,38,1
com.biobrain.biology.eu,3.0.22,38,1
com.educonnect.totvs.thomasjefferson,08.2302.00,38,1
com.lemi.smsautoreplytextmessagepro,8.3.9,38,1
homely.webtiv,2.9.7,38,1
online.shopwild,1.5,38,1
net.gamoz.wpt,1.4,38,1
nc.opt.annuaire,3.8.0,38,1
ge.guideinfo.guideinfo,Varies with device,38,1
com.hltcorp.mcat2017,7.31.6054,38,1
com.snapdeal.main,7.7.7,38,1
com.superclean.booster,1.4.5,38,1
net.e_motto.k8cmg2jy,12.0.0,38,1
com.mashmedia.pashow,1.1.0,38,1
com.easybhutan,1.2,38,1
com.gameclubusa.redmahjonggc,1.8,38,1
com.ezjoynetwork.icecrush2,3.6.1,38,1
com.creamoutletro.app,2,38,1
events.grip.gathering,10.8.9,38,1
com.landmarkgroup.homecentrestores,7.55,38,1
com.paytmmall,5.3.0,38,1
com.mts.talker,3.3.2,38,1
com.iqi.mirobotbuilderglobal,1.7.4,38,1
com.gamehouse.d12gp,49.222,38,1
com.winrgames.doubledouble,1.3.9,38,1
com.moontm.Dungeon999F,1.51,38,1
com.limpidstone.END,1.0.9,38,1
com.nsn592.fishparty,2.1.0.4,38,1
com.cgs.abvigiddings,1.0,38,1
com.trpz.travel,1.6.1,38,1
com.otoreport.mitrasm,3.0,38,1
com.eduven.cg.perth,2.1.1,38,1
com.extreamsd.aemobiledemo,5.3.0.5,38,1
com.testbook.tbapp.jkssbdepotassistant,6.15.7-jkssbdepotassistant,38,1
com.tss.in.android.hydrauliccylinder,3.4,38,1
com.autocab.taxibooker.citycars.glasgow,34.0.11.8957,38,1
com.ezeeworld.qelmc,4.6.2,38,1
com.conduit.app_da27f55652f3481185d8feaa7ab4a876.app,1.37.82.215,38,1
software.sandra.navigation,2.0.5,38,1
com.abenity.Genworth,2.13.1,38,1
com.milky.app,1.2.5,38,1
events.socio.app2623,28.0.0,38,1
com.zerista.lsinw2018,17.0.0,38,1
com.nike.snkrs,3.21.1,38,1
de.appack.project.lilienthal_falkenberg,1.3,38,1
com.k4ca56c74d2f.www,1.0.6,38,1
com.elevenbitstudios.anomaly2game,1.2,38,1
com.magazinecloner.tcpg,6.12.5,38,1
mobi.foo.ray,2.0.0,38,1
com.jackrussellapps.javanewskeywestfl,1.1,38,1
vn.com.woori.smart,2.0.50,38,1
com.viewt.condomnio,1.1,38,1
com.customchurchapps.ectbc,2.1,38,1
jp.studyplus.android.app,7.6.5,38,1
com.reispsolutions.skperformance,2.0.6,38,1
com.textrapp.go,23011212,38,1
com.airkast.WGLFFM,8.8.0.58,38,1
com.yandex.browser,Varies with device,38,1
com.tennisservetracker,2.4.0,38,1
com.testbook.tbapp.idbiexecutive,6.13.17-idbiexecutive,38,1
com.cooyostudio.marble.blast.friends,1.3.1,38,1
com.bi.ebancasat,1.0,38,1
ru.litres.android.audio,Varies with device,38,1
com.innovatise.uobsport,105.6,38,1
com.good.watchdox,11.5.0,38,1
com.cisco.im,14.1.4.307304,38,1
mindful.af,2.0.1,38,1
com.foxit.mobile.pdf.lite,12.2.6.1229.0827,38,1
com.buoy76.huntpredictor,6.9.8,38,1
earth.domination,Varies with device,38,1
pk.com.telenor.phoenix,2.9.29,38,1
com.paltalk.chat.android,9.9.0.3-RC,38,1
events.socio.app441,26.0.0,38,1
general.thankgames.com,3.6.5,38,1
com.seeclickfix.reportitnewportri.app,6.0.1.4634,38,1
pt.vsports.client,3.0.12,38,1
io.btrader.crit,1.0.67,38,1
com.shopjadebutterfly,1.6,38,1
com.civicalld.spydusmobile,Varies with device,38,1
com.kimkhisaigon,1.0.2,38,0
com.testbook.tbapp.hpsscclerk,6.13.17-hpsscclerk,38,1
com.testbook.tbapp.ossccombinedgraduatelevel,6.15.7-ossccombinedgraduatelevel,38,1
com.stuck.rider,1.0.0,38,1
com.arashivision.insta360akiko,1.29.0,38,1
com.firstchoice.myfirstchoice,14.9.105,38,1
com.yatra.base,14.16.0,38,1
com.hotheadgames.google.free.bigwinstockcar,4.1.4,38,1
fr.thema.wear.watch.morphing,Varies with device,38,1
com.pm_international.fitline,4.4,38,1
com.mylocaltv.wgcldroid,Varies with device,38,1
hk.hkbc.epodcast,4.0.2,38,1
biz.app4mobile.app_56975a6dab244b2fa4fc27ade1a46804.app,1.103.195.651,38,1
com.appxy.checkbook2,2.0.28,38,1
com.blackboard.community.smmusd,5.2.000,38,1
com.selecttradingni.belfast,32.1.21.0,38,1
org.cmcalll,1.1.,38,1
mobi.easyorderapp.augoutdujour,6.4.0,38,1
com.unite.portal.livingway.residents.prod.spike,1.1,38,1
com.drapplabs.livecamscanner,1.2,38,1
com.mobile10_8.bcso,2.0.2,38,1
com.gannett.local.library.news.southbendtribune,6.12.3,38,1
com.ftmo.ct,4.6.54385,38,1
com.business.card.scanner.reader,4.5442,38,1
com.blockpuzzle.jewelgames,1.4.2,38,1
se.telavox.android.otg,5.8.4.0,38,1
com.artifexmundi.queensquest2.gp.full,1.0,38,1
com.testbook.tbapp.dsssblibrarian,6.13.17-dsssblibrarian,38,1
com.b3g.cih.online,4.77,38,1
mmm.slpck.kdi,4.3,38,1
seemo.btracsolutions.gp,2.2.3,38,1
com.sbbd.sammy.tippit.ministries.urdu,1.0.0,38,1
net.hanulsoft.shcc,1.0.0,38,1
com.app.calculator.vault.hider,3.0.9_ced41a50b,38,1
com.eduven.cg.edmonton,2.0.4,38,1
com.gammon.labourallocation,1.2.3,38,1
com.android2.calculator3,6.1.5,38,1
com.newday.emotionallywhitereglobal,1.0.4,38,1
de.appack.project.ns_orte_reutlingen,1.1,38,1
com.forecomm.mondereligion,5.1,38,1
com.mrgames.larvaheroesfree,2.8.9,38,1
hk.com.three.my3plus,2.7.4,38,1
com.netpulse.mobile.ymcaiowamissvalley,1.4,38,1
com.app_fcs2017.layout,1.0.12,38,1
com.init.taglah,1.0.18,38,1
com.customchurchapps.allpeoplechurchbangalore,2.0,38,1
com.cataluxweb.navigationview,7.0,38,1
com.pmreferralapp.awmanage,0.5.14,38,1
appdroid.curlywoof,1.2,38,1
com.plymouthherald,6.11.2,38,1
com.perkins.mnd.mobile.perkinsctme,4.7.0,38,1
com.zoho.reports,3.6.1,38,1
com.tricityherald.android,9.1.8,38,1
com.gamevil.bb2012.global,1.3.1,38,1
com.annuaire_des_services_en_francais_au_manitoba,11.0.29,38,0
com.eduven.cg.greece,2.1.3,38,1
com.brother.mfc.brprint,6.11.1,38,1
com.audiovisualkart,1.0,38,1
com.triactivemedia.hifiplus,6.16.1,38,1
com.radiocanada.android,9.5.0.165,38,0
com.playdekgames.twilightstruggle,1.4.7,38,1
com.complyforms.complyforms,1.81,38,1
com.anuntah.android.cbse_class12solvedquestionpapers,7.7,38,1
com.mysalesforce.mycommunity.C00D6g000004aNPAEA2.A0OT6g000000KyjHGAS,10.5,38,1
org.sdrc.ess,2.1.0,38,1
com.yeastar.linkus,4.10.6,38,1
com.teenpatti.hd.gold.rummy,6.23,38,1
de.bk.tools.feuerw,4.1.1,38,1
com.innovatise.ccgleisure,5.114,38,1
com.videostream.Mobile,1.18.02.27,38,1
ru.mail.search.electroscope,1.74.0,38,1
com.testbook.tbapp.wbicds,6.13.17-wbicds,38,1
plants.vs.goblins2,1.0.15,38,1
yoga.quarter,2.0.1,38,1
com.craftvpn.craft,3.12.1,38,1
en.co.atm.unison,2.9.4,38,1
com.wakeup.howear,hw_4.3.2,38,0
com.stockbit.android,2.3.32,38,1
com.smsrobot.callu,12.8,38,1
com.app_sialaska.layout,4.5.6,38,1
com.prismamedia.gala.fr,5.17.9,38,1
com.hotit,1.0.17,38,1
com.yinzcam.nba.pelicans,2.5.6,38,1
hr.halmed,23.0.3,38,1
com.kfchk.app.and2021,4.0.3,38,1
com.unbound.android.ubnc2l,2.8.15,38,1
com.gloriafood.RestaurantApp,1.3.6,38,1
com.RocketGames.BigHitVegas,1.65.3,38,1
com.od.defectapp,1.0.26,38,1
com.squarepanda.Lagoon,2.10,38,1
com.andromo.dev494239.app739124,1.0,38,1
com.foranj.farmzoo,Varies with device,38,1
com.tm.mms.TeleMessageClientApp.sem,3.37.06,38,1
com.saxo.saxoread,6.2.2,38,1
fr.ouifm.radio,16.0.450.1,38,1
com.msf.currenex.mobile.mbke,4.1,38,1
de.lecturio.android.sac,24.3.1,38,1
com.rsupport.rtc.rsup,7.2.0.241,38,1
com.sophos.smsec,9.7.3524,38,1
com.dsprivatehire.manchester,32.1.10.0,38,1
com.gamegou.PerfectKick.google,Varies with device,38,1
com.cyberland.parentPH,6.9.6,38,1
com.fumbgames.zomtastitc,2.25,38,1
com.tmobile.digits,2.7.7,38,1
com.credicard.app,6.8.8,38,1
com.medpresso.Lonestar.fmdiaglabs,3.6.9,38,1
pl.videostar,Varies with device,38,1
com.technogym.mywellness.activemitchell,6.5.14,38,1
tacx.android,4.39.3,38,1
com.infor.gtnexus.gtnmobile,Varies with device,38,1
com.superb.flashlight.apps.bright,1.0.13,38,1
com.june.think,1.63,38,1
com.bitdefender.parentaladvisor,1.4.7.564,38,1
com.acm_honey,12001,38,1
com.blackboard.community.pike,5.6.20001,38,1
com.EUBrowser,1.0.9,38,1
com.EyesOn.Clicker,246,38,1
com.microsoft.mobile.polymer,1.1.4927.6912,38,1
com.popularapp.periodcalendar,Varies with device,38,1
com.rajesh.okayjourney,1.4.4,38,1
com.placesnearme,2.0.1,38,1
com.conduit.app_989cab2467254834a93f05eb53eda228.app,1.67.121.457,38,1
com.equeo.pro_hygienic,10.11.0,38,1
com.klassapp.jdacademy,4.8.22,38,1
com.playmous.paintthefrog,1.0,38,1
com.samsung.android.gearnplugin,Varies with device,38,1
com.msci.mobileapp,1.1.0,38,1
com.dropthought.app.smartworks,1.1.0,38,1
br.com.qualinfo.app.acadweb.facenemossoro,1.5.9,38,1
ru.mts.mtstv,Varies with device,38,1
com.mmircil.cnb2,2.4.19.66,38,1
com.wcjw.player,9.13,38,1
com.schloukmap.schloukmap,6.3.0,38,1
com.r04r.alfredstreetbaptistchurch703,3.0,38,1
com.coolideas.eproducts.wildernessagent,1.0.10,38,1
com.vedantu.vedantuandroid.prod,2.4.10,38,1
com.cvmaker.resumemaker.cvbuilder.resumebuilder.createcv.createresume.cvtemplate,21.14,38,1
app.fairytrail.release,11.10.5,38,1
com.talosavionics.efis_sense,1.11.0,38,1
com.eduven.cg.norfolk,2.0.3,38,1
com.app_28061601.layout,1.0.15,38,1
com.bookersnap.reservacionesrp,1.1.2,38,1
com.oprah.game,2.26.1,38,1
com.allianz.oneweb.mobile.android.apps.investorRelations,3.0.0,38,1
com.persuasive.speech.topics,1.0,38,1
com.chocspo.chocspoapp,2.1.15,38,1
com.magazinecloner.scotislandsexpo,6.12.5,38,1
com.marketplace.buy.and.sell.free,5.5,38,1
com.eduven.cg.kansascity,2.0.1,38,1
oracle.process.mobile,6.3.0,38,1
com.yd.android.mtstrikeru,3.1.2,38,1
com.x15tech.tarifadinamicav2,1.0.50,38,1
com.testbook.tbapp.pspclje,6.13.17-pspclje,38,1
com.testbook.tbapp.odishari,6.13.17-odishari,38,1
com.flipd.app,4.2.2,38,1
com.justyo,1.6.1,38,1
com.testbook.tbapp.ibpssoitofficer,6.13.17-ibpssoitofficer,38,1
com.cgs.super8greenriverwy,1.0,38,1
events.socio.app1481,26.2.0,38,1
br.com.bmexpress.entregador,14.6,38,1
com.drawexpress.lite,2.1.7,38,1
events.socio.app2665,26.0.0,38,1
com.query.querypickerpro,1.5.6112,38,1
com.seasector.seasectorapp,3.3.2,38,1
com.ingrails.eden_national_boarding_school,3.8.13,38,1
com.triomobilsistemler.triomobilyeni,Varies with device,38,0
uk.co.myfirmsapp.HillierHopkins,10,38,1
com.app_barbaraguam.layout,1.0.2,38,1
com.ongo.pgd,1.0.11,38,1
com.civicapps.kyletx,2022.4.2,38,1
com.sandboxol.indiegame.skywar,1.9.1.5,38,1
pro.enroll,3.1.006,38,1
com.biipbyte.smiles,1.0.1,38,1
com.jetRide.rider,1.33,38,1
arittek.com.befiler,1.0.34,38,1
com.getray.aub,2.0.10,38,1
com.eduven.cg.luxembourg,2.0.8,38,1
com.google.android.apps.chromecast.app,Varies with device,38,1
in.kaaryaa.mrright.customer,3.0.0,38,1
com.ttessential.customer,4.0,38,1
net.sjava.file,4.2.4,38,1
net.ebt.appswitch,1.2.0.610,38,1
com.lonofi.app,2.00.084,38,1
com.q4u.autocallrecorder,21.0,38,1
com.hexnode.mdm.work,11.0.0,38,1
ru.yandex.translate,39.11,38,1
com.testbook.tbapp.ukpsclowerpcs,6.13.17-ukpsclowerpcs,38,1
com.pescafresh,3.3,38,1
com.autodozor.trackpo,2.12.2867,38,1
com.charitydynamics.mskccft,1.9,38,1
com.blackberry.notes,Varies with device,38,1
com.play.playnow,2.4.13,38,1
com.garena.game.hdltw,1.46.92.2141,38,1
com.johnstonesupply.oetouch,Varies with device,38,1
com.liverpool.echo,6.11.2,38,1
com.phantomapps.edtradepad,3.141,38,1
peterman.apps.attendance,1.15.0_19,38,1
com.extremedevelopers.grandtanks,3.06.1,38,1
com.xingjoys.zgirls.gp,1.2.82,38,1
com.dailysheet,4.6,38,1
com.high5.davinci.DaVinciDiamondsCasino,3.0.5,38,1
com.playtika.caesarscasino,4.84.4,38,1
com.momo.mobile.shoppingv2.android,Varies with device,38,1
com.rstgames.roul,1.2.4,38,1
com.smartidea.quickmoneyrecorder,3.4.1,38,1
au.com.nexty.today,3.41.5,38,1
com.wBA3rdyearPsychologyallPaperMCQ_14948804,1.0,38,0
com.rapidfunnel.daisy,7.3.8,38,1
com.eapp.dreamcatcher_wallpapers_mx,2.2,38,1
com.blackandmobilenewapp,2.3,38,1
com.oscarsenior.oscar,7.15.0,38,1
com.tastefood.mobileapp2,21.6.0,38,1
com.Upward.OverLight,1.2,38,1
xyz.be.customer,2.6.32,38,1
jp.ne.ambition.googleplay_nizikano2d_glb,1.0.56,38,1
com.calengoo.android.pubcal,1.0.1,38,1
com.loyaltyplant.partner.fijigroup,112.13.60,38,1
com.nutcache.timelogger,5.3,38,1
com.moodmetric,1.1.0,38,1
com.magazinecloner.ceo,6.12.5,38,1
net.peakgames.lostbubble,2.114,38,1
com.tripoly.usedcarmaster.gp,0.9.6,38,1
com.usmeew.ume,5.9.27.91,38,1
com.snapbizz.dkbazaar,2.4.7,38,0
com.bfansports.sectionpaloise.prod,4.13.6,38,0
com.LCC.Saints.Mobile,1.11.0,38,1
com.pearson.android.readerplus,4.5.1 (1670937835) ,38,1
com.glaznev.whoisthekiller4,3.2.0,38,1
com.fusion.beyondbank,2.21b6,38,1
com.yollty.yollty,4.3.0,38,1
com.ufc.smartbee,5.0,38,1
com.futurenet.photographyweek,6.5.1,38,1
org.entanglemessenger.entangle,1.0.1,38,1
com.customchurchapps.theavenuechurchmorristown,2.0,38,1
com.whiz.burlingtontimes,6.12.3,38,1
pedcall.journal,3.1,38,1
me.sync.callerid,2.39.3,38,1
it.panini.panadit,7.0.0,38,1
com.ecnetwork.crma,5.1.30,38,1
com.tripbuilder.kanpnm365,1.0.2,38,1
versionx.entryPoint,4.6.7,38,1
com.im.imservice2,19.1,38,1
com.brandbassadoras.brandbassador,Varies with device,38,1
com.avidionmedia.iGunHD,5.26,38,1
periodtracker.pregnancy.ovulationtracker,1.085.GP,38,1
gr.pizzafan,2.9.19,38,1
com.hidden.vault.clock,2.61,38,1
org.safe2save.safe2save,2.9.6,38,1
com.concursive.ctihub,3.0.101,38,1
com.fiftyfivestudios.nss,2,38,1
com.itrack.the_residence,3.20.4-342.20191225.112,38,1
com.inform.syncrosupplyOnsite,2.69.4,38,1
ru.yandex.yandexmaps,14.3.0,38,1
br.com.tecfinance.xpmobile,1.42.2.0,38,0
mere.ram.bms,3.0.5,38,1
com.coffye.yourcoffee,4,38,1
com.youth4work.WBJEE,Y4W-1,38,1
kr.co.angames.galaxyconflict.google.android,3.1.1,38,1
ee.apico.kids_mobile_app,1.1.4,38,1
com.highland.android,1.0.2,38,1
in.trainman.trainmanandroidapp,10.0.9.4,38,1
net.e_motto.luhbojo,12.0.0,38,1
com.ymaa.taichibegin_1,1.0.11,38,1
com.nestaway.customerapp,1.4.13,38,1
net.pjfperformance.online.store,4.18.2,38,1
com.tarom.app.ro,2.0,38,1
com.gamespire.worldofgunships,1.4.7,38,1
com.theskirtlady,1.9,38,1
com.zkteco.attendanceassistant,1.1.4,38,1
jp.co.casio.casiolognote,1.0.2,38,1
com.i2c.mcpcc.fairFintech,4.3.9.6,38,1
com.lwi.android.flappsfull,4.14,38,1
de.djb.news,4.0.2,38,1
com.emq.emqapp,20221216.51.5.3484,38,1
com.coveiot.android.titanconnected,1.0.70,38,1
np.com.cheers.www,1.0.1,38,1
com.photofy.android,7.0.13a,38,1
com.mdl.Op_Stap,3.0.2,38,1
com.timesmusic.maiyyakadarbar,1.0.0.1,38,0
com.zincdigital.next,2.0.0,38,1
com.midnightexpress.single,1.0.0,38,1
com.appylife.android,1.3.5,38,1
com.perfectcorp.ycf,Varies with device,38,1
com.mobilesecurity.anti_malware,1.0.1,38,1
com.creflodollarministries.if,2.0.5,38,1
ca.zemind.versus,1.1,38,1
jp.co.ip_dream.mfone_nm,5.0,38,0
com.btminers,1.1,38,1
com.cobalt.app.browser,Varies with device,38,1
com.edokiacademy.zenstudio,1.16,38,1
com.guidebook.apps.WVUGuide2015.android,2022.2,38,1
com.obplanner,5.2.5,38,1
sk.hcslovan.hcslovan,3.3.0,38,1
com.testbook.tbapp.wbtet,6.13.17-wbtet,38,1
com.breezeghana.ui,5.19.5,38,1
br.com.winker.wl.lloyd,2.1.32,38,1
com.guidebook.apps.arcticcircle.android,2022.3,38,1
com.narvii.amino.manager,3.5.34786,38,1
com.ToDoReminder.notes.LifeReminder,9.0,38,1
mobi.foo.lebanon24iPad,3.0.17,38,1
com.prinics.kodakdock,52.00,38,1
com.emtmadrid.emt,9.4.2,38,1
com.s.antivirus,6.52.3,38,1
production.qooxy.customer,5.0.8,38,0
com.testbook.tbapp.mpbed,6.13.17-mpbed,38,1
com.nice.cedi,1.0.9,38,1
com.flavionet.android.camera.pro,Varies with device,38,1
com.quazarteam.Hihome,1.4,38,1
com.softzen.omp,1.0.3,38,1
com.airasiago.android,20.17.0,38,1
com.appstar.audiorecorder,3.19.1,38,1
com.hwpo_training_app,1.3.5,38,1
com.equeo.reckittbenckiser,10.11.0,38,1
co.abetterhome.lighter,1.0.141.0,38,1
c.blowout,3.6.1,38,1
com.EPEL.dragster,1.13,38,1
com.workstationladefense,22.12.02,38,0
com.technogym.pmczuidwestnederland,6.5.14,38,0
com.found.myself,1.23.01,38,1
com.puspack.travel,1.0.11,38,1
com.twopenguinsstudios.safetyplanning,2.1,38,1
solace.esse.soteach,1.1.3,38,1
com.wooribank.smart.mwib,3.5.1,38,1
com.funstage.gta.ma.sizzlinghot,5.42.0,38,1
com.clapfootgames.sectorstrike,1.2.5,38,1
com.tribalgroup.mybradford.wam,2022.11,38,1
com.medtronic.android,4.16.37.880,38,1
com.ist.home.miniforumschool,1.5.16.3,38,1
icici.lombard.ghi,2.2.1,38,1
emoji.cute.led.keyboard,1.4.6,38,1
com.asus.zhenaudi,3.0.51,38,1
br.com.turmadamonica.coelhadasdamonica,1.2.2,38,1
full.circle.brooklyn,2.0.1,38,1
com.retalix.powermobile.rrs,3.3.1,38,1
pt.edp.edpc.solar,1.5.0,38,1
com.wanderlog.android,2.83,38,1
com.onlinemovies.allmovie,7.9,38,1
com.serisat.app,1.0.10,38,1
jp.co.sony.mc.musicpro,1.0.0.A.0.44,38,1
nl.speakap.transcontinental,8.10.25,38,1
com.freefire.idsaccounts,3.1.2,38,1
com.testbook.tbapp.odishapolicesi,6.13.17-odishapolicesi,38,1
com.cakeboxsolutions.crossroads,1.0.84,38,1
im.btok.telegram,5.3.8,38,1
com.manufacturingbiss.wabackup,1.0,38,1
pl.cmsmirage.android.contract4,1.3,38,1
com.magazinecloner.railwaysillustrated,6.12.5,38,1
com.sina.weibo,13.1.0,38,1
com.square_enix.android_googleplay.dq8,1.2.1,38,1
com.autocab.taxibooker.stationtaxis.sunderland,34.0.18.9568,38,1
au.com.digistormeducation.schoolapp.frasercoast,5.0.10,38,1
com.touristmobile.client.derpart,1.1.1,38,1
com.webappclouds.prettyconvenient,1.10,38,1
com.appkarma.app,4.0.15,38,1
com.tad.lammapvc,1.0.1,38,1
br.com.comunidadesmobile_nubiacosta,1.9.156,38,1
vn.com.misa.accountingplatform,R2,38,1
com.autocab.taxibooker.countycar.tipton,34.0.11.8967,38,1
com.local.amjbc,5.6,38,1
com.langkingdom.langkingdom,3.9.5,38,1
com.lifedata.reallife_exp,2.8.13,38,1
com.cellpointmobile.mticket.travelcard.dsb,5.0.2,38,1
com.mobile_infographics_tools.mydrive_ext,4.1.7.31.pro.beta,38,1
com.mygate.user,3.6.0,38,1
com.vpnmastersecurefast.proxy,1.3.5.1025.2,38,1
com.wMostlyMusic_12751403,1.0.5,38,1
lr.com.zeroharm,3.7,38,1
com.lastwoods.bibleinspiration,Varies with device,38,1
com.innospark.rollsam,3.0.2,38,1
br.com.center.ContinentalServicosEspecializados,1.7.0.4,38,1
br.com.citytaxipb1.passenger.taximachine,11.6.1,38,1
com.winngie.win,1.1.9,38,1
com.otoreport.danreload,3.0,38,1
com.africapot.merchant.app,1.4,38,1
com.coreapps.android.followme.tesol,10.2.3.3,38,1
com.relentless.enigmaexpress,2.2.1,38,1
com.zidgyroadlabs.looking,1106,38,1
com.garena.game.fctw,1.32.0.10340,38,1
qosi.fr.hautsdefrance,1.0.29,38,1
com.MandateHB,1.1,38,1
com.matrix.travelcompanion,7.1.9,38,1
br.com.logoali.passenger.drivermachine,13.1,38,1
com.netpulse.mobile.primefitnessclub,1.6,38,1
com.onlinetesteduims,1.0.4,38,1
com.energetic.learn2fly,2.8.24,38,1
com.creativemonkeygames.playcricket.worldt20league,0.1.2,38,1
com.wrpro.camera,1.8.7,38,1
com.consolidated.localsearch,5.0.3,38,1
com.autocab.taxibooker.streamline.york,34.0.14.9231,38,1
br.com.aioria.nufitness_trainer,1.12,38,1
com.healthline.ra,8.6.4,38,1
disasterAlert.PDC,416.7110.200,38,1
com.civicapps.salemma,2022.4.2,38,1
de.appack.project.sv_luenen08,1.3,38,1
com.ikarus.mobile.security,2.0.22,38,1
org.myklos.inote,12.5.1,38,1
com.opera.max.global,4.6.10,38,1
com.recibospronto,1.2.01,38,1
com.testbook.tbapp.mpscsubordinate,5.37.7-mpscsubordinate,38,1
com.comcababerdeen.aberdeen,34.0.10.8742,38,1
com.ezjoynetwork.juicesplash2,1.2.1,38,1
com.appynation.wbsd,Varies with device,38,1
org.agroclimate.saspro,1.0.4,38,1
com.knowledgeware.modelexecutor80.LPGSAFETY_2425385424,8,38,1
per.vmonsanto.mypersonalstats,1.2.03,38,1
insighthealthapps.geniusbiofeedback,21.4.1,38,1
com.teamlava.fashionstory,1.5.6.7,38,1
com.ellevsoft.unreadgmailbadgefree,2.2.15,38,1
com.edu20.NEOLMS,3.0.1,38,1
bd.com.ipay.android,2.9.7,38,1
com.app.smartlabour,Varies with device,38,1
com.chainelsbv.chainels.cmagne,4.1.3,38,0
com.jellyfishconnect.foodserviceandhospitality,6.12.5,38,1
com.pmreferralapp.evolvenevada,0.5.15,38,1
net.scottishrite.srchirp,8.3.6,38,1
com.otoreport.icreloadapp2,7.6,38,1
ru.foodfox.client,2.87.0,38,1
com.wRTBHARAT_11832907,1.0.16,38,1
com.theboujeeblondeco,1.2,38,1
com.sec.print.mobileprint.plugin.onedrive,1.00.18,38,1
com.pccw.finance,3.10.3,38,0
com.makemytrip,8.8.9,38,1
com.apptuse.app408032132,16,38,1
kibostudios.com.ppmessages,1.21,38,1
es.eurocajarural.EurocajaRural,1.0.4,38,1
com.glu.deerhunt2,3.14.0,38,1
com.rockstonedev.bottle,1.0.72,38,1
com.scdi.android.hutoolbox,1.3.2,38,1
q3korea.game.retro.westernbar,1.3.0,38,1
com.dma.author.connect,1.17.0,38,1
com.iparse.maps,462,38,1
com.wBA2ndYearEnglishLiteratureAllPaperMCQ_14948866,1.0,38,0
com.playstation.runsackboyrun,1.0.4,38,1
com.koplagames.kopla01,2.20.1,38,1
com.google.toontastic,1.0.5,38,1
com.nooleus.android.spaceagency,1.9.8,38,1
com.spreedinc.providers.elpasotimes.news,6.12.3,38,1
com.myfitnesspal.android,Varies with device,38,1
com.wisdom.superwinslots,3.11.0,38,1
de.appack.project.tc_bad_duerkheim,1.9,38,1
com.cloudspringtech.kortext,2.4.202,38,1
com.customchurchappsmtlassencommunitychurch,2.0,38,1
io.motuadmin,1.5.8,38,1
com.eduven.cg.madagascar,1.0.4,38,1
com.netaxis.northshields,34.0.14.9250,38,1
nl.speakap.phoenix,8.10.25,38,1
com.miccostumes.store,1.4.6,38,1
com.goswiftgrade1,5.4.2,38,1
com.otoreport.rmreload,2.10,38,1
air.com.hfg.door.room.escape.adventure.mystery.level.lock.key.hidden.cage,2.9,38,1
com.mahindra.pdconnect2_0,1.3,38,1
surname.indian.ikc.indiansurnameswithcastes,16.0,38,1
com.myqaa.psicongress2017,5.0.2,38,1
com.mtsgames.f16drivingsimulator,1.1,38,1
com.signaltalk.mji,22.0.0,38,1
com.zephyrzonestudios.lifeproverbsandsayings,20.0.0,38,1
com.schoolpointe.ky_newportisd,1.0.3,38,1
air.com.tensquaregames.letsfish,6.1.3,38,1
com.webkey,3.16.19-d41ae94e-ui,38,1
just.fashion.fab.shoes.app,3.01,38,1
com.otixo.workspaces,2.0.1.84,38,1
ch.slf.whiteriskmobile,Varies with device,38,1
com.tixsee.mavs,7.4,38,1
