com.weywell.wgame.efunkoudai.se,1.19,32,0
com.idate.interracial,2.3.0,32,0
ua.kulya.speechway,0.5.44,32,1
photo.album.hd.gallery.quickpic,2.8.0,32,0
com.qes.TheFlavorBag,2.10.0,32,0
com.aio_rn,5.19,32,0
com.metrohealthcu.mfm,4005.5.2,32,0
com.vikingalarmapp,1.3.2,32,1
com.rstream.booksummaries,3.0.231,32,0
com.riding_rainbow,1.4.0,32,0
anonymous.sns.community.gravity,6.8.0,32,1
com.edenMarriage,1.5,32,0
com.toonerds.electrify,1.0.6,32,0
com.funqueue.android.wyqdb,1.2.0,32,0
applock.lockapps.fingerprint.password.maxlock,1.0.3,32,1
com.makeshop.podbbang,7.17.0,32,0
com.meisapps.pcbiounlock,1.0.0,32,0
com.mx.tqe,3.0.8,32,0
com.mediastep.shop420,3.7.1,32,0
com.adamsoft.app.gari,4.3,32,0
com.intersales.denversw450,V2.1.6,32,0
co.lily.ecetw,1.4.64.9,32,0
com.cutcom.apparmor.seattlechildrens,1.5,32,1
com.menloseweight.weightlossformen.homeworkout,1.3,32,0
com.shipping.customer,1.4.0,32,0
com.moxtra.boqs,6.5.2,32,0
org.punkeroso.motoanswer,2.0.3 (508),32,0
digital.dispatch.mobilebooker.AlaskaYellowDispatch,4.3.5,32,0
com.cointiger.ex,5.13.0,32,0
co.lenord.ynyvw,1.4.64.11,32,0
com.perfect.yo.call.flash,2.0.2,32,1
com.triologic.jewelflowpro.aufinjahq,2022.11.0,32,0
xyz.stackbox.sbmart,8.6.0,32,0
com.frenzin.visitors,8.7,32,0
com.app.p2657IH,1.25.0.0,32,0
org.kde.kdeconnect_tp,1.22.1,32,0
com.loopreality.mirrorai,2.2,32,0
com.egenius.basaveshwara,1.0.9,32,0
ch.lausannehc.LHC,4.13.6,32,0
com.nhl.gc1314.sjs,22.09.946,32,0
com.application.tvmarrg,1.0,32,0
com.wondershare.filmorago,8.2.02,32,0
com.badgerdigital.the.scenario.game,1.0,32,0
co.martin.vdtdo,1.4.64.9,32,0
co.jack.ufzvx,1.4.64.2,32,0
com.lock.boomercarslockscreen,2.0,32,1
co.shopney.abcbeadsupply,1.3,32,0
com.willowdistrict,1.4,32,0
com.hrplug.ess,22.12.5,32,0
com.zoomtook.quickgstcalculator,3.0.4,32,0
co.groot.rexvg,1.4.64.9,32,0
com.locallybest.com,1.8.1,32,0
com.linku.android.mobile_emergency.app.activity,6.17.0,32,1
com.selfhelp.vsc,2.0.3,32,0
com.leap_,1.0.8,32,0
com.free.lock.screen.pattern.lock,3.5,32,1
magic.video.maker.magicvideomaker,25.0,32,0
com.mbtcart,1.8,32,0
com.boy_bolishning_10_ta_siri,3.0,32,0
co.davos.afvak,1.4.64.9,32,0
com.Mrhoppsplayhouse2.Guide.ABD,1.0,32,0
com.now.newsapp,6.2.5,32,0
com.languagedrops.drops.learn.learning.speak.language.vietnamese.words,36.50,32,0
com.bytexus.factorfox.integrity,1.0.0,32,0
nz.govt.nzte.teketetikanga,1.0.6,32,0
co.lynde.esrwp,1.4.67.2,32,0
ca.craver.americanpizza,4.006.1003,32,0
com.wam.android,6.2.0,32,0
co.fictionlog.fictionlog,7.20.1,32,0
fr.airweb.saintbrieuc,3.9,32,0
com.app.p7971BG,1.10.0.0,32,0
com.habitshareapp,2.1.96,32,0
com.hey.beauty.puzzle.game,1.0.2.9,32,0
com.yaku,1.4.2.0002,32,0
com.marketpeeks.steppingstones,1.0,32,0
com.cardapp.cic_hangyick,3.6.2,32,0
co.shopney.techgoodskw,1.5,32,0
com.boc.bocsoft.bocmbovsa.buss,5.4.8,32,0
com.egrove.eliteonestore,1.0.12,32,0
com.pronunciatorllc.bluebird.chinesecantonese,2.0.6,32,0
co.shopney.winesonlinesingapore,2.0,32,0
com.matrixport.mark,1.7.9,32,0
eu.chainfire.tv.hz,1.01,32,0
co.marshal.fhhtt,1.4.64.9,32,0
com.orange.payroll,10.0.28,32,0
com.echk.run,1.54,32,0
ai.pinetool.mobileapp,1.7.2,32,0
com.pronunciatorllc.bluebird.turkish,2.0.6,32,0
co.bolton.mwlrl,1.4.64.9,32,0
co.edvin.qankz,1.4.64.9,32,0
com.vpn.twojevodpl,2.1.0,32,0
godream.app.gostream,2.11.960,32,0
com.mapitech.lakeoldhickory,5.2.1.1,32,0
com.intimate.dating,4.0.0,32,0
mobi.mangatoon.comics.aphone,3.00.06,32,0
com.xiaomi.router,4.3.2,32,0
com.wPPODEODinosaurtoysPPP_14599399,1.0,32,0
com.spotlightenglish.radio,2.0.0,32,0
com.oasis1.courses,2.9.6,32,0
com.meiqijiacheng.wocute,1.5.61,32,0
com.seeds.investment,0.0.7,32,0
com.sanharabs.GraphMyHealth,3.31,32,0
com.mm.android.direct.gdmssphoneLite,3.53.001,32,0
com.yoump3.youtube.mp3.music.player,1.1.0,32,1
com.devpro.edgephonex,1.2.5,32,1
com.backseatsurfer.mobileappfounders,0.0.18,32,0
com.happybirthdayywishing.photoframes,SM v2,32,0
com.entrepreware.manhattanschools,6.0.45,32,0
com.guestexpressapp.caribbeanresorts,1.6,32,0
com.Franceajalimentaire,1.0.2,32,0
com.merchantportal,2.9.761,32,0
low.carb.weightloss.plan,3.0.255,32,0
com.zoho.zsm,1.25.5,32,0
com.square.crjuices,1.0,32,0
so.hints.app,1.0.1,32,0
it.ccimola.tfolimolaceramica,1.50.0,32,0
com.fastbeetle.connect,2.0.0.2,32,0
com.tvoctopus.player,0.1.10.2,32,0
co.hodor.wnbit,1.4.64.10,32,0
com.tickaroo.enterprise.android7752093899737824318.svbwwertherbruch,4.5.1,32,0
co.nedstark.snjim,1.4.65.10,32,0
com.mi.global.mimover,3.2.2,32,0
com.sanatan.progressreport2010,2.9.4,32,0
co.martin.jmpqa,1.4.64.9,32,0
com.quizizz_mobile,7.13.182,32,0
com.rollerbannermaker,51.0,32,0
co.bran.rohits,1.4.67.2,32,0
com.gwysgux23.nm,,32,1
com.taphex.accessindicators,0.91,32,0
arm.workout.biceps.exercise,Varies with device,32,0
de.webtogo.wenewa,3.8,32,0
com.link.mp3.flash,1.0.3,32,0
com.evoltactive.app2019,1.9.3,32,0
com.gonext.deepcleaner,1.2.4,32,0
com.kisahkitadev.IHaveLoveYouOhSoManyYears,5.1,32,0
com.zonein,3.6.1,32,0
increase.height.workout.app,10.0,32,0
com.rt.pinprickeffect.meditation,5.0.46,32,0
com.app.p2193HH,1.112.0,32,0
com.beeserprovider,4.1,32,0
com.rightapp,30.0,32,0
com.fieldengineer.business,2.0,32,0
com.mednet.dt,1.0.0,32,0
training.fe.felixbyfe,1,32,0
app.com.chefaa,V5.3.75,32,0
com.gopotty.android,0.0.14,32,0
com.videochat.pure,2.4.9,32,0
com.luutinhit.assistivetouch,2.5.9,32,1
com.appbuilder.u2380621p2684880,2.1,32,0
com.sybertechnology.wnb.live.release,2.0.7-1-gbd58758,32,0
vn.vietnamgold,1.0.3,32,0
com.holaping.ping,1.3.0,32,0
com.screentime,5.3.49,32,0
db.com.storytrails,2.4.4,32,0
kr.co.chamsule.firefighting_project,1.5,32,1
com.elconfidencial.rss,7_3_6,32,0
com.mightybell.hrsuperstars,8.93.3,32,0
com.GlobalSoFunny.Sausage,15.07,32,0
com.app.unitednetworks,3.4,32,1
com.circuit.team,teams-3.4.20,32,0
com.rosterimport.app,1.0.31,32,0
net.uniquegem.directchat,1.8.8,32,0
com.psygamesdev.exme,1.0.3,32,0
com.meiqijiacheng.sango,5.1.0,32,0
com.dsiastur.easy_database,21.3.03,32,0
com.jdoe,1.2.32,32,0
co.rios.bozug,1.4.64.2,32,0
com.romaylae.beautifulmorningflowersanimatedand4kimages,9.24.20,32,0
remove.picture.video.watermark.watermarkremove,1.3.9,32,0
com.sykraan.mathewhenrycommentary,1.0.2,32,0
com.cavevision.metube,1.000008,32,0
com.doggoapp.walker,0.0.81,32,0
co.marshal.encms,1.4.64.9,32,0
com.keppelland.mx.placemaking,1.0.0,32,0
com.mc.amazfit1,15.4.8,32,0
com.dgames.g65002004.google,1.0.31.0,32,0
com.nexlab.cii,1.3.4,32,0
com.wCranialNerves_9986276,1.1.84,32,0
com.wachanga.watertrackerpro,2.43.0,32,0
com.verticeapps.bibliaeharpacrista,0.2.101,32,0
co.arya.bhaxr,1.4.64.9,32,0
com.freecords.client,1.0.5,32,0
com.barchart.hbspecialties,2.0.27,32,1
com.wdc.mycloud,4.20.1.2018,32,0
com.mirum.Toyota.alj,1.0.10,32,0
com.toysrusasia.starcard,3.4.7,32,0
com.sonymusic.apollogo,24.0.31,32,0
co.khal.djbmu,1.4.64.10,32,0
com.satteltv.orionplayviptvbox,2.2.3,32,0
com.primary.maths,13.0,32,0
com.mypthub.iaacademy,1.11.11,32,0
co.alicia.apfum,1.4.64.9,32,0
com.funme.shimeji,4.0.4.2,32,0
app.dcdriver.App,1.0.51,32,0
co.rios.xehfz,1.4.64.5,32,0
com.drfocused,1.3.3,32,0
com.excellnet.netbroker,1.3.5,32,0
com.bookR8Mx2bmXO5.reading,4.0.1,32,0
io.nativebase.market.geekyants.taxiappdriver,12.2,32,0
co.lynde.pwfjx,1.4.67.2,32,0
com.quizmine.entandortho,4.3,32,0
org.voipdobrasil,5.0,32,0
com.wansport.app.ctpalau,4.0,32,0
com.x2amigos.Objavi,1.1.7,32,0
uk.org.imec.imecgraduateapp,4.2,32,0
com.zoho.campaigns,2.0.14,32,0
co.shield.apesi,1.4.67.2,32,0
co.lenord.rhapf,1.4.64.9,32,0
com.wOrganicstore_15576558,1.0,32,0
com.cmhk.ueye,3.1.1,32,0
com.dod.digitalmarketing,1.0.04,32,0
com.secureaid.vendorbasic,2.1.5,32,0
djmixer.musicmixer.djplayer.dj,1.2,32,0
be.unleashed.jimmobile,3.0.3,32,0
mureung.obdproject,2.24.80,32,1
com.arx.myarx,2.3.0,32,0
co.shopney.newgenerationmoda,1.5,32,0
com.caredfor.cowc,9.1.2.1669039889,32,0
com.deqod.historic,1.0.7,32,0
com.linwear.top,1.1.1.77,32,0
com.pas.webcam,1.16.6.783 (multiarch),32,0
com.natalyapps.adelgazarbrazos,1.3,32,0
com.mypaga.customer,4.0.8,32,0
co.iron.dbqof,1.4.64.9,32,0
com.meinobjekt.tek,1.2.2,32,0
co.nick.mcbef,1.4.67.2,32,0
com.familyfedmessenger.app,2.5,32,0
fourbottles.bsg.workinghours4b,8.1.1,32,0
wenzr.com.copytoread,Varies with device,32,1
com.master.wonderpoker,58,32,0
com.appsmentor.badmintoncourts.courtnearme,1.1.3,32,0
org.digitalceo.bossup,1.0.6,32,0
home.solo.launcher.free,2.7.7.6,32,1
com.zachtech.usinfo,2.5.3,32,0
com.timatal.employees,3.0.2,32,0
co.jarvis.aimsed,1.4.67.1,32,0
com.p4qehhba87xf.p8mnpop2napp,3.3.19,32,0
com.simyasolutions.writeme.bg,1.1.10,32,0
com.xtourmaker.guestu,6.2.0,32,0
com.onthelist.membership,2.0.4,32,0
com.goder.busquerysystemptl,1.452,32,0
eddy.browser.lionpro,1.9.95,32,0
com.BLAMapp,5,32,0
com.MantanSantri.KeNUanAswajaKelas122017,1.0,32,0
se.karmamobil.mittkarma,2.1.3,32,0
co.tarly.zzjus,1.4.64.9,32,0
com.pronunciatorllc.bluebird.swedish,2.0.6,32,0
com.gotmold.app,1.9.0,32,0
co.nick.ikzrt,1.4.67.2,32,0
co.iceboard,4.6.1,32,0
co.lily.jleoy,1.4.64.9,32,0
com.goder.busquerysystemnyc,1.458,32,0
com.prestigeworldwide.medidiet,5.6.3,32,0
jp.digitallab.ruthgroup,4.1.3,32,0
com.resumebuilder.cvmaker,8.0,32,0
com.freepsychicreading,2.3.5,32,0
uk.co.vivait.apollo.Transave,2.355.1590,32,0
co.marshal.cogmw,1.4.64.9,32,0
com.carajaclasses.courses,3.11,32,0
jp.co.telemarks.security.appguard,6.6.9,32,1
com.aiya.coloring.flowerpot,1.1,32,0
com.wetalkapp,23011722,32,0
com.mspe.FP.FP,2.22.10,32,0
co.alexis.whzqi,1.4.64.9,32,0
co.amy.vgbvb,1.4.64.10,32,0
co.nick.qguwx,1.4.64.9,32,0
airlief.airlief,2.6.6,32,0
com.oasisfeng.greenify,Varies with device,32,1
ie.myonlineradio.onlineradioapplication,2.8.3,32,0
com.birdbuddy.app,1.6.3,32,0
com.pmajayagrawal.financialratioscalculator,2,32,0
ocpets.octech.app,1.0.10,32,0
com.cobaeurope.matsinmind,16.0.0,32,0
com.avira.android,7.16.2,32,1
co.alexis.ufacm,1.4.64.9,32,0
com.infinityidea.thirdeye,1.0.9,32,0
com.geniebook.android,2.21.856,32,0
com.appaag.MichaelJacksonaagexpo,2.1.2020337,32,0
com.wRGNoticias_15249839,1.0,32,0
com.soletienda,1.7,32,0
com.hingin.l2.hiprint,4.11,32,0
com.tiki.live,1.0.1.3,32,0
com.com_hp_innotech_client,,32,0
nl.gosharing.gourban.app,2.1.7,32,0
com.invietnam.nghean,1.4.1,32,0
arun.com.chromer,2.1.3,32,0
com.weatherForcast,59,32,1
lu.sante.app,1.2.5,32,1
com.hrser_app,1.3.1,32,0
com.btows.photo,11.20,32,0
com.tianying.prompt,1.6.1,32,0
com.bp.ccs,2.13,32,0
com.tobait.muhsa.alwajhamedicalappthree,0.6.0,32,0
com.so.xsodl,1.0.1,32,0
com.studiokuma.callfilter,9.3.3.1,32,1
com.landr.mobile.app,0.4.0,32,0
de.halfreal.clipboardactions,2.28,32,0
com.unacademy,2.16.00,32,0
com.tabfit.com,1.1.37,32,0
com.duranno.lifeQT,2.2.8,32,0
com.nutritionix.nixtrack,1.4.8,32,0
co.iron.oevzm,1.4.64.9,32,0
com.signaturetextonphoto.autosignaturestamponphotos,1.2.7,32,0
co.thor.ccpak,1.4.67.1,32,0
com.picmonic.androidapp.medicine,5.3.7,32,0
com.visitwidget.jacksonvillefl,2.6.57,32,0
au.com.realestate.cxss,3.13.0,32,0
com.nooks.nooks,2.0.0,32,0
com.convoy.loaddoc,10.8.305,32,0
com.popspedia,4.6.1,32,0
com.jjstubbs.dozensPremium,1.1.0,32,0
com.music.bgplayer,4.1.11,32,0
com.tyyrapps.andrewtatefakevideocall,3.0,32,0
com.cabify.driver,8.28.0,32,0
com.pearson.ppe,2.4,32,0
co.robin.uhpqm,1.4.63.1,32,0
co.thanos.gtlrr,1.4.67.2,32,0
com.iscape.cropacist,2.0.0,32,0
com.nseshop.nsstudio,1.1.0,32,0
com.harbyapps.ytview,1.2.1,32,0
com.dbs.sg.posbmbanking,22.12.1,32,0
com.downloader.videoplayer.freevideodownloader,3.0,32,0
br.com.ospaulos.taxi.taximachine,15.1.1,32,0
health.outpost.ohappandroidsentinel,2.1.74,32,0
com.qlync.combell,8.0.2,32,0
chat.call.video.theroyaltyfamily,1.2,32,0
com.microsoft.math,Varies with device,32,0
com.iluv.Audclick2,1.0.6107,32,0
com.app.neoflour,1.2,32,0
com.meridyen.chat.sandraciresvideocall,1.0,32,0
com.gbwhatsappp.gbnewversion.statussaver,3.0.0,32,0
com.zerochaos.zcmobile,35.0,32,0
com.sigma_rt.projector_source,2.0.4.1545,32,0
com.sportinginnovations.usloak,1.0.68,32,0
vn.base.sign,1.0.5,32,0
com.visitwidget.travelbelize,2.6.21,32,0
com.awindinc.receiver,1.0.1.7,32,0
com.mytube.floatviewer2,3.4,32,0
com.global.hola.coins,1.19.8,32,0
com.mie.courses,3.8.0,32,0
com.civicplus.ut_syracuse,19.5151.0,32,0
com.thehit.thehit,1.10.0,32,0
com.jdwlgz.xunta,3.4.0,32,0
co.bran.tqyql,1.4.64.9,32,0
com.bookKqyG3TK2kx.reading,4.0.1,32,0
uk.co.onlinebite.sussex.fryers,1.0.1,32,0
com.talkenglish.player,1.2.8,32,0
id.web.bimasoft.smpislampbsoedirman2,2.0,32,0
com.produkekspor.aplikasiprodukekspor,2.1.0,32,0
co.penny.zxddj,1.4.64.10,32,0
com.toleio.bsl,1.03,32,0
com.karmamobile,1.8.276,32,0
com.dispatchirtaxi.user,1.0.2,32,0
com.tillybom,1.18.2,32,0
co.marshal.wiebi,1.4.64.9,32,0
com.nextcx.nays,1.2.5,32,0
com.inovaprog.wrmototaxi,1.0.2,32,0
com.conjoinix.ridepad,1.4,32,0
com.ba.cp.controller,31.22,32,0
co.robin.dufhw,1.4.64.9,32,0
com.vvapp.floatingtube,3.6.9,32,1
com.gigantic.clawee,8.4.1111.0,32,0
com.redfinger.global,1.9.1.3,32,0
fr.geev.application,4.1.3,32,0
com.apowersoft.apowerrec,1.0.4.8,32,1
com.woowahan.vn.merchant,0.62.6,32,0
me.tomhicks.asketchaday,1.42.0,32,0
co.bolton.frffs,1.4.64.9,32,0
com.parascore.parascore,1.49.2,32,0
com.wansport.app.ctsansalvo,4.0,32,0
com.gbversion.gbversion.gbfree,1.3,32,0
com.book.hack.hansonhacking,1.0,32,0
com.eliteall.sweetalk,5.1.4,32,0
com.nams.and.wkabd,1.2.20.2112170940,32,0
com.maxtauro.airdroid,Varies with device,32,1
com.kbcard.cxh.appcard,5.2.2,32,1
com.glamorouschicksheadwraps,1.1,32,0
com.coffye.hugosdeliveries,1.30,32,0
com.wansport.app.TCPolisportivaSermide,4.0,32,0
virus.cleaner.antivirus.phone.security.boost,1.5.3,32,1
co.barney.axdmf,1.4.64.9,32,0
com.wtmp.antitheft.donttouchmyphone.unlock,1.0.5,32,1
com.cardapp.hongkong.wheelock.savannah,3.0.0,32,0
co.comptrain.app,2.5.16,32,0
com.wENGLISHFORTOURISM_15446644,1.0,32,0
com.techmaxapp.hongkongjunkcalls,2.18,32,1
org.pdhinduja.meet,20.3.0,32,0
co.sheldon.snaox,1.4.64.9,32,0
net.meradio,5.1.9,32,0
com.mtech.mydual,2.105.394,32,1
co.george.lkybg,1.4.64.9,32,0
com.hktdc.appgazine,21.9,32,0
kr.kofac.recorderonclass,1.0.0,32,0
com.zayride.passenger,6.10.33,32,0
com.cutcom.apparmor.dfopacific,1.3,32,1
com.siidah,2.3.3,32,0
com.peachu.chat,1.5.8,32,0
com.lifey.thelifeyapp,1.0,32,0
com.rbtech.maranata,1.0.0,32,0
com.game191.rxwzgjf,1.55.112,32,0
com.locket.Locket,1.145.0,32,1
com.tabletmessenger,759.0,32,0
co.loki.tndiw,1.4.64.9,32,0
com.magiconnect.tcast,2.0.166,32,0
com.portalwifi.portal,portal-1.0.136,32,0
com.ingrails.eden_national_boarding_school,3.8.13,32,0
com.cleanteam.onesecurity,1.7.2.7,32,1
com.ncretalho,1.8,32,0
com.mrxw.android.ltgames,1.065,32,0
com.knockKnock.userApp,1.0,32,0
com.makane.babycaresa,1.13.1,32,0
music.mp3.audioplayer,5.7.1,32,1
com.elro.connects.v2,1.0.4,32,1
com.peaksware.trainingpeaks,11.10.0,32,0
com.tang.student,1.0.2,32,0
co.nick.ifpol,1.4.67.2,32,0
network.rand.app,2.0.3,32,0
com.hinteen.forevergofit,2.0.1.0,32,0
com.lego.mindstorms.robotcommander,1.0.8,32,0
com.vbulletin.build_7233,2.4.3,32,0
co.shopney.wheykingsupplements,2.2,32,0
co.martin.mojur,1.4.64.9,32,0
id.co.pintr,3.3.5,32,0
br.com.sensualizemodaintima.loja,1.0.0,32,0
com.goder.busquerysystemsfm,1.451,32,0
com.mobiwhiz.midwestapp,2.0,32,0
co.hodor.jkwne,1.4.64.9,32,0
com.sand.airdroid,Varies with device,32,0
co.twelveam,1.3,32,0
com.ventures317.cleverrx,2.7.2,32,0
com.folkeferie,2.12.1,32,0
com.adyog.adyogairquality,1.4.0,32,0
co.nedstark.jbxah,1.4.64.9,32,0
com.moments.moonlover,1.0.4,32,0
com.vertapps.trash,1.01,32,0
com.videocall.videoringtone.freeringtonecall,1.11,32,0
app.mindshine,3.1.6,32,0
co.robin.ondqw,1.4.64.9,32,0
com.mytoursapp.android.app4989,8.0.103-prod,32,0
co.penny.ocxvk,1.4.64.9,32,0
com.wEngineeringEncyclopediaYoutube_15764046,1.0,32,0
photo.selfie.beauty.candy.camera,5.0.0,32,0
com.europhone.androidapp,1.1s,32,0
co.jarvis.inc,1.4.67.1,32,0
com.MobileGigs,1.0.8,32,0
com.gau.go.launcherex.s,1.14,32,1
kr.co.sbs.videoplayer,2.121.1,32,0
com.app.p6259HI,1.28.0.0,32,0
com.aadviktech.tech.skrecharge,1.3,32,0
in.AajTak.headlines,9.92.3,32,1
com.jrslite,1.0.25,32,0
co.stan.allenc,1.4.67.1,32,0
app.safecam,0.0.10,32,0
com.vcw.videoplayer.hdplayer.video.player,1.0.2,32,0
com.farmersweekly,7.2.1,32,0
com.feeltechnology.feelconnect3,3.15.3,32,0
com.equalizer.musicboost,3.6,32,1
com.fakecall.prankcallzbingz.zbingzcalling.chatzbingzcallvideo.lankyboxcallyou.vlada4bumagafakecall,1.1,32,0
com.rockwellcollins.venue.cabinremote,2.2.16,32,0
com.hungerbox.customer.ms,5.29.0,32,0
com.makane.fullflavorsa,2.0.0,32,0
eu.clifin,1.6.05,32,1
com.photo.android.camera,5.6.0,32,0
com.moxtra.onemotion,8.4.5,32,0
com.nrbeautyshops,1.0,32,0
com.oliveapp,1.3.4,32,0
io.shopz.tcderma90,1.0.3,32,0
com.nhnent.align,0.9.45,32,0
com.pnwrniagd2u.peiqy635app,3.6.4,32,0
com.makane.jop,2.1.0,32,0
co.marshal.xfybu,1.4.64.9,32,0
com.athomewatch.escort.avs,1.0.9,32,0
app.rankpic.rankpic,0.4.34,32,0
com.xvideostudio.vcamera,3.2.4,32,0
com.gabbartapp.usd333,2.1.0,32,0
com.trainerfu.crrt,8.6,32,0
Orion.Soft,10.48,32,1
co.marshal.renpi,1.4.64.9,32,0
com.garmin.android.apps.gecko,4.21.11 (2023-01-11 16:55:02),32,0
co.edvin.owejx,1.4.64.9,32,0
com.ssuniversal.autocallvoicerecorder,1.0.2,32,1
com.kakao.story,Varies with device,32,0
com.dh_schedulerapp,2.5.0,32,0
dev.campione.TheFinestVillas,1.2.1,32,0
com.amberconnect,5.0.2,32,1
com.makane.limitlessconnectionco,1.13.1,32,0
com.Qublix.SolitaireAtlantis,2.30,32,0
com.allstarunion.bap,1.15.1,32,0
com.mightybell.amphonors,8.93.3,32,0
com.makane.afeventsa,1.13.1,32,0
com.mc.miband1,15.4.8,32,0
com.coderunner,1.0,32,0
com.app.hider.master.vault.dialer,3.1.0_c19437bc8,32,1
at.vorwaertssteyr.app,1.7.2,32,0
com.NoYouFall.lofiwpp,1.0,32,0
com.wFreeTemplatesdownload_13813422,1.0.4,32,0
co.thor.oqkuc,1.4.67.2,32,0
com.otiholding.gr.odzilla,2.5.1.GR,32,0
com.ecwid.ShopAt.DigitalIDTechnologies,1.1,32,0
co.george.oyiyx,1.4.64.2,32,0
com.mi.enneapppro,6.0,32,0
com.informationapps.criton.destinyScotland,6.2.0,32,0
com.netease.similar,1.38.0,32,0
net.earthrewards.app,3.11.0,32,0
com.schoolcnxt,6.1.1,32,0
co.barney.ucwoi,1.4.64.9,32,0
com.namit.applock,1.012,32,0
com.theorie24.app,Varies with device,32,0
com.wenweipo,1.1.13,32,0
com.izyhotel.harrishotels,1.0.48,32,0
com.invaluable.connectapp.tgpauction,1.2.1,32,0
com.aruba.uxi.android,1.2.0,32,0
com.immigration_app,2.4,32,0
app.myndfulness,1.0.7,32,0
com.letsappbuilder,3.4.30,32,0
co.jones.kwfuu,1.4.64.9,32,0
co.jarvis.crb,1.4.67.1,32,0
co.marshal.ylbto,1.4.64.9,32,0
co.thanos.uuoyu,1.4.67.2,32,0
buntu.driver,0.41.05-CROWNFLASH,32,0
com.ccs.notice,1.9.0.6,32,1
com.appigatorps.onespotfilespro,,32,0
pl.bsopoczno.naszbank,2.0.8,32,0
london.brunswickeast,10.6.0,32,0
com.sensify.goodcold,1.3.0,32,0
co.edvin.ivtux,1.4.67.1,32,0
org.solovyev.android.calculator,2.2.7,32,0
com.visitwidget.rochesterny,2.6.57,32,0
com.handyclean.storage.cache.phone,1.1.0,32,1
com.mmc.fengshui.pass.gm,1.6.2,32,0
co.sansa.mitbc,1.4.67.1,32,0
com.heospeed.flux,22.1.24.20230104,32,0
co.jack.ygfkj,1.4.64.9,32,0
cz.tollnet.mytocz,1.3.6,32,0
com.mindefy.phoneaddiction.mobilepe,2.1.7,32,0
ma.cleanzy.clients,1.0.10,32,0
com.ravinos,2.2.0,32,0
com.dnt7.threeW,7.11.1,32,0
com.easilydo.mail,1.34.30,32,0
com.zulipmobile,27.199,32,0
com.lelic.speedcam,3.2.5,32,0
com.wKumpulNU_9204556,1.0.2,32,0
com.tsc.riotta,1.1.3,32,0
com.gwdang.app,5.8.2.3,32,0
pt.portugalfinest.app,5.0,32,0
com.jadeblue,3.8.4,32,0
com.indiainfoline,6.6.0.0,32,0
com.shanling.MusicApp,2.3.0,32,0
pl.gov.rdos.kielce.przyroda,1.1.2,32,0
com.fun.video.chat.anuelaacall,1.0,32,0
com.fruits.wallet,2.2.2,32,0
volume.bass.virtrualizer.equalizer.sound.effect,7.0,32,0
com.snapiot.intercept.intercept302studyeu,3.0,32,0
com.site.moka.construction,3.4.6,32,0
co.jorah.grfcw,1.4.64.9,32,0
com.dj_big_ty,1.0.0,32,0
com.albatross.gfxtools,6.1a,32,0
in.honeyandspice,1.1,32,0
com.needstreet.health.hppatient,4.8.158,32,0
cloud.speedcn.speedcnx,V4.2.1,32,0
com.app.p5358JI,6.11.0.0,32,0
com.triologic.jewelflowpro.cnc,2022.12.0,32,0
com.vinhhungle.myrn2021,1.0.0,32,0
com.ptwired.limitlesspt,5.0.0,32,0
com.glitter.internetmeter,2.1.2,32,0
com.showbaby.arleague.armagicgun,1.2.0,32,0
axis_android.axis_android.StLucieTrailGolfClub,22.42,32,0
com.mytoursapp.android.app2273,7.2.16-prod,32,0
com.cjvinyl,1.2,32,0
com.hqowx,22.12.02,32,0
com.hamatim.adwarehunter,adwarehunter.21-11-21.V1.6,32,1
com.connecteamco.mysol.app,8.3.2,32,0
com.myneveo.mobile,3.5.1,32,0
com.estmob.android.sendanywhere,22.11.14,32,0
co.sheldon.gcrae,1.4.64.9,32,0
co.brown.nimnw,1.4.64.2,32,0
com.zingfit.Cycle_Thirty_Three_Mobile,1.14.33,32,0
com.zoho.invoice,5.26.01,32,0
yrd.sq.com.sqybeats,3.2.1,32,0
volume.booster.sound.enhance,1.2.3,32,0
com.alaqidatahawiyya.book.AOVWDBKBQNKWPAQ,2.0,32,0
co.ted.bleeo,1.4.44.1,32,0
com.dokoden.nr_iax,0.9.20210630,32,0
neopplanet.patio.client.android,1.0.13,32,0
com.appbery.appberysenatorwine,1.0.2,32,0
co.com.bbva.mb,7.5.0.46817,32,0
com.duvaworkshop.pompei,1.2,32,0
com.privage.yourtrustedcare,2.7.0,32,0
com.taj.wa.star,10.9.9,32,0
com.streema.simpleradio,Varies with device,32,0
co.bran.uuwoo,1.4.64.9,32,0
biz.memi.iconmusiccenter,10.6.0,32,1
com.immigration_apps.dv_lottery_photo,1.06,32,0
co.stratera.wordmoji,1.6.1,32,0
com.run2gatherapp,3.3.6,32,0
co.alexis.ntfhu,1.4.64.9,32,0
com.homeland.investors,1.3,32,0
com.shreejanatamavidhanusha,2.13,32,0
com.app.testseries.mlvermaclasses,01.01.148,32,0
com.ecwid.ShopAt.WRAccesory,1.0,32,0
