com.mi.earphone,1.6.0i,22,1.0
au.com.setec.rvmaster,3.6.0,22,1.0
com.mlservices.chelmyibata.mlservices,1.0,22,0.0
dutch.schoox,10.3.1,22,1.0
com.adream.robot,1.0.11,22,1.0
azurgames.idle.war,0.13.2,22,0.0
com.yxhjandroid1.uhouzz,7.31.0,22,1.0
com.PlayrockStudios.RCHelicopterAR,2.1.2,22,1.0
com.kocsistem.workplace,20.2.31,22,1.0
us.kr.baseballnine,2.1.0,22,0.0
com.afl.afl_rich.android,6.1.2,22,1.0
com.fugumobile.here,1.3.1,22,1.0
com.boltrend.cloudia,3.0.6,22,1.0
com.seedonk.android.androidisecurityplus,2.4.6,22,1.0
share.filetransfer.app,1.3.0,22,1.0
com.bitdefender.centralmgmt,3.1.10.88,22,1.0
com.Eagle.bird.flying.FlyingGriffinSimulation3d,0.2,22,0.0
cn.com.htoe.htpufo,1.2.1,22,1.0
digifit.android.virtuagym.pro.fittechnz,10.4.8,22,1.0
com.thespikesstudio.ps.master.knife.hitthrow,1,22,0.0
com.tsvms.eyepro,1.7.2.6.1,22,1.0
com.yolansin.fun.dv,2.0.8,22,1.0
com.lwi.android.flappsauto,4.11.1,22,1.0
digifit.android.virtuagym.pro.leisureworldfitness,10.4.8,22,0.0
com.tomtom.gplay.navapp,3.6.100,22,1.0
de.fleetlogistics.mobilitycontrol,2.1.7,22,1.0
com.fishing.voyage.android,2.0.30,22,1.0
it.loescher.montanari,1.0.3,22,1.0
com.mventus.selfcare.activity,9.8.2,22,1.0
com.airstarbank.mobilebanking,4.7.0,22,0.0
com.pixelkeep.towerofbabel,2.43,22,0.0
eu.vanpi.pekaway.twelve_solutions,1.0.3,22,1.0
com.freeyoutubemusic.chictunes,1.2.0,22,1.0
mx.uv.miuv,2.2.6,22,1.0
com.security.xsense,1.0.1,22,0.0
com.lotus.sync.traveler,12.0.17.0 202212011527,22,1.0
com.tplink.skylight,3.1.20,22,1.0
com.veeapps.simplespeed,4.0.5,22,1.0
kr.co.onefirst.goodlock,2.0.36,22,1.0
com.owlsmarter.mobile,2.5.0,22,1.0
com.rsimaginations.roomheater,1.0,22,0.0
com.hamiltonmedical.lina,1.2.3,22,1.0
com.sophiakingdom.skphotovideomakerwithmusic,1.0,22,0.0
com.mippin.android.bw.m1216,6.11.2,22,1.0
com.vison.macrochip.hs.fpv.v2,1.4.1,22,1.0
xyz.penpencil.krantikarienglishapp,12.0.5,22,1.0
com.shirajo.smart.watch,1.0.0.39,22,1.0
de.kiosk.wr.android,Varies with device,22,1.0
ru.tomatopizza,4.4.2,22,1.0
org.softmotion.fpack.lite,Varies with device,22,1.0
smile.ringotel.it,Varies with device,22,1.0
com.bitmatrix.cordlesstransfer,1.5,22,1.0
com.app_fallbrookapp.layout,4.5.6,22,1.0
digifit.android.virtuagym.pro.districtpt,10.4.8,22,1.0
com.mediator_software.ivry,1.1.7.1,22,1.0
com.silkyapps.modren.m.lock,2.3,22,1.0
muslim.files.phoneclean.booster,3.1.78.1,22,0.0
com.coreapps.android.followme.aect,10.2.1.3,22,0.0
scan.antivirus.security.koulitime,2.534.2,22,0.0
com.juanvision.jcloud,3.4.37,22,1.0
com.otiholding.uat.th.odzilla,2.2.5.UAT.TH,22,0.0
com.textmeinc.textme,3.33.17,22,1.0
com.purple.dns.safe,1.20,22,1.0
girsas.wifiradar,4.05,22,1.0
com.moxtra.gpprusa,7.8.3,22,1.0
no.win.fly,1.0,22,0.0
com.kmstore.simplusfcm,Varies with device,22,1.0
com.addcn.android.hk591new,5.17.5,22,1.0
org.bloomberg.connects.docent,3.17.0,22,1.0
com.dating.mirchi,2.2,22,1.0
com.airborneathletics.dr_dish_player_app,3.0.4,22,1.0
magic.video.maker.magicvideomaker,25.0,22,1.0
com.polydice.icook,Varies with device,22,1.0
spa5.android.app,2.0,22,1.0
fb.com.foradview,30,22,0.0
com.greencopper.android.saintlaurent,7.0.0,22,0.0
com.unionbank.commercial.cardmanager,2.0.2,22,1.0
com.rtoinfo.drivinglicence.onlinedrivinglicenceapply,11.0.8,22,1.0
image.translate.language.transme,2.4.2,22,0.0
com.mg.android,5.6.8,22,1.0
jp.pioneer.mbg.avh.caravassist,1.2.0,22,1.0
com.playmage.DragonTear,2.18,22,1.0
com.naturalmotion.csrracing,5.0.1,22,1.0
com.gamebud.talkingtom,1.03,22,0.0
com.x.srihome,21.9.24,22,1.0
com.music.blade.beat.force,2.3.3,22,1.0
com.peopleapp.en,3.2.4,22,1.0
com.elitech.smart.scales,1.9.0,22,1.0
com.remote.universalacremote.accontroller,1.2,22,1.0
com.hndk.brsqs,1.4.2,22,0.0
com.easyapps.txtoolbox,1.6.6,22,1.0
com.shinhan.sbizbankold,4.8.0,22,1.0
do.split.workout.stretching,3.8.92,22,0.0
com.namely.NamelyClock,1.38.1,22,1.0
by.st.priormobile.yur,2.18.1,22,1.0
com.wooriwm.mugsmart,9.01,22,1.0
com.magoe.gscheickantadiop,1.1,22,1.0
cat.ccma.androidtv.tv3,1.2.8,22,1.0
com.instarntreelmaker.mvvideostatus,2.0.3,22,1.0
br.com.radiosapp5.cnmusic,1.0,22,1.0
com.syska.donna,1.0.3,22,1.0
com.myfitnesspal.android,Varies with device,22,1.0
com.yisingle.print.label.leminyun,3.2.5,22,1.0
coraltravel.ru.coralmobile,3.3.0.CORALTRAVEL.RU.PROD,22,1.0
com.crm.filofax360.reporting,9.1,22,1.0
com.custom.dsh680.Carcam,2.1.0423,22,1.0
com.stgame.slots.cash,6.0.0.440,22,1.0
com.empik.empikfoto,1.49.1,22,0.0
com.emagroups.fs,1.1.5,22,1.0
com.togetherFun.Ramen,3.8.3,22,0.0
com.launcher.os14.launcher,4.0.2,22,0.0
com.workspot.client.workspotandroid,5.1.0,22,1.0
backgroundremover.image.background.remover.photo.background.remover,1.1,22,0.0
crazygames.games.rbm,1.71,22,1.0
com.samewe.foreigner,1.1.38,22,1.0
com.eelectron.virtualbadge,2.0.11,22,1.0
com.rastargames.maplestory,1.0.32,22,1.0
com.adultfriendfinder.adultfinder.adultfriend.xbuddyfinder,1.0.3,22,1.0
com.pocketdigi.rebate,1.2.3,22,1.0
com.flashexpress.backyard.commercialization,1.5.4,22,1.0
com.nine03bb.smarthome,22.4.1,22,1.0
ph.gov.quezoncity.qcibizview,9.0.196,22,0.0
com.hdvideodownloader.all.downloader,1.0.0,22,1.0
it.candy.simplyfi,3.4.6,22,1.0
com.gannett.dolly.Wildcats,6.12.3,22,1.0
com.cmc.printerutility,,22,1.0
com.compathnion.moko,1.6.2,22,0.0
com.wGDSquare_16338247,1.0.2,22,1.0
com.os.gosing,8.1.6.1088,22,1.0
jp.ne.ecatv.free_wifi,1.1.1,22,1.0
anyshare.sharefiles.sharemusic.shareapps.filetransfer,1.9.0,22,1.0
com.viettel.tv360,2.0.33,22,0.0
com.declaree.utexpenses,2.2,22,1.0
com.zhangyue.read.comiccat,1.1.6,22,1.0
com.samsung.android.gearnplugin,Varies with device,22,1.0
digifit.android.virtuagym.pro.sundp,10.4.8,22,0.0
com.felix.wxmultopen,2.1.2,22,1.0
com.avira.android,7.16.2,22,1.0
com.hy.ht60,1.0.3,22,1.0
com.house101.house101,2.1.7,22,1.0
dlink.wifi_networks,1.0.1069,22,1.0
com.app.diaz,1.0.2.0122,22,0.0
com.newborn.games.emergency.injection.simulator,73.29,22,0.0
com.herogame.gplay.lastdayrulessurvival,5.3,22,1.0
za.co.nedbank.privatewealth,6.3.1,22,1.0
jp.co.canon.ic.caca,1.4.0.6,22,1.0
com.younexe.sowar.harf.p,18,22,0.0
com.minorfoodgroup.rider.delivery1112.one,4.3.31,22,1.0
de.consoft.gsh.comfort.connect,1.0.2,22,1.0
vegan.recipes.diet.plan,1.0.110,22,0.0
fast.explorer.web.browser,5.9.2,22,1.0
com.tattoo.body.name.girls.boys.photo.editor,2.3.2,22,0.0
com.yamaha.av.mmc,1.20,22,1.0
com.agame.qxdj,1.0.3,22,0.0
app.locker.fingerprint.applock.lockapps,1.4.62,22,0.0
com.rcPatient,5.9.4.7047,22,1.0
com.launcher.ios11.iphonex,8.7.8,22,0.0
com.madgun.gmdietweightloss7days,1.2,22,0.0
com.savetheball.brain.puzzle,1.2.1,22,0.0
digifit.android.virtuagym.pro.andersonbrandao,10.4.8,22,1.0
com.app_lawntreescurrent.layout,1.0.10,22,1.0
maxcom.toolbox.free,1.8.7.AF,22,1.0
com.tridecimal.sportsfan.footballfan,2.6.13,22,1.0
com.modogame.xtlq.gf.android,2.3.8,22,1.0
com.wifiaudio.HiFly,3.1.11.211221,22,1.0
www.vscomm.net.AudioCam,140,22,1.0
com.willdev.ProjectBreach,4.6,22,0.0
com.mmc.fengshui.pass.gm,1.6.2,22,1.0
com.puzzlegame.puzzledom,8.0.39,22,1.0
com.chat.pickzon,1.4.8,22,1.0
com.tobiipro.controller,1.16.4,22,1.0
com.innovationmoods.windix10launcher.release,1.0.44,22,1.0
com.here.lastmile.driverapp.fl,v2.21.0,22,1.0
com.wephoneapp,23011821,22,1.0
com.sks.android.neojoopasoo,3.3.02,22,1.0
com.AIWebcamsolution.zxd,1.0,22,1.0
com.czs.bermudatriangle,3.98,22,1.0
com.fancyclean.security.antivirus,3.6.13,22,1.0
com.wMadhyamikEnglishSuggestion_14801188,1.0.1,22,0.0
com.lapay.datacontrolwidget,1.7,22,1.0
com.ouyi,5.2.9,22,1.0
com.jetRide.rider,1.33,22,1.0
com.find.phone.gps.locator.location.tracker,2.5.2,22,1.0
com.ThreeMonkeyGames.Sowhatmonkeybutt,1.5,22,0.0
com.prime.on,1.1.0,22,1.0
com.pixlpark.cheese.android,1.5.3,22,1.0
com.merge.hometown,0.6,22,0.0
com.ruhax.cleandroid,9.7,22,1.0
com.life360.android.safetymapd,22.15.0,22,1.0
io.AEpartners.dcloud,1.6.10,22,1.0
com.bkclasses.app,2.01,22,1.0
com.bakbak.pro,1.5.8,22,1.0
ru.owen.cloudcontrol,1.2,22,1.0
com.cyber.tank,1.2.7,22,1.0
com.hunk.tt,28.0,22,1.0
com.auto.wallpaper.live.background.changer.editor,2.4.8,22,1.0
com.messaging.textrasms.manager,96.3.0,22,1.0
com.mobileloft.alpha.droid,4.4.21,22,1.0
com.lucidsws.pkbrowser,2.0,22,1.0
storysaver.reelssaver.inst.adownloader.instsave,2.8.2,22,1.0
com.prudential.android.RetirementParticipant,6.3.0,22,1.0
com.usatoday.android.news,Varies with device,22,1.0
com.aruba.cloudauth,1.4.0.2208260,22,1.0
ultra.colorful.phone.themes.ringtone,3.03.00.00,22,0.0
com.panasonic.technicsaudiocenter,2.4.0,22,1.0
com.xscoder.mysteryboxevo,1.28,22,1.0
com.intenselab.verdeetg,1.1.5,22,1.0
com.herogames.gplay.crisisactionsa,4.4.8,22,1.0
it.cmh.sbnsanbonaventura,1.0.1,22,1.0
com.pearsports.renewactive,1.1.2,22,0.0
nl.oberon.tmobile.my,Varies with device,22,1.0
com.tribyte.aakashpgplus,1.0.4,22,1.0
com.biconomy.ex,1.4.39,22,1.0
com.dlink.QRSmobile,version 1.5.2.0 b01,22,1.0
com.mc900.mc900,1.1.0,22,1.0
com.sportapp.PBbifen.zuqiusf,1.0,22,1.0
com.wTpBooWallpaperHDLive_16306456,1.0,22,0.0
com.ustargames.solitaire,1.0.12,22,0.0
com.bigdog.games.breakthesun,1.22,22,0.0
com.casttotv.chromecast.smarttv.tvcast,1.1.6,22,1.0
com.manageengine.wifimonitor,2.7.1,22,1.0
com.chaos.superapp,2.49.0,22,1.0
com.sprint.multiline,3.04.01,22,1.0
com.vizada.intern,Varies with device,22,1.0
digifit.android.virtuagym.pro.dcpilates,10.4.8,22,1.0
fg.mdp.hr.fwapp,3.7.3,22,1.0
com.byjus.thelearningapp,10.15.1.15439,22,1.0
com.dhgate.buyermob,6.0.5,22,1.0
com.tccarsmart.tccarsmart,2.46.0,22,0.0
org.jght.turnigy.zone,0.9.7.20,22,1.0
gps.maps.navigation.offlinemaps.drivingdirections,4.2,22,1.0
com.noveltycarduser,3.0.2,22,1.0
com.ntk.bkcam,2.0.4,22,1.0
de.android.telnet,5.74.03,22,1.0
com.clatter.android,1.7.0,22,1.0
digifit.android.virtuagym.pro.primitivepowertraining,10.4.8,22,1.0
com.youloft.calendar13,6.4.0,22,0.0
com.eyougame.xjhx,45.0,22,1.0
com.oecfiber.smarthome,22.4.1,22,1.0
com.lwsipl.striplauncher2.pro,26.0,22,0.0
com.spectroanalyz,2.71,22,1.0
air.com.gctech.WebCamPokerClub,Varies with device,22,1.0
aerobics.workout.home,1.3.86,22,0.0
com.noside.norman,1.3.5,22,1.0
com.medpresso.Lonestar.fmdiaglabs,3.6.9,22,0.0
digifit.android.virtuagym.pro.vitalpalace,10.4.8,22,1.0
com.kcas_corp.game.picillucas,1.0.21,22,1.0
com.plymouthherald,6.11.2,22,1.0
com.fourgswitcher.eliteswitchnetwork,1.8,22,1.0
com.midva.HiddenObjectPlayground,2.1.1,22,0.0
com.sovereign.livevideocall.randomvideocall.globalcall,1.6,22,1.0
com.midva.HiddenObjectEnchantedCastle,2.1.1,22,0.0
com.qr.om,1.1,22,1.0
kr.go.keis.worknet,4.2.6,22,1.0
com.sky.big.skybigbang,1.5.0,22,0.0
com.whereum,1.7.7,22,0.0
com.nestia.popcorn,1.0.1,22,1.0
com.tenda.security,1.1.7,22,1.0
net.aaavpn.aaa,1.0.3,22,1.0
com.bear.applock,3.3.2(76),22,0.0
com.tony.molink.moview,5.6,22,1.0
com.ucebrowser,1.0.40,22,1.0
com.spreedinc.providers.gatehousemedia.timesreporter,6.12.3,22,1.0
com.pecana.iptvextremepro,119.0,22,1.0
com.tap4fun.ape.gplay,0.50.5,22,1.0
com.wooricard.smartapp,9.0.8.8,22,1.0
com.game.SuperMii,3.9.9.23,22,1.0
mobi.drupe.app,3.15.3.2,22,1.0
com.touchtechnologies.dexprofile,2.50,22,1.0
com.tools.netgel.netxpro,10.0.0.0,22,1.0
com.phoenix.ghf.tw,0.0.1.7,22,0.0
com.hidemyass.hidemyassprovpn,5.69.6519,22,1.0
com.snappii_corp.manufacture_inspection,1.0.19,22,1.0
com.languang.mfstore,2.0.7,22,1.0
com.radioenge.radioengeconfig,1.15.1,22,1.0
com.greencopper.wilderness,2.1.0,22,0.0
com.niba.oneenough,1.8,22,0.0
org.lafcu.banking,6.14.10,22,1.0
com.surveycto.collect.android,v2.80,22,0.0
com.honeycam,1.23.2,22,1.0
kr.co.ladybugs.fourto,4.00.29,22,0.0
com.sportinginnovations.uslqb,1.0.66,22,1.0
com.motorola.readyforassist,00.00.1023,22,1.0
opq.shga.zdjc,,22,1.0
com.ivianuu.pie,2.3.4,22,1.0
com.msearcher.camfind,5.0.2.6,22,1.0
com.t11.skyviewfree,3.7.1,22,1.0
com.multibrains.taxi.passenger.balicabtrans,0.41.05-CROWNFLASH,22,1.0
com.ace.ex.file.manager,1.3.4,22,1.0
com.taurus.homeland,1.0.2,22,1.0
net.qrbot,Varies with device,22,1.0
faithapp.tigerinnovations,1.5.6,22,1.0
com.teqtic.leandata,4.1.3,22,1.0
com.geomobile.tiendeo,5.23.4,22,1.0
go.english.BattleShipHunter,3.12.1,22,1.0
com.shereadapp.reader,1.5.4,22,1.0
com.duiud.bobo,2.37.2,22,0.0
com.riatech.cocktailRecipesNew,Varies with device,22,0.0
com.royalheritage,1.8.1,22,1.0
kr.mintech.btreader_hk,3.0.74.2,22,1.0
com.playfake.socialfake.tikjoke,1.2.0,22,0.0
mobail.viva.wyndham,1.4.2,22,1.0
com.global.globaloiler,3.3.1,22,1.0
jx.lv.gt,1.0.7,22,1.0
co.bytemark.flamingo,4.68.1,22,1.0
amazon.browser.video.downloader,1.0.12,22,1.0
com.deviceinfo.mobilelocationsim,1.0,22,1.0
projector.phoneprojector.hdvideo.projector,3.1,22,1.0
com.xinlukou.metromanbj,10.5.2,22,1.0
de.appack.project.rgo_tennis,1.0,22,1.0
com.circlemedia.circlehome,2.1.11.1,22,1.0
com.wavelink.velocity,2.1.26.22285.fc03dde,22,1.0
com.bitaksi.musteri,6.0.2,22,1.0
app.kidslearning,0.0.4,22,0.0
co.theguru.historycolorado,5.12,22,0.0
com.yy.hiyo,5.9.2,22,1.0
hk.aceplaying.defender,2.5.0,22,1.0
com.gto.gtoaccess,1.3.18,22,1.0
com.dts.freefiremax,2.97.1,22,1.0
com.shilladfs.shillaEnMobile,2.5.3,22,1.0
com.sophos.smsec,9.7.3524,22,1.0
com.dronesmadeeasy.mappilotproandroid,1.2.7a,22,1.0
com.vostic.android,1.75.3,22,1.0
com.eatme.eatgether,5.6.2,22,1.0
com.sivastech.batterysever,1.2.13,22,0.0
com.vk.im,1.150,22,1.0
com.zimi.smarthome,1.1.72,22,1.0
de.pathec.hubapp,1.6,22,1.0
com.purplekiwii.vegaskeno,1.0.33,22,0.0
org.warmixare2,2.4,22,0.0
com.antivirus.s.security.booster.speedup,1.3.8,22,0.0
johnny.schoox,9.6.2,22,0.0
digifit.android.virtuagym.pro.bluelifestyle,10.4.8,22,1.0
com.cut.paste.photo.editor.photo.collage,1.55,22,1.0
com.adl.appshaker,1.7.4,22,1.0
com.medinaz,1.7,22,0.0
br.com.zeroum.turmadagalinha,5.34.7,22,1.0
com.wMoney_14809428,1.0,22,0.0
com.screencast,6.6,22,1.0
com.tripbucket.newzealand,6.0,22,0.0
com.fsecure.freedome.vpn.security.privacy.android,Varies with device,22,1.0
com.baiduri.mobile,1.6,22,1.0
com.wiapp.smart,1.0.0,22,1.0
me.dreamsky.leagueofstickman2paid,1.1.8,22,1.0
com.wPkMessenger_16343977,1.0,22,0.0
com.app_clarkcountyparksandrec.layout,1.0.5,22,1.0
com.adventoris.idealproduce,1.1,22,1.0
theme.emotion.feeling.beautiful.pink.flower.launcher.wallpaper,2.0.50,22,0.0
com.carnival.gxi.ocean.compass.medallionclass,3.0.106525,22,1.0
com.phuongpn.whousemywifi.networkscanner,1.8.4,22,1.0
com.titans.happytown,1.0.4,22,0.0
com.a.one.wjgl,1.1.3,22,1.0
au.com.presotea.presotea,2.21.0,22,0.0
com.systweak.checkdatausage,4.1.5.29,22,1.0
ww.fbd20220325,1.0.2,22,1.0
and.onemt.war.ar,1.16.26,22,0.0
com.lw.highstylelauncher.pro,54.0,22,1.0
com.cbmmv.cbmdigital,1.4.7b1.2.f8954b6.9,22,1.0
com.GameKore.RealFlashLight,1.7,22,0.0
com.universalstudios.hollywoodresort,1.50.0,22,1.0
de.rewe.app.mobile,3.3.0,22,1.0
com.nandbox.nandbox,1.6.760,22,1.0
com.lp.teckin,1.1.8,22,1.0
com.camattendance.terminal,0.9.22,22,1.0
com.mwlighting.smartiot,1.0.3,22,1.0
mediawire.printstand.mobile.presentationcnatlarge,40.20,22,0.0
com.bww.bmp,2.39,22,1.0
co.theguru.sch,4.995.04,22,1.0
com.nexudusspaces.patch,3.1.14,22,0.0
com.goplay.cc.coolcut,1.3.0,22,1.0
com.ekocustom.tm,14.20.2 - 1641278326 (6f2e12a01e),22,1.0
com.nhl.gc1314.sjs,22.09.946,22,1.0
com.growatt.shinephones,7.1.1,22,1.0
com.easywork.easycast,1.9.0,22,1.0
fr.securidex.securidex,1.6.7,22,1.0
com.paltel.mobapp,7.0.0,22,1.0
co.infinitysoft.vpn360,4.5.0,22,1.0
com.foursakenmedia.bugheroes2,1.01.04,22,1.0
digifit.android.virtuagym.pro.getshaped,10.4.8,22,0.0
com.neemo.domesfiha,9.19.14,22,1.0
com.carolgames.gxb,1.579.0,22,1.0
com.pnd.shareall,1.1.48,22,1.0
com.meetcircle.circle,2.31.3.3,22,1.0
com.brother.mfc.mobileconnect,1.9.3,22,1.0
com.treydev.micontrolcenter,18.4.1,22,1.0
com.cleanteam.onesecurity,1.7.2.7,22,1.0
com.tknovel.tkreader,1.0.1,22,0.0
com.puzzles.commanders,,22,1.0
com.tmeapps.go.launcherex.theme.love,1.296.1.189,22,0.0
francetouristic.circuit.orleans,6.6.9-orleans,22,1.0
com.cleaner.fastcleaner.booster.security.clean,1.2.8,22,0.0
com.xavor.smartfan,1.0.1,22,1.0
com.yinzcam.nfl.titans,3.4.2,22,1.0
com.gannett.local.library.news.newsleader,6.12.3,22,1.0
com.kdnavien.navilink,1.09.00,22,1.0
com.dmsl.anyplace,2.5.5,22,1.0
com.swapcard.apps.android.epacongressandexhibition,4.54.0-1,22,1.0
ru.mosmetro.metro,3.5.23,22,1.0
abirodroid.mi,19.1,22,0.0
com.hkstarie.hellolive,1.8.9,22,1.0
es.mobail.staff,1.5.7,22,1.0
com.ashubin.taskscontrol,2.7,22,1.0
tw.com.off.hkradio,2.1.6,22,1.0
com.lw.multi.superclass.gp,1.0.5,22,0.0
com.bombayplay.TwentyNine,p10000000006,22,1.0
qrcodegenerator.qrcreator.qrmaker.createqrcode.pro,1.01.62.1202,22,0.0
com.hhodata.android.hholove,1.6.0,22,1.0
com.tapplus.zg.gp,,22,0.0
iTunes.Sync.Android,6.9.18,22,1.0
com.changhong.scmscreensynergy,3.0.016,22,1.0
com.favor.katino,1.4.6,22,1.0
com.fitofitness.breast_workout02,1.0.14,22,0.0
com.avg.android.vpn,2.59.6454,22,1.0
com.navi.driver,1.2.3,22,1.0
dm.watchfaces.miband5,1.0.9,22,1.0
com.john.enjoy,1.6.5,22,1.0
eu.chainfire.dslrcontroller,1.06,22,1.0
com.longdo.cards.lek,7.1.64,22,1.0
com.study.pianparnter.google,1.1.8,22,1.0
com.yomaster.yogaforbeginner,3.4,22,0.0
com.impresa.opta,2.0.13,22,1.0
com.fusionbank.vb,3.3.0,22,1.0
com.dragonpass.en.mcmea,1.3.2,22,0.0
info.kfsoft.phonemanager,1.0.41,22,0.0
com.soft.longerurc1006,1.0.8,22,0.0
com.riatech.arabicrecipes,11.16.360,22,0.0
com.timxon.cptool,1.4.0,22,0.0
com.mobilemodem.usbtethering,1.2,22,1.0
com.app_goelizabeth.layout,1.0.5,22,1.0
com.ssccgl.ssccglpreviousyearpapers,5.0,22,0.0
com.mobiloitte.hrms,1.2.3,22,1.0
com.app.classera.alarabianational,6.9.1-production-alarabianational,22,0.0
com.cbonmobile,1.0.5,22,1.0
com.hp.quickdrop,1.0.12003,22,1.0
com.shujiu.litchat2,2.32.0,22,1.0
pl.unityt.msc.android,3.3.4 (1875),22,1.0
com.zjw.zhdfue03,2.0.5,22,1.0
com.app.cankurtosgb,1.7,22,0.0
com.scripps.naplesnews.mobile,6.12.3,22,1.0
com.video.boratalks,1.9.1,22,1.0
makeover.puzzle.match.blast.fashion.home.design.decorate,1.5.5389,22,0.0
com.zmgzs.android.overseas.texas,2.220.2.220,22,1.0
com.behringer.android.control.app.x32q,1.1,22,1.0
com.pinebeachbelek.hotelapp,3.4.5,22,1.0
com.weather.forecast.hanaaapps,1.1.6,22,1.0
com.sand.airmirror,1.1.2.5,22,1.0
kvp.jjy.MispAndroid320,Varies with device,22,0.0
com.spindle.orc,1.5.2,22,0.0
com.onepunchman.ggplay.tw,Varies with device,22,1.0
com.maceAlert,1.1,22,1.0
com.miuicontrolcenternotifitication.miuicontrolcenternotifitication,1.2,22,1.0
com.app_pcinstitute.layout,4.5.8,22,1.0
org.foodangel.app.afd,3.2.1,22,1.0
cz.rb.app.smartphonebanking,5.2.2,22,1.0
con.macrochip.holy.hs.gps,2.2.4,22,1.0
com.vegas.winner.slots,1.0.0,22,0.0
com.actobica.estpizza,2.0.18,22,0.0
com.o2nails.v11,2.7.8,22,1.0
com.cbl.lighting,1.0.5,22,1.0
vegan.curvy.dating,1.1.2,22,1.0
com.jpmm.go,3.7.6,22,1.0
com.spellsoftstudio.eldenshell.mortalring,0.9.5,22,0.0
com.appmind.radios.in,2.8.4,22,1.0
com.dvcare.smart,3.18.2,22,1.0
com.mobileroadie.app_39169,6.24.03-5-g43dac61,22,0.0
com.trueknownewgame.ec2,4.0.11,22,0.0
com.yinzcam.nfl.saints,3.5.0,22,1.0
com.cashstorm.slots,2.0.0,22,1.0
com.meraki.sm,5.8.16,22,1.0
de.pm.iapps,2.4.8,22,1.0
it.perryhome.perry,1.0.14,22,1.0
info.plux.ddme.management,,22,1.0
com.EUBrowser,1.0.9,22,1.0
com.voka.gentok.tiktokdownloader,2.7.5,22,1.0
com.mitake.android.scb,6.0.46,22,1.0
com.conversdigitalhd,3.2.53,22,1.0
com.kingfish.rose,30,22,0.0
ae.etisalat.switchtv,2.212.4/AC21.2.4/4bf02c482f,22,1.0
com.github.supertvlauncher,V2.37,22,1.0
com.skyfiberinternet.smarthome,22.4.1,22,1.0
com.stedor.instashop,7.8.3,22,1.0
com.hhcontrol.smart,1.0.0,22,1.0
com.huami.watch.hmwatchmanager,7.4.6-play,22,1.0
com.jasecure.manager,2.1.0,22,1.0
com.asus.wifiprojection,1.0.0.15,22,1.0
htmt.changedns,1.3.4,22,1.0
biz.edito.connectivity.sender,1.2.15,22,1.0
me.nanoleaf.nanoleaf,8.1.2,22,1.0
lk.ceesl.dropme,27.0,22,1.0
com.altair.psikotest,1.0.0,22,0.0
jp.co.rakuten.mobile.rcs,2.14.2,22,1.0
face.makeup.editor.prettymakeover.beauty.selfie.photo.camera,6.7.26,22,1.0
generalplus.com.GPCamDemo,3.0.10,22,1.0
launcher.super.p.launcher,8.8,22,0.0
com.ligonier.refnet,2.3.0,22,1.0
com.mcb.k12admissions,1.0.1,22,1.0
com.goplaytoday.shiftrace,85.3.5,22,0.0
com.blink.academy.protake,3.0.6,22,0.0
com.midea.carrier,V5.6.1124,22,1.0
network.particle.auth,0.9.18,22,1.0
de.j4velin.notificationToggle,3.8.9,22,1.0
com.b3connect.dmf.nuggets,3.4.6,22,1.0
com.IndianBank.IndOASIS,2.6.4,22,1.0
com.parallel.space.lite.arm32,1.0.3015,22,0.0
com.cleverence.android.MobileSMARTS.v3.WH,3.3.0.30433,22,1.0
com.sharing.halver,1.1,22,1.0
com.cardapp.wheelock.ir.staff,1.0.0,22,0.0
com.cw.luckybox,1.4.2,22,1.0
com.sinodynamic.tng.consumer,4.2.2,22,1.0
com.zimozi.needapp,1.0,22,1.0
com.mireo.rtasmartdrive,3.3.0,22,1.0
com.iwaredesigns.mybowling3d,1.56,22,1.0
com.microsoft.powerbim,2.2.230105.2185856,22,1.0
hk.nmplus.mobileapp,1.44,22,1.0
com.ibaires.fssports,1.5.0,22,1.0
com.goaz.barcelona,1.0.2,22,1.0
com.bambulabs.finedine,6.4.9.2,22,1.0
com.valkyrie.novastormar,0.10.11.35007,22,1.0
stevalcandlecompany.android.app,2.3,22,1.0
com.fsecure.ms.hkbn,19.2.0022241,22,1.0
com.voltage.joshige.ouji.en,2.0.0,22,1.0
com.ambiclimate.remote.airconditioner,2.8.15.3424,22,1.0
com.keplerians.icescream3,1.1.2,22,1.0
com.rviewpro,1.0.7,22,1.0
com.app_thrivewc.layout,1.0.3,22,0.0
tank.battle.droid.stars.tankgames.games.masters.casual,1.8.0,22,0.0
ru.dublgis.dgismobile4preview,Varies with device,22,1.0
com.eyougame.wsjs.en,12.0,22,1.0
digifit.android.virtuagym.pro.fabandfitfitness,10.4.8,22,1.0
com.lineware.opticonnect,1.2.0-dev,22,1.0
com.appsameach.myhanukkah,1.4,22,0.0
com.aircondition.smart,1.0.2,22,1.0
day.cloudy.apps.mru,3.2.5,22,0.0
com.master.ttpoker,20,22,1.0
com.joingo.cent,3.2.220503,22,1.0
com.bcsports.bcsports,1.0,22,0.0
com.tplink.networktoolsbox,1.0.10,22,1.0
com.gatehouse.newport,6.12.3,22,1.0
com.sony.HAP.HDDAudioRemote,4.3.1,22,1.0
com.zhapp.gfitgained,3.4.0,22,0.0
com.nijigames.menggapaimatahari,11.1,22,0.0
com.AuroraGamesnApps.PussyandtheRun,1.0,22,0.0
cn.warmcolor.hkbger,1.0.2,22,1.0
com.ww.bwswwt,1.5.63,22,1.0
com.GlobalSoFunny.BetaSausage,,22,0.0
com.engross,8.2.5,22,1.0
com.spreedinc.providers.gatehousemedia.norwichbulletin,6.12.3,22,1.0
com.bps.aquablaster,1.0.10327,22,1.0
com.qijiland.gp,6.0,22,0.0
com.cortado.android.corp,11.0.269,22,1.0
com.opera.mini.native,Varies with device,22,1.0
barcodegenerator.barcodecreator.barcodemaker.barcodescanner,1.01.49.1205,22,0.0
com.toshiba.dse.ebridge.acme.lite,4.5.10.2,22,1.0
com.abs.cpu_z_advance,3.6.5,22,1.0
hk.atome.paylater,2.51.0,22,1.0
com.walkietalkie.ptt.free.walkie.talkie.twoway.communication.without.internet,2.0.2,22,1.0
kegel.trainer.exercise,Varies with device,22,0.0
com.specterint.workingtimer,2.28.76,22,1.0
com.suyi.soon,1.0.171,22,1.0
com.cxapp.hpecampus,v7.2.148,22,1.0
com.acmaa.videodownloader,4.0,22,1.0
dhq.CameraFTPRemoteViewer,4.0,22,1.0
com.realmecomm.app,3.2.0,22,1.0
com.kbstar.kbbank,G6.2.10,22,1.0
it.babyout.newyork,1.0.27,22,1.0
com.xunmeng.pinduoduo,6.40.0,22,1.0
com.gaiaworkforce.mobile,4.7.1,22,1.0
com.cjoshppingphone,7.5.3,22,1.0
com.kvrezs.kspirrv,2.0.0,22,0.0
com.scytales.mid.app,5.3.15,22,1.0
com.choicemmed.ichoicebppro,1.0.2.2,22,1.0
com.fullykiosk.examkiosk,1.5,22,1.0
com.tripellet.app,1.8.3,22,1.0
com.kec.android,2.3.4,22,1.0
com.wFreeTemplatesdownload_13813422,1.0.4,22,1.0
com.kbstar.kbbiz,E4.0.5,22,1.0
brashoppingonline.shoppingonline,1.0,22,1.0
com.mobilepeople.yale.yalehome,3.0.1.16,22,1.0
com.xincore.tech.app,1.1.9_08,22,0.0
com.nobexinc.wls_09924807.rc,5.5.5,22,0.0
com.huttons.HuttonsPro,1.26,22,0.0
com.pexpay.android,1.12.2,22,1.0
co.acreditando.expoialimentos,1.0.3,22,1.0
awlashescom.android.app,1.2,22,1.0
com.es.hdvideodownloader.securevpn,1.8,22,1.0
com.thepencilapp,5.4.6,22,1.0
digifit.android.virtuagym.pro.swimgym,10.4.8,22,1.0
com.wHSchannel_13275995,1.0,22,0.0
com.lx.lxexecutive,1.02,22,1.0
com.nobexinc.wls_8866947028.rc,5.5.5,22,1.0
com.movenda.italiawifi,2.5.3,22,1.0
com.speedchecker.tn.weather,1.0.68,22,1.0
com.hubblebaby.nurserypartner,1.0.9,22,1.0
com.phongphan.auto.start.manager,1.0,22,0.0
com.acsoftware.nice,2.3.62,22,1.0
com.vg.qrscannerandbarcodereader,1.0,22,1.0
com.shilladfs.shillaCnMobile,10.7.6,22,1.0
com.bit.androsmart.kbinapp,14.23,22,0.0
de.appack.project.stefanbuben,1.0,22,1.0
com.yinzcam.wnba.liberty,2.1.5,22,1.0
