com.hamptonproducts.peace,1.1.3,2,0
co.barney.uazfp,1.4.64.9,2,1
com.BinaryAbyssinia.HITG,1.0.3,2,0
co.martin.orsqn,1.4.64.9,2,1
com.taciotfsoftwares.vasco,1.5,2,1
com.newandromo.dev877904.app1176592,2.8,2,0
com.verizon.mdm,2.2.15,2,1
com.gamepub.sg,1.4.0,2,0
com.app.rapartist,0.0.2,2,1
co.lynde.dnhqk,1.4.67.2,2,1
org.hostedgames.hovgenesis,1.4.6,2,0
com.md.real.commando.shooting.strike,1.40,2,1
com.ezjoynetwork.bubblebirdRescue2,3.8.8,2,0
com.wolvesinteractive.traffictour,2.0.0,2,1
co.shopney.rrcobyrirose,1.1,2,1
com.videocutter.compressor.videosizereducer.trimmer,1.3.2,2,0
air.cz.cfc.androidgp.FeltAnimals,1.3.1,2,0
co.sansa.kmmkb,1.4.64.9,2,1
smpxg.mythdefdf_pt,1.5.2,2,1
com.bitguardian.parentalcontrol.parent,1.2.3-bitg-parent,2,0
com.yombox.b_ba,,2,0
de.appack.project.sportverein_lindern,1.0,2,1
com.sundaytoz.line.joy,1.3.2,2,1
com.testbook.tbapp.bpsi,6.13.17-bpsi,2,1
in.shopview.townmarkets,1.0.0,2,1
com.ptwired.premierpts,1.0premierpts,2,0
com.cooking.games.fever.food.city.craze.dream,8.0.257,2,1
com.trimecore.fancycakes,3.18,2,1
com.darkbluecreations.counter.terror.battle.simulator,1.16,2,0
com.shotonwatermarkstamp.shotonwatermarkcameraandphotogallery,1.5.8,2,1
com.travelangel.app,1.0.20,2,1
com.glymt.app,2.3.3,2,1
com.jily.find.with,1.0.3308,2,1
com.travelc.moguapp,2.0.40,2,1
com.ifun.final5,3.1.3,2,1
com.happy.family.counter.terrorist.fps.shooting.gun.games,1.2,2,0
com.zynga.gotslots,1.230202.14,2,1
nl.rolls.kooijmans,2.1.4,2,1
com.coles.android.shopmate,6.1.0,2,1
com.funkycorner.radio,1.0,2,1
com.herogame.gplay.sengokutaisen.mobilerpg.sega.tw,1.0.0.48762,2,1
mw.radiolaconsentida,1.0,2,1
com.grundfos.go,2.12.1,2,1
co.shield.qnatt,1.4.67.1,2,1
com.wonderfulprices.app,1.0,2,0
com.subsplashconsulting.s_Q5TWBN,6.0.1,2,1
de.bobbysharing.app,3.0.0,2,0
com.videodownloaderapp.shareanyvideo.screenmirroring.saveittogallery,1.3.1,2,1
co.loki.kboe,1.4.67.1,2,1
soins.infirmiers.modules,2.9,2,0
com.friendink.app,5.0,2,1
com.nanjoran.ilightshow,2.1.8,2,1
com.crossword.bible.cookies.find.english,8.6,2,0
com.terrainappvibes.movetosd,1.0,2,0
com.chuchutv.tamilapp,2.0,2,1
pickup.carts,4.6.6,2,0
com.gamesband.lovematch,1.3.11,2,0
eu.dreamup.snowboardracingultimatefree,3.5,2,1
com.idle.idleHuman,1.17,2,0
com.extremedevelopers.codeofwar,3.17.7,2,1
com.productmadness.cashmancasino,3.12.66,2,1
com.ryzenrise.storyart,3.7.3,2,1
co.davos.hmocj,1.4.64.9,2,1
kr.caramel.arcade_bubblecrab,1.1.0,2,1
com.Dolldivine.android,1.0,2,1
events.socio.app681,8.8.0,2,0
com.itea.outlet,1.0.6,2,0
com.sportinginnovations.omsumd,1.0.78,2,1
com.gbnewversion.directchatwatool,13.0,2,1
com.xcoder.seeds.minecraftpe,1.0.7,2,1
com.kingfish.sanguo,2.0.900.300,2,1
com.fenghenda.hiphop,1.0.2,2,0
kenneth.rtalkall,1.4.2,2,1
com.XonStudio.TUB,0.4.9.2,2,1
nz.co.mbit.topo,6.2.0,2,1
com.palm.palmreader.fortuneteller,1.2.0,2,1
com.fifa.fifaapp.android,Varies with device,2,1
com.lemonjamstudio.infiniteknights,1.1.27,2,0
com.appustaka.ipinfo,6.1.0,2,1
com.nonghyup.farm,1.0.5,2,0
io.quodix.pnc,1.17.12,2,1
com.pixodust.games.free.idle.sports.city.tycoon.game,1.20.7,2,1
com.digitalstrawberry.jigsawbug,Varies with device,2,0
com.clowngames.mobgio,1.9.2,2,0
com.xyrality.ionicwars,1.0.1,2,0
com.ars.buenosaires,7.0.0,2,1
drzio.biggerbreast.yoga.workout.breast.firmsagging,7.0,2,0
com.whiteumadev.locationsettings_free,1.1.4,2,0
com.grand.police.jail.prison.escapemission.games,1.10,2,0
com.numberlocatorfinder.findlocationusingnumber,6.0,2,1
org.sdmts.pronto,4.55.4,2,1
com.ahsanahmed.ulti.ho.gai.sab.tadbeerain.new.urdu.novel.by.farhat.ishtiaq,6.0.2,2,0
com.davisdeveloper.pastelwallpaper,1.2,2,1
com.shoutrlabs.shoutrboxxapp.volksbund,1.11.9,2,1
com.trainerize.curiousfitness,7.62.0,2,1
jp.co.highlab.line_puzzle,1.0.1,2,0
com.trainerize.bootylab,7.62.0,2,1
com.FoodRunnersFiji.Customer,1.2.5,2,1
com.maplander.inspector,1.3.22-release_20220204_1401,2,1
com.magzter.cioandleader,8.0.5,2,0
ae.gov.dm.uma,6.18.622,2,1
br.com.tapps.evolution.games,1.1.16,2,1
com.ideomobile.leumicard,20.21.1.20,2,1
com.appswiz.opslivelihoodsystemigdjf,1.1.0,2,1
uk.co.ee.myee,5.12.0,2,1
com.artifexmundi.scarlettmysteries.gp.free,2.2,2,0
com.junaken.sragenlivetv,1.0,2,1
videoeditor.videomaker.trim.music.videoeditorforyoutube,2.0.6,2,1
com.cror.an.en4399,1.5.6.0,2,0
com.zeste.foodstylist,1.0.30,2,1
piero.yanez.LaFlautaDulce,La Flauta Dulce 3.0,2,0
com.tdc.wwb05,2.00.047a,2,1
com.nos_network.refinedleopard_batt,1.0.1,2,0
com.linecorp.LGLP2,7.2.2,2,1
house.geeky.minetap3d,1.9.0,2,1
com.app.cci,6.2,2,1
com.yta.passenger.ytapassenger,1.2.62,2,1
com.ssjfz.google,2.1.0.0,2,1
in.eduwhere.mat,1.2.0,2,0
com.healthybrains.android,1.0,2,1
com.madseatech.c.background.a,2,2,1
com.ezpark,1.0,2,1
com.safra.safrawallet,4.6.0,2,1
com.appswiz.thezodiacnightclub,1.1.0,2,1
com.ptwired.preferredpt,5.0.0,2,0
com.homemadegames.frontwars,1.3.60,2,1
com.app.destinationlocal,1.0,2,0
ru.sports.barcelona,5.0.7,2,1
com.iz.autispark.kids.autism.games.special.needs.educational.learning.therapy.social.skills.speech,6.7.4.0,2,0
com.borsahq.earningscalls,2.1.0,2,1
com.bicse.appce,2.426,2,0
com.iifl.mobile.hfc,5.4.9,2,1
com.vpn.quickfreevpn,1.0,2,1
yqp.howtotellifaboylikesyou,1.3,2,0
com.dunamu.exchange.global,1.7.2,2,1
com.jmeyte.app,2.9.4,2,1
com.kongregate.mobile.tmnt.google,1.48.0,2,1
com.trainerize.ajhealthandnutrition,7.62.0,2,0
com.qtvue.qtvue,1.7.8,2,1
com.cisco.catalystwireless,1.2,2,1
com.pikpok.dkc.play,1.12.0,2,1
tv.vintera.smarttv.v2,3.1.547,2,1
com.BeresnevGames.Knife,2.0.5,2,0
com.takeaway.driver,Varies with device,2,1
com.mobeasyapp.app794995405870,1,2,0
appinventor.ai_siguiendolalunaproducciones.LPRadioIII,1.0,2,1
dk.eg.mobile.crosspad,1.8.13,2,0
com.psr.stinger.radio,1.1.0,2,1
com.appscentral.thomass,4.8.0,2,1
com.easydiner,6.5.64,2,1
com.pinjara_imran5290.Shaft_Key_and_Keyway,Let'sFab 5,2,0
com.ibm.lotus.connections.mobile,7.0.9,2,1
com.gss.android.ReverbNation.Activities,4.4.0,2,1
com.mohit.ingenium.tca606,1.0.158,2,1
com.trainerize.ashleyharlandcoaching,7.62.0,2,0
com.app.forclosure.homes.listings,1.0,2,1
jp.libapp.en.kangoku2,1.3.0,2,0
br.com.py8ac.pistar_dashboard,4.4.5,2,1
com.aidewin.naked,1.0.0,2,1
com.ventures317.cleverrx,2.7.2,2,0
com.holyblade.starzoo2,1.4.0.0,2,0
com.dwarfplanet.bundle,4.2.70,2,1
com.subin.p_value_calculator,1.3,2,0
co.thor.qkgdd,1.4.64.9,2,1
com.linefriends.lfscake,2.2.1,2,1
com.whaleapp.blitz.rise.heroes.idle.rpg.battle,1.10.0,2,1
com.dominigames.mt5,1.0.0,2,1
co.jones.hibra,1.4.64.10,2,1
com.jrustonapps.myhurricanetracker,4.4.8,2,1
appinventor.ai_eswaranpdy.adaptationanimals,1.0,2,0
com.editor.slowmo.videoslow,1.0,2,1
chairs.sofas.ideas,15,2,1
com.leteklab.xxxtentacion.wallpaper,1.5,2,0
ie.flipdish.fd16778,1.7.1,2,1
co.groot.uzwlp,1.4.64.9,2,1
com.creative.apps.sbcommand,1.02.35,2,1
cn.hydom.cclanguage.arabic,1.1,2,0
com.adrianlyrics,1.0.3,2,0
com.live4dresult,5.211,2,1
ph.roadrunners,1.6.131,2,1
com.ntsc.falconview,1.0.2,2,1
com.artifexmundi.thesecretorder5.gp.free,2.2,2,1
com.moonstargames.moonstargames,1.7,2,0
com.topclass.audiolive,3.8.9,2,1
com.uba.vericash,5.7.37,2,1
ae.emiratespost.app,4.0.4,2,1
com.axlebolt.standoff2,0.22.0,2,1
com.qraider.oklahoma,3.4.12,2,0
com.blueicegames.zombiecraft1453,2.9,2,1
sd.lemon,4.3.3,2,1
com.churchlinkapp.c32813,4.11.12,2,1
com.mobime.ecooltra,4.6.81,2,1
com.gamesorbit.airplane.flight.simulator,6.5,2,0
com.pit.pitmobile4,2021.1.41,2,1
com.gigjd.gigportal,1.1.40,2,1
com.waymigo.trinitytrails,1.2.7,2,1
com.stickerstudio.sticktok,1.0.78.9,2,1
com.wiltonbradley.layzspa,1.2.8,2,1
com.dm.ezzy,4.0,2,0
cz.hyundai.plus,2.2,2,1
com.duoduo.games.ddcalculator,1.2.01,2,0
digifit.android.virtuagym.pro.glovesbox,10.4.8,2,1
air.com.gamesys.mobile.slots.starspins,Varies with device,2,1
vfx.master.effect,1.0.7,2,1
net.idt.um.android.bossrevapp,4.6.5304,2,1
com.zaz.translate,v3.5.8.2,2,1
com.flat.teardrop.iconpack,4.2,2,1
com.Cut.Grass.CuttingGrass,0.7,2,0
com.weedle.bluestar_ac_remotes,10.0.0.1,2,0
com.vbpharmaagency.app,2.0,2,1
com.grus.callblocker,1.3.0,2,1
com.zetatech.falling.royale.guys.party.run.game,1.0,2,1
itm.ma555.wznn,1.0.0,2,1
me.doubledutch.kimptonchefgmmeeting,9.1.0.0,2,1
com.jrzheng.supervpnpayment,1.6.2,2,1
net.apexmobile.am0218,5.1.0,2,1
com.legavox.legavox,1.1,2,1
com.embarcadero.ResellerProfitCalculator,2.1.2,2,0
lets.survive.apocalypse.survival,1.5.4,2,1
com.shoutcast.stm.app093292a94ed86d34540c618ad8afb0e6,1.0,2,1
com.ecpay.www,1.1.49,2,1
com.swapcard.apps.android.mobilityac,4.61.0-1,2,1
com.app.onice,1.9.7,2,0
com.aig.ludoup,9.2.5,2,1
com.bponi.bdStoreKmbazar,p_0.101,2,1
com.krrave.rider,4.1.91,2,1
com.crossfield.tripeaks,1.1.2,2,0
com.saglikbakanligi.esim,3.0,2,1
com.viztushar.platy,0.3b,2,0
com.GlassFrogGames.BBS2Goog,1.2,2,0
com.sq.dragonsworld,Varies with device,2,1
com.niger.Actualites,1.0.7.5,2,1
com.hilive.videochat,1.0.2,2,1
com.twoplayergamesfree.twoplayergames,2.7,2,0
com.mytoursapp.android.app3890,7.3.120-prod,2,0
bubbleshooter.orig,15.2.2,2,1
com.subsplashconsulting.s_73KJ4P,6.0.1,2,1
nl.infowijs.client.tendercollege,3.0.2,2,1
com.pph,3.7.0,2,1
com.rrsarraf,2.1,2,0
com.studiokuma.callfilter,9.3.3.1,2,1
com.techwin.wisenet.installation,v1.6.1,2,0
com.seblit.ssa,3.1.14,2,0
com.flightscope.multicam,1.1.4,2,0
com.fantasticmotion.VRSC,2.0.4,2,1
com.hulk.flormar,3.12,2,1
com.socast.adventure.radioessex,3.0.4,2,1
com.jenidsolutions.genuineid,3_4_0_22242,2,0
com.paypal.merchant.client,2023.01.12,2,1
com.mobge.Oddmar,0.110,2,1
net.manoloworks.usa_radio_oakland_alameda_california_united_states,6.0.1,2,1
au.com.myer,6.19.200,2,1
jpark.AOS5,1.1.78,2,1
com.rbs.mobile.android.natwest,Varies with device,2,1
com.apps.yoabsen,6.0,2,1
com.glu.deerhunt16,5.2.4,2,1
com.streamtotal.radiosupromesa,1.0,2,1
be.sncbnmbs.b2cmobapp,3.5.5,2,1
com.gun.war.free.online.multiplayer.fps.shooting.game,2.6.9,2,1
com.hpdeskjetdeskjet3755.hpde,2,2,1
com.learnyst.learnyststudio,13.09.1247,2,1
com.jpbrothers.android.pictail.sub9,1.5.3.0,2,0
com.aziz9910.book_stores_pro,2.06,2,1
com.nuridenbraven.cartersharerprankfakecallvideo,2.6,2,0
com.venuiq.fpshow,1.0.0,2,0
com.namaz.hindi,2.2,2,0
eu.chainfire.flash,0.73,2,1
net.puziri,1.022,2,1
com.ivy.merge,2.1.1,2,1
com.Playstal.Portal.Maze.Aperture.Jumper.Puzzle.Games.Teleport.Portal2,4.9,2,1
com.psrastreamentomobile,3.6.1,2,0
com.rollingpanda.home.cleaning.washing.house.makeover.games,4.0.3,2,0
co.nick.metvz,1.4.67.2,2,1
com.lminvestments,1.5.0,2,0
com.pretty.smart.tool.clean,1.3.5,2,1
com.cww.cubecraft,1.10.0,2,0
com.adnglobalventures.upinipinquiz,9.2.3z,2,0
com.tongtong.wallet,1.3.5,2,1
com.pickery.app,2.39.1,2,1
com.pixytap.furnituretest,1.5.4.1,2,0
br.com.radiosapp5.retrlcmusic,1.7,2,1
com.goodbarber.magloandco,1.1,2,1
com.instadownloader.instasave.igsave.ins,10.6,2,1
com.subsplashconsulting.s_9FS5B7,6.0.6,2,0
apps.foodxpress.rider,1.0.0,2,1
com.app_ndatoledo.layout,1.0.9,2,1
com.samojsc.agent,3.5.0,2,1
pl.alto,1.80.5,2,1
com.subsplashconsulting.s_3P94K4,6.0.1,2,0
com.colorwise.me.allseasons,7.0.86,2,1
io.storychat,5.3.4,2,1
com.wealthmanagementvisio.natixis,19.1.1,2,1
cg.school,9.8,2,1
com.gnhearing.sound,1.27.0,2,0
com.scarabsolutions.spot.scoutapp,0.1.14c,2,0
bbc.news.mobile.cymru,Varies with device,2,0
com.NcznDesign.OneBallPuzzleGames.BrainTeasers,1.1105,2,0
com.ironbit.infinitumra,5.3.4,2,0
com.mobirix.carrom,1.1.6,2,1
com.wMORADIO_8660987,1.0,2,1
com.arthurivanets.owly,2.4.0,2,1
com.vialsoft.radarbot_free,8.8.4,2,1
com.tinac.ssremotec,android 1.48,2,1
com.bcm.request,3.1.0,2,1
com.collectorz.javamobile.android.books,8.0.1,2,1
com.top.magic.video.wallpaper.clock.wallpaper.parallax4d.live.wallpaper.free.pro,2.6.1,2,1
website.leifs.delta,1.7.6,2,0
com.kifak.subwoofer.loud.bass.speaker.eq,1.0.0.2,2,0
com.qshopbd.qshop,3.2.0,2,1
ru.sports.liverpool,5.0.2,2,1
istark.combovpn.combovpn,4.2,2,1
com.subsplashconsulting.s_MMQ9CM,6.0.1,2,1
com.lutsgames.IdleSuperpowers,1.2.5,2,0
air.ru.nikitaonline.panicroom2.mobile,Varies with device,2,0
sociabble.mobile.cavoices,8.3.0.2,2,1
com.idkjava.thelements,7.0.2,2,0
color.games.oil.painting.by.number,2.941,2,0
com.progaonline.antiplagiat,3.3,2,0
com.tapatalk.lakeerieunitedcomwalleye,8.8.9,2,1
ru.domyland.rg,2.102.0,2,0
dk.tactile.beebrilliant,1.93.4,2,1
com.herocraft.game.free.tribe.blast.puzzle,0.14.23,2,1
com.vvv.superpuzzlegame,1.16,2,1
com.gorgeous.liteinternational,4.8.2,2,0
com.atominvention.hkweather,1.2.3,2,1
com.gau.go.launcherex.s,1.14,2,1
co.tarly.fssly,1.4.64.9,2,1
br.com.tapps.spiderevolution,1.0.16,2,1
mobile.mytaxapp.flanniganedmondsbannonpt.client,7.4,2,0
com.mightybell.suse,8.93.3,2,0
events.grip.govnet,10.8.17,2,0
com.ketchapp.hop,1.10,2,0
com.lacasaegyc,1.6,2,0
com.hoppincash.casino.slots,1.3.1,2,1
hk.edu.polyu.sao.inspire,2.0.1,2,1
com.ttagencies,2.1.1,2,0
com.valiprod.tupreferes,Varies with device,2,1
com.androizen.operatornamewidget,1.29,2,1
org.hostedgames.lifeofamobster,1.1.7,2,0
ru.adhocapp.vocalrangeapp,0.8.1,2,0
co.iron.wwpap,1.4.64.9,2,1
se.lokaltidningen.areader,4.18.0,2,0
com.alfalahengineers.yamahmt15wallpapers,2,2,1
com.counter.terrorist.sniper.shooter.ray,2.0.6,2,0
com.mediaeditor.video,3.9.1,2,0
online.appflame.app,4.6.3-AppFlame,2,1
com.magmic.android.ScattergoriesBlitz,2.1.1,2,1
com.anideaforanapp.myguineapigs,5.0.5,2,1
com.hp.wirelessdeskjet.printer.aburrub,2,2,1
merge.makers.free,1.2.1,2,0
com.mlstudio.finca,1.8.25,2,0
com.jpbrothers.android.polaroid.sub3,1.15,2,0
com.adriaandejongh.secretshuffle,1.2.4,2,1
com.advcare1,1.32,2,1
co.lenord.bvrhw,1.4.65.10,2,1
com.iptracker.online,68,2,1
co.loki.adjez,1.4.64.9,2,1
com.chazun.quordle,0.2.14,2,1
com.goxal.nineties,3.10,2,1
io.voodoo.goplane1,2.16,2,1
cc.maids.app,3.31.3,2,1
com.n_able.www.mdmagent,1.1.1,2,1
com.aspiringminds.smartmeet,3.1,2,1
com.trisengames.otl,1.0.31,2,0
com.lucchinirs.bookshelf,1.0,2,0
com.memorylanegames.memorylanegameslite,2.4.6,2,1
net.peakgames.ginrummyplus,9.1.5,2,1
co.stan.allenc,1.4.67.1,2,1
com.pushpress.nickelcityathletics,2.46.0,2,1
net.crowdconnected.sail,1.0,2,1
com.sigsauer.bdx,344,2,1
telecharger.la.bible.catholique,Telecharger la Bible Catholique 14.0,2,1
com.ikeyboard.theme.retro.music.tapes,1.0,2,1
gov.state.apps.android.USAlumniJO,1.0,2,1
simply.learn.burmese,4.4.9,2,0
br.com.tapps.medicinedash,1.0.24,2,1
com.studio.zm.mehndidesign2021offline,1.5.6 ,2,1
com.iptecno.pbseguridad,2.2,2,1
com.ingrails.oxford_practical_school,3.8.3,2,1
com.fds.infiniteflight,22.8.1,2,1
tool.photo.collage.maker.photocollage,1.7.0,2,1
com.trainerize.selfinfluencedfitness,7.22.0,2,0
com.celsiusonline.rk,1.0.36,2,0
com.maxsee.maxsee2,1.93,2,0
com.mailtemporal.apps,4.0.0,2,0
ho.papajohns,4.23.1,2,0
reavivados.porsupalabra,10.1,2,0
ru.superdostavka.gtpizza,1.0.0,2,1
com.pctvision,1.0,2,0
com.realore.roadsofrome4,1.8.0,2,0
com.trainerize.rcfitness,7.62.0,2,0
booking.reservation.tools,2.0.5,2,1
com.altitude.dreamdefense,1.8.200,2,1
com.EvoTApps.GameOfEvolution,1.3.26,2,0
com.agragameeapps.socialscienceclassxmcqscivics,1.0,2,0
com.vlc.v3.rw,1.0.41,2,0
com.find.differences.puzzle.game,1.12.28,2,0
com.mecampbell,1.6,2,1
com.yoozoo.kr.snsgz2,1.7.85,2,1
com.ketchapp.donttouchthespikes,1.9.10,2,0
com.archive.waybackmachine,1.4.5,2,1
com.learntez.teslaev,0.0.352,2,0
com.yhi.prisoner.survival.prison.jail.stealth.escape,3.0.24,2,0
com.sgg.sunnywords,1.0.5,2,0
com.you2.mummies,1.4.6,2,0
com.pocketwood.myav_trial,Cow V4.79,2,1
com.dukkanjo.laith891,7,2,1
com.tactics.worldwar2.strategygames.ww2,1.0.7,2,0
com.geniews.vanclientv1,3.0.10,2,1
vn.loctroi.service,1.3.0,2,1
sensustech.universal.tv.remote.control,1.5.2,2,1
com.dobsoftstudios.gunfustickman,1.9.3,2,1
com.pronunciatorllc.bluebird.englishaustralian,2.0.6,2,0
com.pea.wallet,1.0.1,2,1
com.sinyee.babybus.art,8.65.00.00,2,0
taciotfsoftwares.com.clculosdefresamento,1.11,2,0
com.transsion.hilauncher,8.6.010.2,2,1
com.itsaky.uidesigner,2.0.0-beta,2,0
hells.cooking.crazy.chef.burger.kitchen.fever.food,1.290,2,1
com.loadcomplete.mergedefense,1.8.1,2,1
com.car_wallpapers_collection.KTM_250_Adventure_Wallpapers,1.1,2,0
net.slickdeals.android,5.50,2,1
cz.myup.customer,3.24.1,2,0
com.kendrick.wmt.android,1.0.6,2,1
ir.basalam.app,8.24.15-GP,2,1
tv.publici.connectremote,21.4.8,2,1
com.renderedideas.cookingcafestory,124.0,2,0
com.autocab.hellotaxi.luxemburgo,34.0.18.9472,2,0
com.mapbile.wingchun,16,2,0
com.appon.frontlinesoldier,3.7,2,0
tomorrowbits.drheisel,1.1,2,1
org.westerville.seeclickfix,6.2.0.4650,2,1
com.wrpro.camera,1.8.7,2,1
com.mtvn.tmntpp,2.3,2,1
com.mypthub.bdfitness,1.10.5,2,1
com.spot.jobsinusa,1.1,2,1
com.dss.ecomregistrationapp,1.1,2,0
com.SoyoInteractive.SendaBosc,1.1,2,0
com.funplus.flamingring,1.0.6,2,1
com.mitensaysfitness.app,1.0,2,0
com.spcomes.esabyss,1.80.0,2,0
com.greenleaf.suggestify,3.0.3,2,1
uk.co.newsquest.yorkpress,1.2.0,2,1
com.dinopix.planetssmash,1.4.5,2,0
io.pushpay.freelifechurchva,15.1.2,2,1
com.maz.nrdigital,18.0,2,1
com.inerun.courier,1.0.9.3,2,1
com.space.channel,14.872,2,1
com.reverse.image.search.by.image,1.4,2,1
com.ptdistinction.lainenorton,LN Fitness 3.11,2,1
com.appslitedesarrolladores.baibuli.luganda,2.5,2,0
com.napoleon.accu_probe,3.6.5,2,1
com.cigrastudio.youtubepromotion,7.0,2,1
com.kredily.app,2.7.8,2,1
com.pocketsights.SalemOnYourOwn,2.1.0,2,0
com.iccom.bongda24h,2.0.5,2,1
io.ionic.prog6030763a75329d34aff5747a,0.0.1,2,0
com.d1vivek.perfectgiving,2.0,2,1
com.loftly.bestdpforwa,1.32,2,1
com.gf.washinggame.serviceworkshop.carwash,3.1,2,0
com.jcsoftware.jcxchange,1.0.1,2,0
com.skillacademy.mobile,3.7.0,2,1
com.my.lifting,41.0.4,2,0
com.ptwired.omt,0.0.1,2,0
ru.pt.iconpack.oneui_pixel,1.0.1,2,0
dress.up.games.for.girls,2.4,2,0
co.appbros.ommatters,5.0.1,2,0
com.herocraft.game.zombiederby2,1.0.17,2,0
com.en.emuithemes.os14,6,2,0
air.GCDandLCD,Varies with device,2,0
com.radiolight.belgique,1.12.1,2,1
com.shoutcast.stm.radiopositivafmrj,1.0,2,1
com.hmc.mobileconsult,1.1.34,2,1
com.blueballheroes,34,2,1
com.gpsmycity.android.u62,55,2,1
com.audioguidegeorgia.audioguidegeorgia,2.0,2,1
com.cassie.instagram.unfollow,2.3.0,2,1
com.minigames.jailbreaker,1.5.0,2,0
com.waveapp.android,3.5.1,2,1
kdrgames.couplesgames,4.0.0,2,0
vn.com.medpro.pkdkanhao,1.1.15,2,1
com.senspark.android.southernthirteensolo,1.3.2,2,0
com.lenzetech.antilost,1.3.3,2,1
com.lightuptheworld.tefillinwrap,2.3.4,2,1
com.appgame7.fruitslegend2,6.7.5083,2,0
com.actgames.shaku,1.1.1,2,1
amlabs.behonest,1.15.1,2,1
com.insta.analyzer.followers.reports.tracker,1.0.10,2,1
com.thehill.thehill,41.16.0,2,1
com.fbi.bankrobbers,3.0,2,1
com.barnstormgames.mensaiqcheck,1.1.0,2,1
com.coldbeamgames.beathazard2,1.30,2,1
ie.flipdish.fd13482,1.7.2,2,1
com.reliancegames.urf,1.4.147,2,1
co.lenord.rrogb,1.4.64.9,2,1
com.subsplashconsulting.s_H4NPR3,6.0.1,2,1
com.payment.edgeaeps,1.3,2,1
com.tg.jsxwtw.gp,12.0.0,2,1
com.game.ball.puzzle,1.6.8,2,0
com.spearhead.virtual.dad.simulator,1.6,2,0
com.el_poder_de.la_mente_subconsciente,1.0,2,0
com.gm.lyrics,3.0,2,1
com.bewe.app1434,1.146.3,2,0
com.urbanice,3.10.6-1,2,1
com.goodbarber.projecttimothy,1.0,2,1
com.ototo.watasiha.nback,31,2,0
com.music.classical.white.noise,1.0.6,2,1
com.unicostudio.braintest2new,1.18.1,2,0
com.blade.master.io.free.rich.knife.spinner.game,1.0.0,2,0
com.cameraforiphone14promax.hdcamera.cameraforiphone14,1.0.8,2,0
com.g5e.nightmares3.android,1.2,2,1
au.com.oddgames.monstertruckdestruction,3.5.5053,2,0
com.NotForgotten,1.0,2,0
tr.com.apps.how.many,1.02.24,2,0
com.yunmai.scaleen,3.6.2,2,1
com.soundjabber.saturn.planetas.planetsaturnsounds,4.0,2,0
com.shree.balmandir,2.3,2,1
com.trainerize.coachingbykate,7.62.0,2,0
com.apeencumbrancecertificatestatement,6.0,2,0
jp.cateye.CC_RD410DW_ENG,1.3,2,1
ru.vocalexen.androidoverview,1.2.5,2,0
kr.jungrammer.smiletalk,4.18.45,2,1
com.bounceback.soochanakaadhikaar,3.0.0,2,0
com.krostudios.guessdoommonster,8.15.4z,2,0
it.ciaospesa.app,1.9.979956,2,1
com.tknovel.tkreader,1.0.1,2,0
com.codigea.constituicaofederalbrasil,3.0.1,2,1
in.softecks.marineengineering,5.5,2,0
com.OctavillaGames.Tragabuche,1.2.7.4,2,0
com.ejaculationproblemshelp,2.0,2,0
com.extremesimulator.euro.trucksimulator.cargotruckdriversimulator.indiantuckgames,1.7,2,0
com.subsplashconsulting.s_JDHFS6,6.0.1,2,0
com.goodbarber.refugeecare,1.3,2,1
com.ty8.game21,1.5,2,1
com.gzyl.bosszjhw,1.0.60,2,1
com.ns.dome.of.doom,1.6,2,0
com.wigiball.apkwigiball.merge,1.0,2,0
com.toddle.family,0.19,2,1
com.palashsarkar.courses,3.10.3,2,0
com.kwalee.crazyshopping,1.4.3,2,1
cat.fcbarcelona.barcatvplus,1.0.3,2,1
nl.vgz.zorg,1.12.460,2,1
com.paulaugustel.bomber,7.3.9,2,1
com.benin.apkapka.cooperationsoffice.cooperationoffice,3.1.1.7,2,1
com.bestplaygame.solitaire.tripeaks,1.0.9,2,1
com.visualnacert.visualsensor,1.8.2,2,1
com.mobincube.android.sc_3883KP,32.0.0,2,0
fr.airweb.nicematin,3.11.8,2,1
com.HookGames.NewCargo,1.3.6,2,0
com.trustdroid.dangdutkoploomadellamp3,1.0,2,1
com.fr.royalworld,3,2,1
com.photocollagemaker.photogrid.collagephoto,3.0,2,1
com.ikeyboard.theme.galaxy.weed.gravity,1.0,2,1
com.bosl.mobile.android.ui,5.1.1112,2,1
com.nursejj.app,1.4,2,1
co.streetgangs.game2,1.4,2,0
com.publicmint.wallet,1.3.2,2,1
com.mobhuge.firehonor.gp,1.56,2,0
com.toga.chat,6.25.1,2,1
com.eldring.exominer,1.3.5,2,0
com.app.hubpay,2.9.1,2,1
net.fosg.app,1.3,2,0
com.seeclickfix.cityofwisconsinrapids.app,6.0.1.4634,2,0
com.cyclopsgames.experimentz,2.14,2,1
com.healthline.dep,8.8.5,2,1
water.sort.puzzle.color.sorting.game.free,,2,0
com.applizogroup.aprilfoolday.photoframe,1.0,2,1
com.saneforce.sansfe,1.35,2,1
com.chungdahm.april30.android,1.1.10,2,1
com.mixwallpaper.Cute.RM.BTS.wallpaper,1.5,2,1
com.sugargames.brownies2,1.41,2,0
com.PixelGroup.brwanjeya,1.0.16,2,1
edu.gallaudet.vl2.airplanes,1.1.0,2,0
com.gmail.srayazta.randomnumber,1.1,2,0
com.pa.dslrremotecontrol,4.3.9,2,1
com.ideal.fintables,2.0.7,2,1
com.wChatTelegram_11713611,1.0.32,2,1
com.dnddream.headsoccer.android,6.17.2,2,1
com.offline.bible,5.2.3,2,1
com.bankscene.bes.welllinkbank,3.1.1,2,1
com.cookapps.ff.luxuryinteriors,4.3.0,2,0
com.zendios.joinshoot,,2,0
jp.co.dalcomsoft.superstarlapone,1.1.1,2,1
com.avimedical.avi,1.4.1_913,2,1
changedapp.com,1.0,2,0
com.keakster.sheepmug,1.1,2,1
com.onelouder.baconreader.premium,Varies with device,2,1
com.mjtechnologies.mjscreenrecorder.recorder.videorecorder.videorecordingeditor.mjscreenrecorder,15.0,2,1
com.trainerize.eafitapp,7.62.0,2,0
co.robin.yjill,1.4.64.9,2,1
com.mills.classicboardgame,1.05,2,1
com.ParallelSpace.Cerberus2,,2,1
com.kompanion.fitness.android,1.10.2,2,1
com.hyperbeard.idolpopstars,,2,0
com.clusterdev.tamilkeyboard,8.3.6,2,1
pakeeza.digestmonthlycompletecollection,9.8,2,0
com.cardapp.cic_hangyick,3.6.2,2,1
com.puzzle.game.differences.prison.story,1.0.23,2,1
com.GoGames.ClubSoccerDirector2020,1.0.81,2,0
com.yinzcam.nfl.chiefs,3.6.2,2,1
