com.otoreport.nncserver,3.1,19,1
com.livewallpaper.khicomro.summer.background,1.1,19,0
com.nobody.coloringbooks,1.6.5,19,0
com.jkffc.app,1.0,19,0
com.shielder.pro,1.53,19,0
com.learngramlive,a.1.6.5,19,0
com.mightybell.datacamp,8.93.3,19,0
com.trainerize.ampathleticstrainer,7.62.0,19,0
com.yoogaia.yoogaia_android,1.5.2.90,19,0
com.passportparking.mobile.transit.jta,5.110.0.568,19,0
com.aesopnsound.ringorp_301control,1.0.4,19,1
com.Aios.org,3.1.9,19,0
com.moms.playful.casual.local.chat.meetups,1.0,19,0
digifit.android.virtuagym.pro.shapewithkate,10.4.8,19,0
com.walterCRM,2.2.323,19,0
co.haward.vvvuu,1.4.64.9,19,0
co.bran.heqkq,1.4.64.9,19,0
co.lily.eedbe,1.4.64.9,19,0
com.heftlab.c4b,Varies with device,19,0
com.blitzwolf.shutter,1.8.0,19,0
co.jones.skirm,1.4.64.10,19,0
com.sonos.acr,Varies with device,19,0
com.shohag.amazoncash,1.6,19,0
com.mightybell.amphonors,8.93.3,19,0
jp.helte.android.sail,2.0.6,19,0
com.officerreports.OfficerTourTrackingApp,3.9.7,19,0
com.gallantrealm.modsynth,7.06,19,0
io.cordova.Dajp,1.5.0,19,0
co.marshal.gutpd,1.4.64.9,19,0
com.app.gspro,1.1,19,1
com.companyname.RoomAndHalf,1.0.53,19,0
com.singtel.ipnuc.android,23.8.11.199,19,0
com.trainerize.risultsfitness,7.62.0,19,0
com.uk.elvie,2.6.1,19,0
fr.computerdev.werewolves,1.19.1,19,0
live.lafity.lafity_app.sub.zani,3.15.0,19,0
com.shixiseng.activity,4.29.3,19,0
co.robin.aesfv,1.4.64.9,19,0
com.dvbfinder.dvbfinder,3.6,19,1
io.pushpay.lordoflifelutheranchurch,15.5.0,19,0
com.xmqy.xq,1.0.3,19,0
com.trainerize.baileyfitnessvirtualpt,7.62.0,19,0
com.wBiguglytingEditor_15492298,1.0,19,0
com.ingrails.him_shikhar_english_school,3.8.13,19,0
com.technogym.mywellness.laneshealthclubs,6.4.1,19,1
id.candlekeeper.skinpackml,1.6.6,19,0
com.lego.supermario,2.6.1,19,1
com.cyberxgames.candymaker2x,1.1.114,19,0
com.greatlivesound.livesoundguide,2.1.940,19,0
group.pace.android,1.5.0,19,0
com.safra.safrawallet,4.6.0,19,0
co.sansa.gbcjm,1.4.64.9,19,0
bcmedgro.nitcotek.com,1.0,19,0
com.simontok.browserbukablokir,1.1,19,0
com.learntez.meritmaker,0.0.400,19,0
com.gemu.hot,1.0.6.20230106,19,0
com.hawpar.app,1.0.0,19,0
co.jorah.elble,1.4.64.9,19,0
com.wGDSquare_16338247,1.0.2,19,0
co.white.wznlk,1.4.64.9,19,0
com.jayedwardsauction.bid,2.7.3,19,0
com.clubautomation.bradley.wellness,10.3.0,19,0
com.technomentor.jobsinspain,0.14,19,0
tw.com.letswin.vdartsgame,02.08.00,19,1
com.mycatemma.virtualpet,3.8.1,19,0
com.ScienceDivision.SectionK7,1.1.1,19,0
com.acpl.registersdk_l1,1.0.0,19,0
com.skymavis.genesis,1.8.0,19,0
com.HomeService.co,2.2.1504,19,0
co.edvin.sxiuq,1.4.63.1,19,0
it.ave.aveintercom,1.2.6,19,0
com.midea.ai.toshiba.oversea.inhouse,1.17.0,19,1
com.sense.installer,4.1,19,0
com.ontaap.fundraiser,1.3,19,0
com.thisisglobal.player,64.0.0,19,0
com.wBA2ndyearEconomicsallpaperMCQ_14353142,1.0,19,0
co.white.lqtuj,1.4.64.2,19,0
jp.co.dalia.EN0000324,2.23.0,19,0
com.trainerize.mwfitness,7.49.0,19,0
azurgames.idle.war,0.13.2,19,0
com.trainerize.taiford,7.62.0,19,0
com.trainerize.turnedfitness,7.62.0,19,0
kr.co.openit.bpdiary,4.2.1,19,1
com.poly.crush.sphere.blast.pop.puzzle,3.5.5086,19,0
com.ecom.ident_ex_api_demo,1.0.3,19,1
appinventor.ai_sunilmorya295.Fast_browser,1.1,19,0
com.random.video.chat.call,1.4,19,0
de.zorillasoft.musicfolderplayer.donate,Varies with device,19,1
com.cem.client.htlasermeter,1.0,19,1
com.bizmate.akshaya,18.2.0,19,0
com.samsung.android.spdfnote,Varies with device,19,0
com.game.tap.away.puzzle,,19,0
com.gmail.livefestsp.designerbr,4,19,0
com.montetuning.monte,1.0.4,19,0
club.footballnet.qpr.app,2.0.12,19,0
com.AriseVascular,2.2.908,19,0
com.thirdflix.practically,3.0.2,19,0
com.dg.smartlife,1.0.7,19,1
com.garena.game.codm,1.6.37,19,0
ch.smalltech.battery.free,1.98.20 (Google Play) ,19,0
com.pornography.addiction,5,19,0
com.priyank.mobileqc,1.6,19,1
com.wSukooneDil_12886068,1.0.45,19,0
com.raven.ravenlogistics,2.1.4,19,0
app.elfcam.elfcam,3.1.2,19,0
co.bikecomputer,1.8.4.2,19,1
gmin.app.reservations.hr.free,5.6.166,19,1
fr.thema.wear.watch.destroy,Varies with device,19,1
com.app.facilmu,1.0,19,0
com.ss.a2is.green,6.7.0,19,1
io.echurch.redemptionchurch,11.1.0,19,0
com.sspc,6.2,19,0
dev.vodik7.tvquickactions,3.0.7,19,1
com.trainerize.smcoaching,7.62.0,19,0
com.streamingwebcamguide.app84627673583,2,19,0
com.etopuponline.globe_telecom,1.15,19,0
com.ict.ProtegeMobile,1.0.7,19,1
com.globalsources.globalsources_app,6.1.0(162232),19,0
co.brown.fpxkk,1.4.64.2,19,0
com.aris.launcher.hacker2,6.7.0,19,1
com.salemtypingno.app,6,19,0
com.fs.snoopify,1.1.8,19,0
com.obdautodoctor,Varies with device,19,1
com.nettia,16.5.8,19,0
com.smmservice.printer,1.1,19,1
de.rc_car_online.rc_car_online,6.1,19,0
com.osram.t4tfield,2.2.24,19,0
com.showbaby.arleague.armagicgun,1.2.0,19,0
com.nmquang.SQ_GNSS_SA_Eng,1.2,19,0
com.mobileautoelectron.chrysler.pinpuller,2.2.4,19,1
com.seventrecode.thundersales,2.6.6,19,0
com.trainerize.shermanfamilyfitness,7.62.0,19,0
net.boxhiit.boxhiit,2.2.4,19,0
com.charitydynamics.hemophilia,1.8,19,0
com.swapcard.apps.android.resource,4.57.0-1,19,0
co.jarvis.smca,1.4.67.1,19,0
com.goltratec.partestrabajonube,2.0.2,19,0
com.toga.chat,6.25.1,19,0
co.iron.wmqew,1.4.64.9,19,0
com.RCASMART.MOMENTS,1.0.0,19,1
com.trainerize.phase,7.62.0,19,1
cz.scamera.securitycamera,2.11.0,19,0
ca.awesome.travis.crossrope.crossrope,5.7.1+1,19,0
com.trainerize.appersonaltraining,7.62.0,19,0
com.gocast.HCLV,8.5.0.56,19,0
mobi.infolife.appbackuppro,3.2.5,19,1
com.wb.goog.magiccasterwand,1.5.2,19,1
com.indiaclan.business,1.5.6,19,0
com.adultfriend.hookupfinder.xdate,1.0.2,19,0
co.edvin.ozuqp,1.4.64.9,19,0
com.emberfund.ember,31.46,19,0
com.ore.sherwood,1.0,19,1
com.leermensajes.leerconversacioness,1,19,0
com.sibisoft.willow,1.0.32,19,0
com.trainerize.chronichealthclub,7.62.0,19,0
com.trainerize.bodyxbailey,7.62.0,19,0
com.lw.striplauncher,8.0,19,0
com.imply.implyscansmartreturn,1.0.1,19,1
com.nh.stream,1.0.0,19,0
co.sparkfabric.Fabric,1.3.4,19,0
com.ginlongsolis,3.8.1,19,1
com.dilts_japan.semifull_easy,4.17.00,19,0
com.nll.acr,35.0,19,0
com.zz.cropper,1.0,19,1
com.trogon.definedecodingyou,Varies with device,19,0
com.wena.tone.xr,1.3.6,19,1
com.wnl.twod,1.0.8,19,0
com.takbeer.reemabushama,1,19,0
com.mobeasyapp.app837810617169,3,19,0
ai.aidraw.aidraw,1.0.79,19,0
kiwi.theplatform.android,2.0.2,19,0
pl.kwezal.bluetoothconsole,1.1,19,1
com.ekocustom.dnconnect,11.7.1 - 1571648898 (ea1f415),19,1
com.jameasy.android.jameasy,2.3.3,19,0
com.trainerize.dsfitness,7.62.0,19,0
com.agegap.gaper,4.1.9,19,0
com.appreciationmessage559.app,2,19,0
branded.org.eumundo,2.71022.0,19,0
com.ombiel.campusm.surrey,9.29.0,19,0
com.gvam.palacioMovil,2.1.0,19,0
com.clone.phone.nearby.panther.cloud,2.23,19,1
network.anonym.android,3.24.2,19,0
com.mightybell.assetacademy,8.93.3,19,0
com.appkarma.app,4.0.15,19,0
com.trainerize.thejcfitnesscoachingapp,7.62.0,19,0
ekalavya.io.rrths,1.3,19,0
com.associateapp.app,1.6.2,19,0
com.app.qsodexo,1.0,19,0
com.customer.redtaxi,4.3.4,19,0
com.sadhurtquotes.app831568150376,2,19,0
com.tntkhang.amazfitwatchface.trex,6.8.0,19,0
com.charitydynamics.wwp,1.1,19,0
pl.onet.sympatia,5.0.3642-BUILD-,19,0
com.ihunuo.fyd.rc,1.0.3,19,0
com.microtechmd.cgms.mg,1.0.19,19,0
com.informwellness.app,2.3.06,19,0
pl.gswierczynski.motolog,3.22.8,19,0
com.ruotogames.pocketcrafteridle,1.0.405,19,0
co.lynde.qbigb,1.4.67.1,19,0
com.alpha_tutorials.com,1.0.1,19,0
com.exhaust.autojaw.exhaust,4.8,19,1
com.trainerize.stephaniesmithfitness,7.22.0,19,0
co.jorah.ccwcy,1.4.64.9,19,0
co.april2019.repi,1.4.67.1,19,0
com.fennel.ledcontrol,1.0,19,1
org.cloudchat.messengernew,2.27.0,19,0
com.aquatic.av,1.1.5,19,1
appplus.mobi.lockdownpro,1.2.3-2020,19,1
co.jarvis.ji,1.4.67.1,19,0
co.haward.cgprb,1.4.64.9,19,0
hkgo.mall,1.6.0,19,0
com.congresscare.congrescare,2.6,19,0
com.voipgroup.mobileextension.android,2.0.10,19,0
com.innovatise.wvactive,5.106,19,0
co.stan.ptbaq,1.4.64.9,19,0
com.kanawa.fourinarow,1.6.1,19,1
com.mobeasyapp.app627193581377,1,19,0
co.stan.hwojx,1.4.64.9,19,0
com.trainerize.hydrogenfitness,7.62.0,19,1
app.com.Kratos,1.0.9,19,1
com.barnabasmediaapp.guide.GuideforDBZKak,1.0,19,0
com.ottawa.android.app881,7.3.101-prod,19,0
com.live.poco,1.2.0,19,0
co.lynde.dnhqk,1.4.67.2,19,0
com.bgepathshala.in,1.0.4,19,0
com.apptive.android.apps.binnys,7.2.3,19,0
com.studiokajeart.rlcraftmodpack,2.5,19,0
co.kevin.lshog,1.4.64.9,19,0
nl.omroepzeeland.android,10.4,19,0
com.itc.arise,1.0,19,0
com.sebit.vitamin,1.1.4,19,0
floorprotector.easyloggerjs,4.3.6,19,0
us.zoom.zrc,5.13.5,19,0
ru.andr7e.deviceinfohw,5.10.0,19,1
com.ubnt.easyunifi,4.6.2,19,1
com.trainerize.ironandfig,7.62.0,19,0
com.appvillis.esim,3.3.2,19,0
com.iccgame.silkroadonline.Androidsea,5.1.17878,19,0
com.jjdivasfashion,1.1,19,0
com.poket.merchant,2.0.17,19,0
com.everythingaboutseo.naoossy,6,19,0
me.dreamsky.leagueofstickman2,1.2.7,19,0
com.fortis.yungo,2.2.3,19,0
com.parallel.parallelapp.aumbb,3.0.1,19,0
com.home.entertainment.gossip,2.16.10-enter,19,0
com.ingrails.aarungkhola_secondary_school,3.8.3,19,0
com.garena.game.hdltw,1.46.92.2141,19,0
com.trainerize.katiestauffertraining,7.62.0,19,0
com.adobe.aem.screens.player,42.0.532,19,0
com.mobiletopup.mr,0.35.0004,19,0
com.hltcorp.canadiannclex,6.29.5586,19,0
com.evd.retailersweden,1.1.0,19,0
com.parthhosting.kaushal.jmpatel,1.1,19,0
co.sansa.vidyae,1.4.67.1,19,0
com.grmobilepro.lagutarlingitadkhits,4.0,19,0
com.woehler.fa4xxfan,1.2,19,1
com.twofortyfouram.locale.x,,19,1
com.pollis.zqirs,2.3.2,19,1
com.trainerize.marcuscarterfitness,7.33.0,19,0
co.lily.hwsir,1.4.64.9,19,0
co.bran.pjcom,1.4.67.1,19,0
com.dip.baitoru,9.6.0,19,0
au.com.revheadz.revheadz,1.28,19,1
com.bipr.treadmill.speedtransmitter,3.1,19,1
com.beenalone,1.4.9,19,0
com.CylinderStudios.BrokeProtocol,1.35,19,0
co.groot.aewgl,1.4.64.9,19,0
com.woki.dt,5.0,19,1
com.netwintec.MuseoDelleTorture,31.0,19,1
com.sibisoft.ccreakta,1.0.33,19,0
com.coreapps.android.followme.icassp2017,10.2.4.5,19,0
aws.apps.networkInfoIi,0.7.1,19,1
pl.pw.btool.lite,3.5.13-L,19,1
com.madnessautoworks.pedalbox,1.5.21,19,1
com.brotecs.phoring,1.3.10,19,0
com.shunhingservice.shunhing,1.0_1211,19,0
co.bran.brigc,1.4.67.1,19,0
com.dk.hello_cb,1.1.78,19,0
com.iw.rijhwaaniassociates,1.0.9,19,5
com.icold.fridge.controller,1.0.2,19,1
com.trainerize.anapt,7.62.0,19,0
com.sonarworks.soundid.mobile,4.4.18,19,0
kr.co.hpoint.hdgm,3.0.6,19,0
com.trainerize.rcafitness,7.62.0,19,0
com.communique.bip.preserve_at_carteret,v2.8.2,19,0
com.house.of.blackjack21.free.online.casino,1.7.35,19,0
online.video.hd.videoplayer,2.8.6,19,0
com.kingsgray.rhedu,2.5,19,0
br.com.Inter.CDPro,11.4.1,19,1
com.ligo.akbcapture,1.2.4,19,0
ie.ballerina,2.61089.0,19,0
com.emdat.android.apps.insync,3.4.0,19,0
com.kns.mallframe.emaar,6.1.9,19,0
com.latestcelebrity.selfiewithkimchunghaioi,1.0.112,19,0
com.governmentofjersey.jerseycovidalert,1.0.9,19,0
com.trainerize.figuredoutfitness,7.62.0,19,0
co.jones.tceqq,1.4.64.2,19,0
com.wemade.mir4global,0.355999,19,0
nh.smart.nhallonepay,3.3.7,19,0
com.duiud.bobo,2.37.2,19,0
com.vet2pet.westromeanimalclinic100133547,300000.2.39,19,0
com.mmsub.movies,5.0.0,19,0
com.visitwidget.margatenj,2.6.44,19,0
com.global.live,3.46.1,19,0
com.wToothIdentification_15601867,1.0.26,19,0
com.akineticstudio.superheroes.wallpapers.ultrahd,2.0,19,0
co.lenord.bnoyu,1.4.64.9,19,0
com.autocab.taxibooker.bettys.blackburn,34.0.18.9421,19,0
com.trainerize.starranchfitness,7.62.0,19,1
com.technogym.mywellness.functionwell,6.5.12,19,1
com.vet2pet.hwy5animalhosp100177866,300000.2.99,19,0
com.nomadplay.app,5.2.0,19,0
de.midcom.android.serviceanwendung,6.6,19,1
com.medplus.mobile.android,5.0.25,19,0
com.bisratradio,4.6.2,19,0
co.jack.eebtc,1.4.64.9,19,0
com.express.android.minerva.androidtv,1.88.00,19,0
com.jlstudio.battlecocks,1.0.0,19,0
kr.co.cas.healthcare_bodyfat,1.1.7,19,0
com.vivo.easyshare,5.9.11.4_Lite,19,1
com.st.STBlueDFU,1.0.10,19,1
com.trainerize.mauipowerhouse,7.37.0,19,1
com.app.avsave,1.0,19,0
com.northofyou.arsenal2,2.0.33,19,1
com.hindiurduapps.duroodosalam19hindi,1.1.0,19,0
io.pushpay.verticalchurch,13.1.0,19,0
com.araaealdezsq.appxcz,2,19,0
co.groot.gofac,1.4.64.9,19,0
uk.co.audiotrails.stmagnusway,1.4.0,19,1
com.mspe.mingdiDisenosSl.LaTiendaDeAlexMadrid,2.22.7,19,0
onair.bluetooth.livemic.bluetooth.speaker,2.3,19,1
org.voipdobrasil,5.0,19,0
com.soundoasis.natProV2,2.0,19,0
com.somahealth.somapulse,1.0.2,19,0
com.trainerize.boc,7.62.0,19,0
com.gmail.puricarecallcenter.goingnuts,5,19,0
com.protein.android,1.0.12,19,0
com.servitiumcrm.customer.hindware,2.00.02,19,0
de.silentservices.presence_prototype,1.0,19,1
com.moonoi.mgep,1.8,19,0
com.asmrshaving.itihad,3,19,0
com.altumview.app,2.9.07,19,0
com.livewallpaper.khicomro.beach.background,1.1,19,0
com.videochat.olive,2.0.1,19,0
com.dcradio.whurhd4,11.15.10,19,0
com.trainerize.renewphysique,7.62.0,19,0
com.zenoti.renewal,19.10.3,19,0
com.zimong.eduCare.saintsoldier,2.1,19,0
com.wifiaudio.omnia,3.1.11.220928,19,1
one.waxbaby.app,1.3.1,19,0
com.trainerize.ssfit,7.62.0,19,0
com.wThebigcannabisstrainslist_9582190,1.0.19,19,0
co.penny.fsqtw,1.4.64.9,19,0
com.librarycollect.matematikasma.kelas11.trikmatematika,3.5,19,0
com.mobeasyapp.app657036763039,2,19,0
com.academycamp.app.phyhb,1.0,19,0
com.topface.kisskiss,5.0.02402,19,0
com.fitivity.krav_maga_moves,8.2.1,19,0
com.quran.tmsheikhabubakralshatri,0.13,19,0
com.wildandgorgeoustransfers,1.2,19,0
hiddencamdetector.futureapps.com.hiddencamdetector,17.0,19,0
jp.co.jorudan.nrkj,Varies with device,19,0
co.shield.ommvu,1.4.67.2,19,0
com.uc.uclearning,3.9.0,19,0
info.newsapps.ireland,3.3.0,19,0
com.carpart.r9204,2.13.000,19,0
com.nano.distribution,6.6.0,19,0
com.midlandeurope.btsetapppro,1.1.2,19,1
clean.connection,1.0,19,1
com.iandrobot.andromouse.lite,8.0,19,1
com.trainerize.nicholasngpersonaltraining,7.62.0,19,0
com.lvc.roomchat.livecall.videocall.randomcall.girlvideocall,1.7,19,0
co.bolton.azneh,1.4.64.9,19,0
org.covenantchristianwv.covenantchristianmorgantownwv,,19,0
com.igasystem.iga,1.5.5,19,0
com.trainerize.lsfitness,7.62.0,19,0
com.SpektraGames.ParkingMasterMultiplayer2,1.4.5,19,0
one.silktech.silk,1.1.8,19,0
com.geotab.mygeotab,6.1.2,19,0
com.gravity.ro.and,1.8.6,19,0
com.fatikngage.multimedia,1,19,1
fr.thema.wear.watch.cadmium,Varies with device,19,1
com.vance.cwartist.cwsimulation,1.0,19,1
com.askiitians.android.app,1.0.55,19,0
co.varys.smsk,1.4.67.2,19,0
com.awabsdk.kxhc.gp,1.8.14,19,0
com.gadihminang.anoel,4.0.0,19,0
com.deepspace.zzmjvn,1.0.0,19,0
co.sheldon.yhqkr,1.4.67.1,19,0
com.mizuvoip.mizudroid.app,3.7.4,19,0
com.revesoft.mobiledialer.halal_bd_1671099091708_5050,4.3.0,19,0
com.supercenturion.mywealthprotector,2.8.0,19,0
uk.co.inventore.smartstores_beta,5.5.1,19,0
com.coachcare.ndhwmhj,2.49.640,19,0
com.mwm.flow,,19,0
ca.montreal.eplv,2.2.6,19,1
mycc.cic.bupaconnect,1.7,19,0
com.mixplorer.silver,6.58.8-Silver,19,0
com.garmin.android.apps.gecko,4.21.11 (2023-01-11 16:55:02),19,1
edu.udayton.porchesmobile,5.4.041,19,0
com.smartproject2,2,19,0
com.st.STDrone,1.0.1,19,1
org.mit.milink.hr,1.9,19,0
com.feralinteractive.medieval2_android,1.4RC10,19,0
co.haward.utpqb,1.4.64.9,19,0
com.trainerize.solefitness,7.62.0,19,0
mynfc.app.mhz,1.11,19,0
com.churchpad.rccglspa,6.2.27,19,0
co.sansa.bmrak,1.4.64.9,19,0
com.mobeasyapp.app694467767035,3,19,0
com.righthear,4.2.1,19,1
com.pianotori.jdpantojapiano,4.0,19,0
com.lego.education.wedo,1.10.167,19,1
com.arfatechinc.hdmaxvideoplayer,1.1,19,0
fr.lmde.app.android,2.0,19,0
photo.to.video.music.slideshow,1.7.0,19,0
com.game.android.xpoker,1.10.2,19,0
com.trainerize.caseyhennessyfitness,7.62.0,19,0
com.trainerize.louisecornishfitness,7.62.0,19,0
com.nepting.allposapp.neo,1.0.0,19,0
com.coprophemia.connect,1.1.6.13,19,0
com.oplayer.avonsmart,2.1.10,19,0
com.game.good.memory,1.70,19,1
com.manridy.iband_new,1.14.3,19,1
com.trainerize.heathereisenbergfitness,7.62.0,19,0
com.trainerize.armoredheat,7.62.0,19,0
com.ezDelivery.merchant,1.0.2,19,0
ai.inlight.vibe.phone,1.4.2.e4fc928ca,19,0
com.abb.raevents,1.53001.4,19,0
com.ims.brickyard,14.8,19,0
co.thanos.hvbso,1.4.67.2,19,0
com.hekahealth.walkingchallenge.app,8.3.0,19,1
com.casualino.bgbelot,4.8.6.244,19,0
com.screenlock.tool,22.11.262,19,1
com.otiholding.odzilla,2.5.4.TS,19,0
com.mobeasyapp.app887633583556,1,19,0
com.phywe.firmwareupdater,1.3,19,1
org.rferl.en,5.7.1.1,19,0
com.sozap.badmen,2.8.3,19,0
com.clarus.egypt2,0.1.56,19,0
com.sector.s.one,1.6.9.5,19,0
fi.steakwallet.app,3.0.34,19,0
com.trainerize.nccoaching,7.62.0,19,0
com.nextwavesimplify,5.3.8,19,0
co.amy.hoomv,1.4.64.9,19,0
mere.ram.jodelivery,0.0.5,19,0
com.cash.chat,1.0.3,19,0
co.classplus.sn,1.4.67.1,19,0
com.worldradiofmmusic.fijiradioonlinefmam,0.3,19,0
com.fusionsport.hpf.athleteapp.nba,1.32.0,19,0
com.enstrapp.itekpro.rn,1.1,19,0
com.nineteenlabs.gale,r.1.16.3.prd,19,0
co.sansa.dmflt,1.4.64.9,19,0
com.tiqiaa.remote,4.9.0,19,1
co.sheldon.tizeg,1.4.64.9,19,0
com.ac.remote.aire.acondicionado.mando.universal,1.7,19,0
com.rogers.unisonsaas,3.9.20.503,19,0
com.lemix.royaldefense.global.an,0.24.7,19,0
com.micare.app,Varies with device,19,0
com.chancelife.twc,1.0.0,19,0
com.edusunsoft.erp.imperial,4.0,19,0
com.wandersafe.wandersafe,1.4.23,19,0
com.taskbdb.oilanebdj,1.0,19,0
com.proxgrind.chameleon,2020-10-29_1155,19,0
com.app.dailyyogiapp,1.0,19,0
co.khal.izifg,1.4.64.9,19,0
com.xerintel.xerintel231,0.0.390,19,0
fast.cleaner.batterysaver.tuneuppro,1.0.9,19,0
com.explot.gouda,1.8.9,19,0
free.mediaplayer.hd.video.player,2.5.3,19,0
gr.eworx.rendev.uv.hyperion,,19,0
com.trainerize.sammigregoryfitness,7.62.0,19,0
com.charitydynamics.pfrevolution,1.1,19,0
co.whitebox.cgwizard,2.02,19,0
co.april2019.td,1.4.67.1,19,0
com.mobeasyapp.app33555482166,1,19,0
co.sheldon.dtrtq,1.4.64.9,19,0
co.nick.pilev,1.4.67.2,19,0
com.btremoteguide.app84627371549,1,19,1
com.trainerize.summerbernardcoaching,7.62.0,19,0
co.hodor.lznyt,1.4.64.9,19,0
com.angopapo.teego,1.2.0,19,0
com.weelo.sales,0.0.53,19,0
com.app.ohmessages,1.0.11,19,0
co.bran.qntps,1.4.64.9,19,0
com.blancozone.dlssr.gp,2.7.1,19,0
com.acute.track,1.1.5,19,0
co.alexis.Prsc,1.4.67.1,19,0
at.helloagain.legerounited,1.10.0,19,0
com.toncentsoft.pelvifine,2.1.9.20201110,19,0
com.attensi.attensipicker,2022.10.0,19,0
com.mlp.mobiledigital,8.6.3,19,0
com.trainerize.nadiarosenp,7.62.0,19,0
co.alicia.ozjky,1.4.64.9,19,0
com.quickmobile.brightspotevents,1.2,19,0
wilo.droid,4.14.85,19,1
com.mynew.unlog,17.2.0,19,0
ca.willowstyle,1.1,19,0
co.barney.xuawx,1.4.64.9,19,0
co.sansa.numle,1.4.64.9,19,0
co.kevin.cwcpy,1.4.64.9,19,0
com.hamropatro,9.2.9,19,0
co.shield.aisoe,1.4.67.2,19,0
net.fcps.claysmill,,19,0
se.mittmedia.emaginapp.moratidning.MoraTidningetidning,10.0.2,19,0
au.com.entegy.brisbane,1.0.2,19,0
co.alexis.lmapy,1.4.64.9,19,0
co.robin.vjtfe,1.4.64.9,19,0
com.sharawy.reflections,2.3.3,19,0
oasys.ta.h2a,2.0.15,19,0
com.capiratech.miltoncan,1.0.17,19,0
smart.cleaner.clean.master.booster.free,1.0.18,19,1
com.gtriip.android.st,1.0.24(36),19,1
com.scorpion.Memory,1.4.2017,19,0
com.yango.driver,10.24,19,0
com.goldenmedia.wutang,14.700,19,0
com.stratospheregames.nimbusgbx,1.2.0,19,0
com.cleanobjects.protectspeed.boost.android,2.4.6,19,0
co.iron.akqdy,1.4.67.2,19,0
br.com.sysmo.b2c.casagarcia,1.00.45.000,19,0
com.lego.boost.boost,1.9.8,19,1
com.comeonnow.patient.app,1.1.2,19,0
com.trainerize.courtneyculturefitness,7.49.0,19,1
com.minderapps.minder,4.11.2,19,0
com.qhms.eportal.clinicone,2.0.0.0.85,19,0
co.bolton.inerv,1.4.64.9,19,0
com.ev.live,2.54.0,19,0
com.talkhome,5.0.7,19,0
nz.govt.health.covidtracer,7.0.0,19,1
com.tru.connect,2.5.87,19,0
com.amadeus.merci.client.ui,22.42.0,19,0
com.privatesmsbox.calc,4.1.80,19,0
com.blackboard.android.central.FSU,6.5,19,0
com.chumslive.android,903.7.3,19,0
co.edvin.ivtux,1.4.67.1,19,0
com.gensuite.onthego,5.67,19,1
tw.com.globalsat.nt20,1.0,19,1
tso.mobile.cityofmiamitrolley,1.0.6.10,19,0
com.trainerize.ashlealynncoaching,7.62.0,19,0
se.mittmedia.emaginapp.falukuriren.FaluKurirenetidning,10.0.2,19,0
com.pspace.vandroid,1.3.1,19,1
brain.blow.quest,2.0.8,19,0
branded.com.heritagelakes,2.71022.0,19,0
co.bran.hrwzd,1.4.64.9,19,0
com.teamviewer.teamviewer.market.mobile,15.38.18,19,1
com.xieyi.emotionpro.eqapp,1.1.5,19,1
branded.net.iawellbeing,2.71022.0,19,0
com.silveractivities.onyphone,1.2.5,19,1
org.lafayetteband.lafayetteband,,19,0
co.lily.woccz,1.4.64.9,19,0
com.slsdating.sls,1.0.8,19,0
com.rulebook2022.app115347160826,5,19,0
co.thanos.xmdmq,1.4.67.2,19,0
com.auctionmobility.auctions.bunchauctions,1.2,19,0
com.skf.shaftalignment,1.11.0,19,1
strange.watch.utility.cola,Varies with device,19,1
com.happy2print.premium,13.5.4,19,1
fit.sudor.bppilates,1.0.1,19,0
com.wRtmusicplayer_9051252,7.0,19,0
com.NewAppUpdate.SoftwareUpdate,26.0,19,0
com.xero.touch,3.130.0 - Release,19,0
com.quadren.arc,PBv1.1.4,19,1
com.carel.applica,1.9.2126,19,1
com.fossil.wearables.fossil,5.1.2,19,1
gov.ca.covid19.exposurenotifications,minted1400015,19,1
com.philips.platform.lumea,7.1.0,19,0
com.trainerize.jessicaburkecoaching,7.62.0,19,0
sa.site.SITEBEAM,1.0.11,19,0
com.mrsafe.smart,1.0.1,19,1
com.softtech450.skmeeting,2.8,19,0
com.redcircle.yahlla,1.4.6,19,0
com.head.watches,1.1.9,19,0
com.Tobit.android.Slitte6775724921,6.631,19,0
com.nut.blehunter.findthing,3.12.81,19,0
com.tacitinnovations.volante,2.0.8,19,0
com.hltcorp.lippimmunology,6.29.5586,19,0
co.arya.nzpni,1.4.64.9,19,0
com.came.camebleapp,1.5.5,19,1
co.jack.qslrr,1.4.64.9,19,0
com.gyokovsolutions.gnettrackproplus,27.7,19,1
diet.mydiabetes,1.36.0,19,0
org.diocesealex.stmaryassumption,,19,0
com.habitap.psa.visitor,2.0.10,19,0
com.trainerize.mytrainingpartners,7.62.1,19,1
com.abdallhqnaterr.app,5,19,0
digifit.android.virtuagym.pro.afpplus,10.4.8,19,0
com.audioappradio.tebuscaradio,2.12.01,19,0
com.appburst.iCamViewer,3.1.0,19,1
com.strict.mkenin.agf.cardgames2,16.7,19,1
com.digipay.mfast,2.5.7,19,0
com.aptos.WebIM_Android,1.1.2,19,1
us.sol.LincolnCityLibraries,2022.1.6,19,0
com.customer.ecab,1.30,19,0
com.trainerize.lcfitnesstraining,7.62.0,19,0
com.ecaret.sancarlo,0.3.0,19,0
co.amy.zjplq,1.4.64.9,19,0
com.siemens.winccoaui,3.19.0,19,0
co.april2019.gdk,1.4.67.1,19,0
ir.divar,11.7.2,19,0
com.instantencore.ticketomaha_5168553,11.00.00,19,0
